35872834
35727277
32197461
32416184
32495291
33861506
26081235
35519378
33893983
32560563
35429019
32672623
33475446
35387688
34758160
36382526
33676015
32256151
31438751
34764581
35503187
35408295
32617292
35499509
35178551
34882151
31932022
30722762
32876053
33855801
34926555
34336395
33799106
35061883
29178811
33225264
35792963
32101287
35866936
32359129
35660644
36025031
36098832
33615283
32376951
32284161
34712962
31948013
38388059
32510751
32567040
34218302
33117454
33801937
33695695
34102961
33035333
34915700
30768306
32456846
32120647
35331571
32096239
31891210
31988653
30241919
33775719
32120132
32447110
33199831
33555875
30558334
36946834
36761445
33839908
36178005
33708057
33168450
31722851
33148761
34706937
33753153
33319874
37121534
37827497
34442541
37813756
36525089
29807032
35891297
32144693
32279927
38600309
28983602
33640395
33399217
36488453
35264033
33680674
33275111
35790676
36123575
34126187
34406863
35429112
34199788
34349362
37373592
34789861
33609455
30995734
33574432
33493419
35193773
36069833
32372044
31650930
34790686
34173642
33118171
34671128
34325507
33746520
31406004
31649515
34582748
34423555
34584513
37379818
36002879
33707728
32138915
34320906
32782451
27925903
35621542
34900985
33692262
35038340
33235895
32339861
35595215
34486344
37558144
35360320
32499862
32592206
34623743
33547311
34175893
31469959
36534853
37168543
35483503
34290495
34409455
32877663
31583334
33784951
35362049
36581453
34665301
29975547
33276921
34974446
31541196
34221530
33786669
37530991
32683283
35072951
33636570
33093534
31332614
33886296
34011672
36628929
30956188
32065120
35064628
33540412
34118393
31333878
33097324
32081103
35659088
31353863
33216259
33092590
33161291
32692828
32260340
33856653
31079861
34216069
35839561
32801820
32807393
35983649
32786972
36814880
37011236
35310833
37324203
34988594
34515909
35662336
32813898
34533418
35073645
33271623
35385611
36876714
33755541
37645598
38309183
29023264
33804531
31916330
35277876
38513217
28532589
34504023
35897692
35482519
34341913
33609958
31609477
35688150
35300117
34681437
37015437
34029030
36337917
36880134
33587485
35603563
32622166
33181627
33801221
34494395
35408986
37216487
32219812
31130378
34697363
33900095
33684415
34888776
33113180
35068688
33729690
32124897
34753916
34166565
35034722
36052193
34602082
33759055
32880435
32643935
33846334
28149453
35468788
34328749
32952110
34434433
34386412
33475316
36196070
35706933
36638435
34569412
33053977
31868950
38289209
33456598
35425741
31989026
34917124
37582160
36080288
32891387
32834756
35046722
31053751
34790301
33561450
34360597
33425365
29612676
33489574
34588511
32869050
34174099
32272448
34920431
35515253
35675534
33156239
32277177
33837215
35743688
33115293
38156722
32021912
32005823
37141471
34091654
35529707
33718403
35358626
33389859
36918428
32037370
34146069
33923950
36291078
32589795
32843280
32759911
31230690
33603592
34691835
33424949
33448395
35928761
33917770
37444202
37465715
33377403
36355771
35360070
34045838
34704535
31292873
33620235
34980588
33168342
37293219
37899655
35003462
37003248
39123423
30077336
35030234
32386280
32311960
39385572
30391190
34498113
34895800
35960147
35580293
36083861
33440774
35434252
34746030
35015247
37246816
35101032
35749987
35909403
35455013
36136909
33820061
33511319
33698713
34245753
34483863
36858107
32025789
32857845
35401504
34676237
35218254
34619653
34620125
34249312
34123430
32931737
35172352
34972248
35566862
39912101
39855605
34474015
34422834
36265297
35628853
31821494
38560004
37041656
37078842
37379612
36981260
35011955
37309851
38651314
39283951
35821250
36400986
32271778
38262824
35186172
37908850
33796293
36764645
40517080
35132954
35355405
35367193
33887669
33475200
37042611
37432355
38881161
37916819
30986789
35320052
39985279
34085215
36971857
35782231
35915554
38279758
39284741
36542585
37633486
32108657
37579849
34045584
41211522
34739818
33675605
36882540
36917523
36094748
36208709
36666426
36698835
38179215
35412982
35670543
36358586
36562822
35831019
36703923
35514870
31775070
34546705
36616863
36320805
36004556
36727966
35511266
37582872
40043124
37572062
39731790
38666561
36599747
36017961
34720105
36149637
38670372
36050031
38594944
39322300
38168565
38092922
38647094
31356926
36856804
33651789
36506620
40263301
32246102
37382096
36038858
37562270
38583185
37281827
37003202
37542605
37389772
36763400
39151588
36559800
36220422
39994651
36507920
38044413
34928811
35031374
36505420
35474670
36598736
40241233
33171030
32723893
38158840
36801707
36051940
37406294
35487952
36435076
36311888
33621781
37366550
37933690
37509907
35482100
35260913
33657262
33163175
31734210
31911207
28609061
33905668
33079272
33434191
33385337
32253566
32556224
32817775
35265613
36873116
32386493
32649338
31160827
35434509
34782307
33597171
30237420
34870254
37204285
33079702
32280769
32632531
32868673
30897666
32695205
34141579
34364545
32358272
30444120
32587992
34214503
31160661
33854379
31660312
34083783
35682047
32751298
33846020
32017831
31305408
33869892
30431372
35928294
31804070
32996345
34918314
34041256
32339483
33018307
33131004
31250264
35747225
30310492
32422544
32980197
33078033
32637415
31189491
31982111
29658526
32807338
33476463
31555121
32023450
34269265
34577260
35580468
35850320
31174596
34983986
32985327
34071612
32054811
32082596
33020542
33324693
34146748
36027563
35274029
35183950
37175512
36170053
29226128
32757076
30776600
32903317
37244540
28976566
34160382
32761641
33724899
32520631
34267280
33639926
32171468
32935803
33439198
35244168
36193957
34837234
36776351
33474560
34318332
33839470
32151129
32136674
32888176
33182806
35771836
32711046
31409364
35113790
31561959
33164493
33473788
34637152
33341942
32413874
32362805
33260009
33533762
34331776
31971909
30846835
28273952
28596318
29631207
28696788
25910967
32569880
29708512
29692829
31855621
28752675
29106512
32462792
31182891
31391288
31042540
27559424
28435172
31397522
31260591
31506541
26685882
29708907
32900447
29237307
29511845
29886617
30052690
27383333
31729520
31517877
31052836
30293561
26497186
29616221
31471823
27211647
31364505
28848761
32564290
30822792
31573141
29850148
29507173
29478092
30258686
28556318
33774797
28843045
27768501
32001644
29324569
30116473
26891035
30719964
30426364
30988906
28952379
29265040
29483704
31979625
28375483
28210192
30790505
27489285
30578058
29870814
31084075
30560032
32735043
26928268
33442027
32180024
30914044
34068197
29169303
30819327
30853110
29004769
31302865
31456573
28796847
31747233
32958791
30738690
32123641
33194688
27470952
29766800
27290659
28138226
33861756
26068952
31917308
30448134
32519353
30846065
29579378
27332356
30457880
30731442
31208300
32828101
29162292
31149699
31983072
31316093
30888029
30581693
27834935
30082343
29023608
29597252
34173059
26222741
27536038
30667834
29402826
29979936
29679912
29679510
31297157
30440618
29473579
32240718
31123497
28642462
33953211
34311073
31438715
31679067
32327076
31891311
28677042
35177353
32500674
31577480
34599207
33281482
33899819
33693933
34904123
35912715
33527444
30220339
31200243
35886425
33179555
34756954
31926614
35338840
36849266
34037426
32691649
32316559
31068349
32315261
33962511
32516933
34602160
32485835
28873060
32394169
34768891
31176212
34463819
32168795
32954219
34178613
33811844
34252313
32260407
30130827
34099431
30477671
36989043
32712739
33115333
34429287
34619594
35042095
33179310
35092435
30364597
35442440
30275817
33400410
32183701
33696560
31509413
31769261
34218170
30219154
32224497
33988432
33334653
32142460
35433113
32944082
36106735
36983956
32705395
36178115
31796419
33564664
33078772
31715286
33029887
34238696
33792345
35487749
37644996
34152767
37343773
36181054
28622531
31344412
30914685
32425314
37116013
28961212
32739575
33218512
34344726
32550726
32968261
33006461
34400255
32369002
35231446
34921095
34522034
35289810
36903951
33593379
35482405
32769168
31596579
32937207
32528169
32421342
37140273
31227981
30572282
33555812
33071910
33159137
34284719
34539302
33167450
33762580
32949154
31725201
33709027
33354761
35807248
34120205
31834652
32084012
33067697
30091947
27585493
34827773
32853521
32405789
34061343
31576848
32838447
33498384
34437193
36391633
35349442
32051414
30374177
35028498
34181302
32917552
30207936
32968302
36861554
33842948
32195085
32320825
32464599
30955862
33875583
35528774
34279108
33361788
28633509
30815297
35122205
29655432
34228933
31638480
34233343
33145699
35050554
32308986
34354241
33056421
33369630
32325379
37732121
32869871
29111948
36517315
32897299
32192924
32189942
32990080
32121725
35047210
29947936
32361357
33923928
33396917
31235902
31816636
34678769
29764047
32390715
35154767
32446473
33814526
34118590
32636659
37149257
34828210
33948764
37408251
33395332
33115759
34320577
30546423
33727838
32817442
34553113
34804335
35105753
35015421
35330879
35888282
29424247
33331187
30804502
32094847
37077691
28491278
31584808
32791395
33905662
33821087
31177915
30981044
33299723
34238678
35011742
33928889
34803387
33353871
32768102
34973481
35269441
31652307
31078325
33644820
31665595
32701427
36352067
31056810
30492987
33727542
32991861
34346237
33372558
34478235
32726944
33816085
31021320
32783814
36170996
33264554
30416845
31869997
31035022
28236389
30180613
28270638
27243498
33171362
31508415
30824052
31658223
30541960
29869314
32326817
33658675
32193426
31072332
29619872
29966415
31877909
30978084
30941054
28510999
30929396
32899909
29701263
30310393
30133395
29290023
28419945
31440815
31031769
30140155
31231593
25995423
29804364
32339171
28540370
33088336
29014733
32985932
32014176
33950752
29805064
29914007
28929295
30671190
31434979
33099126
30054759
29277090
30599566
29886943
29700543
29374215
31315910
31048300
32079579
28650481
30236458
30371758
30731515
29599308
29218897
29866747
27960484
29804943
31646936
30186964
28789776
32758178
29708580
34633553
33990654
30834789
33200945
31329168
30720572
30663098
30192342
32748263
31577069
28491730
32384584
32369218
30296389
32791767
33185345
27452009
30415563
29729720
29426518
32956716
26483931
30405215
30295683
33446459
31881545
29738521
29896519
32740795
31530839
31018321
31879660
30273514
31918364
33555254
30488636
32752812
30076465
29225947
30714682
30345302
31181289
35529184
28637089
29320732
31483890
29117775
30385829
31728355
30455457
29387085
29937329
27839187
30712601
31929924
31197187
34683005
33430238
31280375
30199887
32392492
30808974
29044712
34603971
31682278
30649337
31987599
33188365
32695682
31878266
32488576
35265960
30993400
32037694
29038085
32884255
32361128
33230408
28971964
34194094
36043017
33034888
30549557
31102888
29184148
28281053
31607065
31551122
33388488
34106506
26991459
31007080
34379605
30315519
32839298
31547751
33240581
33490742
33931249
31472352
33194969
31344039
32477331
28604563
36754523
29636045
29582909
33202350
31498282
32675401
30072836
32928623
31409869
34354344
31626821
31294797
30974321
31119775
31591949
29387133
32420328
29279834
31294163
33180244
32597900
30630066
33194482
30929425
35262221
35895441
33936598
34596292
32006539
32573153
32046550
33041715
32362829
33476469
32134711
34482640
35970844
34780118
34397118
34532620
28529315
33981060
31879883
32217195
35787165
28858699
33810523
32956367
33511945
32387375
32034412
30834256
32938231
31233607
34402873
34147843
32794590
33786574
33357546
32303056
33255050
32240038
29872272
32942653
31919152
32968724
34943356
30009031
31395319
34134277
32651153
32906955
32574929
30441150
32310250
32786980
32254944
32843637
32544944
33772285
31604335
32065450
30645736
27431064
30621655
29062939
25739170
31626186
29607637
31331891
30565196
30544000
29626084
30828775
32257441
33737162
30193838
28570274
27092203
30568549
31108012
32404332
25581993
31405124
35704578
29917759
27538841
29690343
29685284
27265519
30069251
30326145
31114097
31845231
27238071
29745331
32938743
26340927
30298055
28714663
32109884
32053868
31036653
30281872
28295843
28136158
30511737
27760367
34219219
28228928
26790955
30988428
30793014
31215082
29341643
30271800
28440418
32700755
27543207
28457802
29827426
32041058
29602953
29752052
30652150
26802140
29729340
30482117
30073088
29206734
31054925
29318409
32575634
33176838
32351344
32727576
28924373
28426339
30874509
27773795
32231881
31738375
29927150
29927070
35125896
32446694
31897295
32287058
27252500
31301220
28452484
30156141
32588295
26297385
28799425
30125929
30122788
31563771
32469902
28568613
30775637
31567818
30636060
34372299
32589974
29950730
30689799
31067571
31720957
28898883
29311257
30432912
29363014
29084050
32627841
27570772
28547711
31716511
31553987
30972913
31398315
29289438
29518676
30446380
30689034
28778229
30603246
31278950
35845348
36629491
35143914
34422029
34364181
35422616
29745801
36593185
36782236
35254342
35934687
35887737
36461444
36798259
37276946
37704639
35011576
34624343
32947334
37153239
35789082
35690017
31494654
36375213
39157595
36113001
35733467
36044098
33901501
33015896
35746560
37072817
36177976
36982556
30665798
33244911
37185131
31293179
37049263
32155797
38123106
36872319
38336635
33643225
34799459
35118679
37923005
33560768
38706536
33754767
31989294
36528681
36509809
36727413
33156096
37567872
31932411
37283471
34415617
37786194
35216674
36496186
33660587
33367235
36487474
31413050
35039378
34959875
34832913
32810598
37142315
34946324
39338678
38647521
35820330
39378905
35620129
35552297
35085102
35094261
34516860
36372928
35429154
37535381
39782106
35543358
39482687
39427446
30551668
35594155
34523984
35011439
38364316
31591607
35794266
36814793
36938526
35971008
37194593
34426976
36334429
34998638
38360611
38907725
35927903
35985800
35387806
36994023
37037464
32798460
33447356
34579377
35031128
34725210
39113203
32402377
32288942
35838097
36232422
35175574
35492097
33614745
36785780
35624730
34836834
35893066
36726728
36399021
33965694
32781855
32295188
30606796
31951308
33491721
26629008
32219595
30983635
33771848
33028791
32696128
31771046
33540083
33267564
34109901
32219777
30782760
29576935
33493453
30755907
33824113
29493253
33344928
34961319
33269672
32447161
31326326
30991846
31274765
31716301
32515557
32635520
31859969
29327951
30984734
32239775
32287924
32579722
31489792
33390539
33856527
33193977
30839663
32658157
30497208
34415820
32083321
35567548
30957171
30188000
33790819
33725542
33177933
31462114
32708823
31536188
33155860
31771441
32417820
31317878
34279872
32256365
30674475
32162817
28090967
33207081
31578664
31935949
31332539
33920117
31709211
34542808
36216456
32796006
34976083
31234842
31813083
31012388
29576815
32550100
32849896
32522689
33329625
36996471
32852023
35474325
35566562
27182947
32794824
29379747
31672700
36508661
27923020
32515871
31688675
34773483
32441954
33818144
32498790
33890652
32353753
33279935
34745702
33301559
33149768
34755266
32811237
33472494
31403562
30008539
31426564
31687294
32606214
35463969
31286723
30276966
33444184
32169565
32616111
33042626
32853226
32910161
31761940
32199644
32583549
33735855
31618725
33466747
33292130
31023099
29306737
30479263
29598891
25455976
32101606
32333007
30389888
30500401
31986652
31224441
32033332
32353109
35158614
31486690
31516331
29505402
34342347
30301668
32611388
28768110
32674012
33604924
31213276
29804903
31680698
29244964
28228380
30383062
32612049
31297675
32278523
27269752
29656064
31878923
29060039
32449204
30428379
32726928
32908341
33007943
29987128
32621000
31482475
32806419
29922271
35583163
28465477
29738086
33359233
30200501
33204516
29025380
32789089
29410324
33923339
29397392
30692791
30726334
32185438
30258742
30672461
30479880
29022856
31230662
30781961
30372186
29806419
33432268
31826290
34903220
33686564
31925634
33842924
31680311
32169302
30939368
29208772
32286749
33387893
30242656
33226833
34623158
31863373
35239842
34237269
28566289
30329653
29133693
31082007
35594555
28136871
31548371
30836925
31761511
32484001
32230892
30586189
31175674
32386109
33015444
34394188
31238356
32926863
32680042
32456142
33962091
32102457
30571660
30653919
32628296
29819162
34171320
28887965
28847534
33739651
32959872
32883496
30473718
32539940
31179951
31088860
29928865
32258472
31958299
31132468
36519711
35602368
33486964
35179333
32769040
33459227
28633166
35106708
34077405
33901387
34668384
34784519
34244809
36502738
35585221
37368097
36407723
33973229
32777225
34434536
34314419
35861192
31408946
35145985
36781102
34713153
32979797
33409563
32865029
31323027
33816723
34235250
34100373
34619587
30033529
32560050
34355255
31040433
34580290
32510260
35831239
35889742
35721743
34175414
33160558
34112987
34510656
33325150
38981986
31386068
33389297
35919041
31945903
34079761
31791245
34928037
32589742
36799819
33187931
34199800
33126542
33317084
33079296
33218828
34615679
30930317
34199855
34022435
36161179
33064643
36253097
33806925
38350271
36977008
34084847
36514670
34413430
34254463
33063340
33735512
35324893
35073478
33831158
36392494
36345755
35340486
36714516
37630973
31480631
34116290
32507692
32322088
38519224
30575015
32970639
34444619
34444771
34996543
35246215
33330373
35848626
35149964
37054778
36773861
34257698
35695475
35617769
35445641
36421659
33881124
32127573
35397681
33612041
34603409
37773352
31768718
33072893
34845408
33888620
35351360
35464830
35349874
35487762
33466129
32448059
33153711
34574313
34579943
32494471
34854226
29996772
31462168
31191045
31280320
26083483
32291282
29901194
31423742
32277199
31639064
31071532
32017624
33689716
33452129
29923895
30504420
28194463
34084124
30391257
31160421
29365292
31720999
36758870
31336099
30604375
30179078
29537165
27563222
30788981
31856351
32539064
31087736
28094656
30327427
31031579
28960421
31471196
29466595
31887106
31679249
31035701
30713058
32109686
27491944
32932268
28301346
34798835
31384485
29256759
32666829
33466803
30802516
30824994
31125394
29354905
33362795
30363662
30952983
32380482
32057290
30305051
29505575
30621612
28141353
31220659
32478034
31046045
30248875
32050467
30003036
34415330
32611475
32146870
34938622
32151625
31653236
31399097
28891756
32332255
31705083
31147416
33127173
34698076
33777406
32807497
34516189
26737759
30665584
30478611
29513061
35376868
28220229
32390645
30970376
32656243
31034511
31218946
32173898
33125491
31195831
32177726
34715683
33014353
31469984
33080587
32062607
31756418
30564221
30481967
29421317
29854257
31454886
34992051
28805341
29452112
32321503
29794599
29096730
31810640
31845808
31003882
32051948
30205388
30706433
32314263
30169284
32063025
32139155
29835443
30494188
32328137
29501551
26630089
32408099
29995969
30273989
32488511
29209684
30992424
32488925
32511915
35795704
31846462
26929133
29250567
31401637
31469849
32155923
26971506
30513222
34988709
31020598
29988153
30657875
28603172
29020429
31539689
30917424
32693198
31805820
28143823
31579017
31214889
28168978
31803860
29160506
33056957
34258715
33164161
29908981
31316103
29548868
31493130
28802614
34496362
29598989
28188372
30765846
30637612
30792714
28109496
29214882
30355218
33559160
28271968
29734439
30946310
30539115
28437713
28951749
30193711
27919262
31620117
32027868
31039585
32333771
32812383
29669774
32226243
32326653
31592666
34115775
29701215
31567376
31536792
29744087
31945166
32375821
30936137
34159066
35417035
31852788
34117720
31994865
27503469
32631621
27982827
31596467
33071483
27286637
33661297
29854295
31245151
32193890
30144883
29452554
30647464
30233109
31542574
33582902
30163757
31502337
31599641
31424796
30407790
30024905
28115361
30845583
30781637
30637927
32551833
30457372
28366881
31294523
31399258
31037323
31998426
30428314
30252562
31283492
30685978
31103487
32028345
31812614
32018260
33288703
28520811
30454008
30506988
28654589
25645254
31668363
31196054
31829833
31496304
31407188
29905016
31352091
32751288
33289365
29826762
32392062
29224176
34197970
31109946
30258981
28097833
32192326
33038336
32813299
29597721
32027923
29181531
29722653
31174569
32246761
31425617
33118392
27934804
30304450
32827942
28755541
33966009
30710273
32426758
31928518
34938309
29813214
31771625
31542154
32437337
28744113
34897409
30746591
29925485
33731331
31190341
32674733
30693866
33090830
29916942
33160993
29925691
30180038
32038419
30242357
29671827
28719081
31324819
28817089
29887639
31409053
30626686
29913939
33298492
31790126
34639990
32176842
30428182
34109330
31061970
30236326
30273813
29049798
33093906
32578898
31292248
33147052
33804601
32636776
33804261
32809645
28477762
32076518
30445505
31666011
35333702
26887487
31442943
30321445
32638127
32431075
31409020
31373514
32326817
31463638
31773209
34410088
31356440
30449099
32693193
31328947
32810428
31505856
30428273
30498470
29782075
30522545
34662587
30125667
28160324
32447346
32634454
33478227
32088447
31616958
32094763
31183004
30112367
32116535
32075846
31125584
33079417
33560053
31557445
31572401
30856529
31171245
26840607
33893960
32556238
30375518
32274585
32010081
30673215
33744786
35130381
35071512
31981930
30916194
29394235
33443801
32075152
31925788
29358322
33964129
34269485
31550482
30976941
30583240
31145773
28361536
31793984
33192558
31827906
30995540
27531516
29532425
33086978
29067275
33476793
30567318
33959664
32486103
33294309
28656257
31797732
29646492
32282876
29612726
35013767
31434366
29866964
33213316
31074385
32365176
30975635
32450709
30803427
33997335
29604318
31076920
31604641
31847938
29471309
30905290
32496109
29089246
29801392
31393965
31370107
31262224
32348997
30350144
33997553
34309072
31095269
33978817
32884882
32899753
31945310
30513356
32858298
32615503
31988968
34540023
35361755
31016486
33366585
34957117
28352069
30705488
29854798
31189438
35284356
28103413
30917371
31787024
32229360
31425104
31623499
31201095
33010700
31790009
33158883
33583067
31336578
32157587
32599970
31401866
33415504
29905658
31282602
32042988
30460693
31198402
34887514
29906071
28462772
32997621
31215580
31727440
31864823
33147615
32108627
32214668
29920898
30770751
33082458
33299204
35119492
35401831
32616338
31817390
32221093
32903196
30016613
35441079
35000867
32853904
35325531
32358028
34642864
34516141
35498188
36617730
32470518
32451725
29292790
35124697
35064848
34472019
30543661
33463107
35137846
34061816
33278085
32787857
31468195
30395543
34087472
33972800
34476666
33382388
28293376
31379134
36075981
29401639
32988710
31332606
35432799
35032205
33841306
33132157
33095986
32782954
33389722
31913792
36313132
30897317
30928880
34659379
32209042
33584144
30613579
35246817
31466004
36450535
32122466
34220413
33350854
33840754
31428796
32386547
34157084
28937870
33998157
32332179
34257521
32672973
35644582
32386792
36656920
36343365
33075787
38237105
33321641
33219749
33156889
32579381
32194633
34417166
31612613
36637530
34765157
35692357
35656826
36472275
28920765
32548653
32704587
32628801
37332761
29051468
33154121
34245244
33552559
35162230
33270663
32249640
34321065
32887042
34240818
36615782
33921005
33451703
33825378
33545232
34554450
32981050
30776479
32010585
34240805
31325918
37435705
29982233
30348027
33043754
31615965
33884168
32502035
33239980
34396657
32591600
31998836
33958562
33919401
32713950
33033090
33253610
29339485
28875961
29291435
30341478
23691037
30786175
30019081
31086327
31619843
29276041
30139926
31732115
31328511
32883975
29785861
27719519
27543233
32694624
31934423
33359623
28034017
32485190
32262909
29914887
31234851
31075101
28712002
29234721
30674181
32045855
30373848
30838324
26286664
28669053
31772546
29148898
30430545
28826529
30424698
30176457
30299246
29958877
29540753
28358135
29786273
29331066
32586860
29953335
29447678
31967766
29747861
29932795
28799666
32339219
27878052
32440323
28780215
29675633
28544271
31751739
29311270
29606210
32109665
27147742
29936335
30728707
30139021
29866080
31067382
27211014
32716002
31106663
31256117
33011389
30842465
31347948
29664907
30623421
29975703
30295519
30886468
31395962
32910493
31554094
33043218
32423767
24916027
28945858
27716819
28057315
34986232
25116618
31784495
29533111
31861823
30825290
28999111
30195146
29787741
31497019
31224432
32439874
31145183
31745146
32395649
33186671
32211497
29347869
27521499
30901808
28290152
29359527
33418807
27481965
26520102
32066466
30622255
30135394
30347065
31736988
29894379
29918516
29804346
31855612
31727338
30642011
32561286
33742490
30229578
31628847
30940174
32244591
26323428
33796457
30605841
30607429
34711118
30622331
31474183
32511051
31024466
35270555
32413293
30687713
30759605
32828517
31286373
31335793
29991169
31656153
35214231
31478678
29914505
31619723
29064468
30907743
32739724
31748853
31024984
32407184
27517391
32934348
33022085
30271176
32444312
29765405
33066447
34595358
34454543
31476428
31912493
30327393
34646888
30225630
34421199
28918970
30643552
31787064
32383934
31586384
30260595
31356032
29127911
33113753
29461139
29780706
31484945
31714740
30959885
32508221
30806933
29254959
31483648
30446493
29534762
30399628
33933526
30447575
34078396
35222496
31941605
30893568
32192972
31462281
30656356
32383683
30381736
32603833
31161374
34458746
35225299
30864918
34042996
32704858
28584524
31453191
29566426
31109077
33829358
27582949
32545517
30698265
33146183
32078604
31519193
31356353
33119407
31499924
32602238
33838717
31492321
31168788
31812042
32614274
30167610
31713637
28344762
32196274
31141577
31864599
35303752
29646665
30180922
32572405
31917311
32548455
31953274
30855730
31490849
32911764
29558720
32355002
31639751
31639829
32330059
29554571
29841376
27351129
28614031
28730848
24673202
31837660
29040138
26848020
29213029
30640025
30044839
29170905
30504282
31596578
30199898
27115424
26330627
29584498
30599121
30483472
27900785
31665735
31505096
29722373
28894202
28392212
28729892
26389387
27746294
29816599
31201395
31164721
26047669
27494923
30274764
26485453
30939104
29179940
31430844
28943546
29200481
31530871
29686835
26956745
29472566
29183876
32216372
29212706
27252284
29777301
28787709
28493956
29571605
29453383
27962929
31913696
28181437
27794505
27823036
29336071
27724638
27779363
31293412
27007521
28624912
29823813
29064517
27578847
31147156
28215608
32141881
31408094
29279916
31931915
28820102
29600986
27822740
27586081
30386921
32253553
27432100
32388651
32413201
29930313
30652837
32508821
25894027
27335419
27118351
27859127
33628574
25843951
29702223
30152264
31477274
30785786
30951069
27431877
29786540
30947034
30924933
30917555
30915105
32352583
31190183
30066094
30308316
29263082
27820639
29767373
29455236
30220652
29785563
26947406
26080076
30040668
29899583
29124852
29217010
30314914
30593035
29100132
28463920
28909588
30628591
29378028
34099933
32429240
31335287
31688640
31445542
29880115
26097708
30297675
30836372
30103199
31842310
30285690
32392245
30873832
33520393
33904511
31840411
29777380
29974402
32792498
31545837
32017100
29170819
30957910
34901247
31418722
29318277
30077306
32030585
27333053
31762542
31881898
32985348
30400917
28951878
30551274
32392043
27201343
32990048
29545247
32920129
32990696
33016731
31347888
30933489
31422528
33318799
28860066
34034132
30513223
29535057
32264084
31750488
31902724
28051071
32357476
28436022
34031862
30121147
32052425
31160245
31637403
28029584
30327810
29924192
28905654
31201976
30494378
31116530
30219309
32101760
31488743
32886496
33700196
31253011
33845597
31505983
32031498
30204003
30196847
30795079
30863910
32400513
33539678
33749486
30193407
34148359
32581815
26626426
30876462
30945896
31751645
33724731
28386861
28732095
31841378
32322700
31626056
31824725
30588450
31633812
31824069
32002052
32721516
32703341
33073322
31843715
30580364
31482474
30113285
29823850
30055752
31017874
31776250
34165923
27212077
28823278
30605170
30472051
32287080
32247868
31525718
31009962
30670203
31300503
30728965
33536086
31893111
35342083
36163734
32232460
31901235
33050932
32960046
27694880
34672837
33824758
32446227
32736091
31951901
33100665
33317972
34594526
35965450
32716863
31793761
31173327
32868357
33380773
34730323
29542936
35060800
36269345
32937835
29173236
33024787
31674602
30762250
33896731
33411330
31907862
33671873
29345826
34348029
34764834
30558252
32641337
33116902
34404046
35208714
34197454
31959188
33019370
33042569
34087916
30803018
36406039
29877749
32126662
34194558
33631553
33377166
30725792
32071929
31296832
37005984
32320575
34095621
31715892
33376717
30222213
31798101
33258783
31866218
32692304
32137026
32059965
33993249
33752675
31250253
35197268
35864511
34380799
33844365
32408755
32689856
31133127
31210022
33554194
35988887
32608595
33440915
37267625
32937332
35899268
34696553
27518212
33925098
30792610
32805212
37115684
28080305
32847924
33619886
34220387
33443133
33181519
30851891
33858239
33821408
33930741
33852899
33311004
33182961
34549101
34875555
34781621
32768318
27981219
31167278
32623985
31621002
36793201
29851485
29319775
34366385
34272598
33295024
33590527
33834099
33263471
31742184
31521518
31520173
31293136
33628940
37244962
34807659
33865341
33963818
33352686
34273809
29044701
36161105
33524615
32996183
33411382
34754849
35984799
34613410
34809900
37269985
33848391
31152450
32386652
35660349
34028666
34979023
34674764
36034181
38140582
35414733
33712591
34656848
31581225
32718123
35647836
35918964
35837444
35421628
31380129
33293176
34964551
30208065
36030380
33186527
35987706
36601840
35857001
32458012
35641153
32193881
35635618
33383323
38588444
32577088
32445810
37386546
34483227
35905221
32557950
34728270
33308859
37038585
32445358
32768765
34459355
35346998
34277724
32207126
36748413
31362913
35235945
34139755
34976630
32754717
35770054
33111549
37923085
38639559
34077681
36447784
35317009
33935610
33473792
33568045
34759158
35795713
34156341
35028945
40060846
36092695
37857264
36690204
30898298
35232763
32323332
34294729
39830868
31554772
34261346
35143816
35407087
33339833
33496146
32276559
34210555
35019138
34794614
37246963
34842220
33918838
35193878
33703878
35518300
36091204
32524017
34130988
33840456
34750781
37618147
33284444
33034323
33680971
36681370
34654455
34408605
33887787
35752685
35044000
33515425
33862248
34911962
34869703
34637635
34761258
31017108
31398228
31856476
32353196
27473177
32999923
33040730
31592384
33339576
32981322
31836905
33553184
34946182
36085577
33522434
29357643
29714167
35096904
34284876
35976222
31306528
34584204
34035967
32513201
30962882
30001853
31126077
32079158
32393395
33252751
32774961
34321917
28475463
32790734
35936607
30442335
32779246
31563166
33395933
34402893
33850213
31526569
32260556
31351209
33513352
29527280
37734258
30809522
33042891
33999852
31496482
33916907
31227426
31577696
30400988
32632698
30935121
32053113
31768031
34247933
31631715
31067486
33430634
27458117
32734347
31812133
33870791
34397117
34140965
29720910
35299281
35089459
33724892
36221365
32248608
32887887
32557750
31557630
32768013
32965133
32811801
33281900
35455398
33998403
36237299
35722890
28664497
32871955
30994198
31786428
37317981
28522195
32243461
32533099
33567262
34624099
32397554
30528417
33849822
33537069
33521308
35618700
33183522
34101986
31780291
33069377
35288204
31988920
31497293
31622902
31369831
31424603
36443934
30716553
30569709
33850809
32529121
31524563
32648075
31578316
32510661
31765548
30927156
34587545
32781482
31308384
31639574
33276489
28027789
29454987
28496157
28567049
24872892
31417722
30772660
27455008
31751911
30083156
28412092
31146373
30737508
33215600
28206365
28915747
26695132
32159226
28570877
31058914
27540114
30011908
32336264
31216965
29578329
27522911
29461509
29002406
29453781
30054912
28736192
30326932
24526275
30029942
30679972
28743303
30203511
29214515
31129073
31698158
29287120
30744176
28588859
28729719
33888193
30243923
33526861
28252314
28753659
31023552
29209591
29502035
28067311
30141794
27256225
31702349
26136444
29897308
28448297
30369128
27684090
28126301
30485103
28042011
29141531
29790138
30201349
28649814
30961407
29822446
32294424
31581274
29168978
32649921
31186948
29987013
28342519
29037225
30718554
31242452
30873237
33524780
33072691
29185181
32982340
31134845
26162923
29199626
28611656
30107865
33728819
27300072
29855322
30809185
29587709
30744819
31260988
28606488
30513642
30521420
29938961
32533846
31055136
30332765
30404642
30246084
30415748
28303377
28308679
28894311
29676420
28490259
31449097
28283813
26586717
30138422
28375922
29973067
30203338
30201247
29138665
28862438
28068511
32616334
29777305
29601027
32561616
31829863
31652769
31746647
29691703
30812611
26705663
31383329
31838364
29247236
32241110
31245004
33814509
32455078
33125375
34583362
30728965
29943219
27154557
34304872
31764848
33910158
29438976
32337159
33582135
31042181
30444117
30957248
31957436
29562718
30330637
32867904
33336934
32249618
26637035
30612082
31581594
29370865
31205760
31018090
32814036
31334621
31145515
32195844
28751187
29312425
32768714
30952534
33974181
30776564
30171727
32767886
30956954
31899370
30223065
31480197
29046336
32935862
29620821
31152364
28794307
30636687
29204092
29946368
30730197
28460077
29713870
31408552
29817637
30914539
31967968
31203651
32532784
34132889
32175101
34403628
31096939
33497790
31466721
31624605
30383094
33393329
30818317
34831664
33846718
31859644
34488280
34761484
26190980
30774597
30434398
31144834
35294297
28396973
32664807
32923162
32165799
32992889
31781954
30941750
31953881
32612309
31945286
33209375
32910558
33467494
33109432
31758632
32580764
30802942
30411900
31464267
29441908
31619068
33879946
28712655
28465038
32438737
32843134
32417802
30429371
30590511
32839926
31339675
29930918
35194682
32160891
32045399
33515667
34311184
29552582
30715992
30578547
31114224
27700760
33966395
32638435
33454677
32391383
31199902
31575932
32791941
33531945
33800564
30114285
31423756
27994607
34436618
32640703
32478474
29758840
33060682
35816111
32010487
32052522
29538546
31148453
28177990
32123183
32070052
31486904
34776713
27249684
31531048
32059601
29847637
32300130
30760452
32483424
33145328
33245702
31491072
31408053
30468419
34266042
31199077
34591626
33084481
28901562
33554517
31593736
31881071
32518949
34474501
29144394
32473105
30105239
32060289
29669528
33734181
31568552
29048668
33537220
27493734
32867467
32638299
31439038
30207388
34369974
31944018
36353142
34266516
31944172
35060710
31206928
32171311
31251426
30382775
31882510
34619490
31951651
34217224
36342643
33518944
35931032
33671231
28450733
32110881
32028745
31882884
36960978
28651313
33113620
32327660
33689539
33673790
32317079
31444667
31628250
32802125
33223470
36923391
33608959
34014412
33481476
32946800
35560002
32692754
31005764
31819077
32039415
31408810
35535560
29748452
28478962
30946503
30294526
32609352
32469750
33072165
32254128
29297308
31195221
33964108
32238893
31509390
31149209
31859860
28377165
29243358
31078525
28771008
25108006
32224117
30273667
28809811
31897045
30069152
29976225
31578273
32436821
31452048
30043260
30209566
27976045
30093131
31674542
28867993
27963614
30402841
32096307
30006329
29823504
29710536
29244667
27762642
31603130
29755887
30752655
30930170
24316964
30380529
30421899
27733804
32312315
30465596
31756960
31597949
31652055
30918322
29844988
29904885
32001372
29699589
33512239
29279651
29176917
30357441
29946891
30156459
28749668
30482866
28814921
31557097
27886328
30280313
29221143
28740978
28555094
29652468
30775492
25620029
30247631
30339523
28851752
30546284
32125592
29743245
32928930
32193012
29951008
31824682
28818405
31548842
29989385
27972099
30663876
31352527
29006973
32102815
33048772
31002849
32955782
32477123
25564116
29855688
29540741
30215319
34285436
27527506
30428747
29527063
32291826
31369993
29621938
27069023
32403513
31248959
29017547
33223801
29555566
31375235
30597006
30549425
31165576
30186298
27922456
29820726
29763256
29926843
31850615
28919525
26586180
30645768
30076493
30244046
29385042
29609933
32989465
30131359
27369076
32104790
30468242
30008481
34941885
35076248
33118725
32301249
31061900
33435734
29074739
34817477
33337098
31944359
34802520
31036157
33103997
34326881
36257885
35494170
32274997
29980446
30683247
34807427
31881844
33847701
31066453
32260119
37361237
32933604
35031681
32066191
32056486
32048007
33941869
33013500
34909211
32138307
27650776
33618561
34309026
30373581
34379235
31948109
34042172
35366936
35258525
31135218
32768922
31736723
35479433
30343916
36553829
32499984
31553431
33881088
34248688
34553015
31637993
33796801
31978873
36250813
30391954
31407328
33345129
34503430
32020617
31879496
33338420
30154818
33372591
32526564
32348769
32498707
34695336
32826235
34342787
36343781
33945296
35654978
31794958
32979183
33115095
31749564
33825079
36413400
33199083
35038766
36859641
34819743
36262682
35502114
29193132
34652214
31485545
32099944
37055436
30423994
34532704
32666592
34592837
33078074
32517308
32914805
32463984
33108211
31780330
37214954
33808667
31777979
34716782
32675808
34957973
32894892
30918822
32810903
32822338
32734631
37235287
30522297
31911897
32770375
32988667
32499129
31432821
32043797
32690651
32301596
30202424
32870336
36464516
34744485
35698521
36090712
32188418
32608511
31932616
32041738
27800399
33048609
33057222
32052925
33190378
32840864
33714724
35789055
36525769
38115026
33779721
30785730
31736680
35290381
34172960
34259746
29925389
34373729
35264714
33808500
33634635
32430327
31440617
32973696
34096533
32847304
34647475
34597704
28718688
32122212
34231871
28968929
34099580
31481241
34336607
35864731
34822527
31951322
32189630
31087301
34366370
31797438
38024224
30803463
32870701
35898083
33422003
33955602
29617078
32018256
30796975
36447594
32544758
33260306
33082176
32851144
30160901
32986028
34683440
28273522
33506964
32725725
33945436
31093662
34948643
32452624
36985458
35640206
33661743
37066702
31432108
33490494
32716703
31275810
34196001
34744319
31912344
36095049
37184097
34819049
37305731
37955220
28765843
33623543
33356873
33859618
35991493
30027338
32562910
35873070
33825028
35770375
33782002
30850088
34980670
33350177
34581021
36342184
34562269
31956767
31854204
33126968
33657707
31639290
30164167
32436507
32654409
32760473
35380144
31679354
31630516
32967932
32209061
33388046
32239707
30274025
34994392
34039278
32396825
33878668
34156314
33975308
33068460
31176463
28751892
27904339
29136275
28997317
25571273
32343805
30850632
31010147
30006772
30500050
30432954
30137323
31326799
31969119
28960349
28832663
29117675
33012974
31623620
30676657
27400905
30583283
32596207
30589603
30824699
30246684
30994544
29298621
29125386
31210989
31307255
31524562
25753387
27368129
32469582
27467773
31921300
27753835
32333303
29896872
32192865
30538994
28447240
30294954
33206697
29131852
34752608
30305305
28374493
32550936
31146043
30581530
28464544
31867318
27727533
31190235
28437732
30756225
30034836
32415118
31483388
28795896
30382757
26601134
29729870
30521859
30016609
28585270
32560358
29281103
33380797
31975585
29333646
31716118
30516724
31451879
31308393
29521521
31471908
30343589
30747426
31590645
34282311
31108406
34547253
32280211
28214434
30536523
28415304
28753245
35147520
27812583
31367787
29987161
33753970
31714036
30306199
29345902
30705603
29940377
32116667
33427559
32481005
32889610
33012832
30315962
31447833
31772170
29418934
29992114
31297293
31401222
33775464
28098585
28878465
31930841
29654639
32080123
31631118
30783736
30392577
29882742
30167151
30769703
32715679
30829465
33488191
34002272
30864918
29791503
31769675
31857914
26596832
33902810
30847071
31961323
32611128
31856705
33513467
33477480
33894045
34729334
32368653
30653463
29903960
35066653
32028230
34525758
31872582
32891572
36375328
32227814
31624281
33268443
31547367
31052864
32791780
32908424
33307412
32224451
26517349
30148381
34586979
30251289
33740855
31752899
34320635
31034119
31897317
32396191
31863365
29270262
33693188
30434573
36297357
31602425
31484108
33379565
31050274
31551077
32042192
33497223
32174965
34668713
30868111
32318624
31227170
32273426
32144322
31106200
32917005
29277414
30309917
33142839
31558587
30522447
33814764
30827476
37536682
33311761
34862285
34515879
32676447
32762796
31707293
30294596
33316246
31861479
32058859
32559036
35467451
31487957
34527520
34589795
26072497
30740009
29653520
30175720
34789462
29493888
31509523
32200775
33352257
32361185
32129298
31203039
33540063
33851560
34168167
32849993
34210874
35548064
34616770
34615242
33570234
32463002
31813129
31926738
31704955
32913392
34354176
27442992
30004739
33032837
33120895
31263521
31729239
32420407
32024112
32596088
30523158
31625585
32790104
34019082
34162574
36901265
32117366
31874813
32328012
33876490
28708067
35302240
32795025
31815257
33607870
34466782
34595281
33714030
35226690
36387578
32316583
30777809
31357931
34227976
31783102
34838793
31287959
34729309
37734410
33625197
32971855
31440518
31723468
31331144
32747603
33007285
33305978
33592604
27803204
33878427
31607452
32183637
32264945
31977840
36006986
35324507
33251243
33961361
33440278
32142948
35722240
31311500
36564702
31630070
32681921
34378737
34907904
33670821
34140798
32195389
32711229
36261704
31344571
34359066
32457098
32046519
30944204
31824814
33967371
29432537
34391747
32357009
33220165
33059174
34021735
32787119
35648129
37691861
34870879
35320974
33987929
34030427
34216560
30735735
32844240
34688967
32963538
36080708
38513836
33904989
37876324
35985828
29492629
35769875
31634626
34071704
38355962
29539510
32629032
33744276
33215877
34092374
33449539
32369431
34480848
33878502
35229420
36193153
33474150
33013867
35191605
33146482
37125445
34350490
32053647
33083017
33791547
33220505
35429946
30357343
30996163
34497716
34789746
32802235
34472148
34710066
34357215
32157192
32389743
32606137
33184321
33054025
33087660
34431631
31388250
31454263
30664527
30067112
26949768
32646711
31515010
32501391
32198280
30439747
31190324
34657592
33126187
34590114
32569261
29519671
29728429
34158402
31338282
33173316
27949805
32660665
34049346
32632057
30916125
30925321
30870747
30381839
32411208
33368159
32527128
31691650
28163893
30577222
32439686
30385517
32271433
28999731
31939384
32840165
32345302
29955098
31054868
32619418
32204310
30776449
35476701
30237673
30206998
34289578
33423627
32451620
29353188
32488130
30413846
34341190
31015246
31796232
31535153
34735474
29696420
30369096
32001339
29400180
29808768
32711497
31759690
31678437
31910915
32125705
33857631
35130472
32755455
33996826
29876793
33551131
30586897
28983650
32382434
33134759
32665630
33084571
35181055
33099302
34740513
34253163
27827222
32660400
28279609
30469201
33979560
29164753
32585134
32462080
32625237
32794562
33102024
30483595
31764502
33415283
33396188
33621585
32443162
32538395
33915193
36191804
34040724
29435654
30130055
31559172
32044767
30608335
36704697
28489310
29796021
32868611
31018318
32870446
32468519
31858904
31335790
32031293
31822314
32661330
34224602
33267106
29528515
31462863
31089879
28441446
28217448
28112889
24144525
30397741
28605232
28642291
29652785
28676062
30931437
28895502
29946672
31286818
28701228
28090028
26949731
31329605
27691667
28743716
27989950
29487729
32256596
30513880
28151721
27650971
27138895
26105331
30324721
28893688
27986293
28698942
25738482
27886766
29061241
27863317
28602224
26085289
29355034
29672650
29813510
27944425
29241913
26947432
32055647
26659845
31016477
27920752
26053976
30340802
27353684
29949489
28257424
30011358
27197332
30789091
25978999
28290248
28257616
29329169
28565949
26743696
28558000
26181916
27678228
29088858
28901883
28348363
30815573
27350003
30856120
31883548
28275558
29679677
28844781
29135625
27644531
28035076
28780591
29026613
27869502
30248734
32678963
29185654
30838174
29509181
25323826
30118309
27208762
27047768
32413022
26500711
28318982
27822994
31335673
29530492
29996309
28120236
28798105
30637932
29796652
31052442
28840376
29144245
28754469
29180539
29320512
28194432
26865561
28104985
29557440
28781941
31410166
27279398
27131991
28267038
27873207
30076322
28331587
28488697
29348746
28851628
26404956
28451471
30473526
29374927
34984916
34944039
32012961
31275283
31799611
32580803
27744497
34263906
33390947
31272555
33827690
31844712
32899289
34529044
34340167
34636304
34915927
32437186
30715826
34593016
33085800
33291949
31129403
34364650
35348886
32660601
31373037
32270087
32847396
30852338
34322738
32933201
33875917
33276059
27846763
33755889
34700647
31199128
33281565
32325427
34869578
35242966
33541409
32474972
32756412
31671703
33738966
32232375
36531675
30928340
31553992
34501744
32758527
33774399
31776827
35018477
32720870
35155962
30174103
33301195
31839264
33033447
30343159
30911807
34403986
30057865
31857353
33993426
32454750
32559982
36403953
30753985
35793917
35807358
34415156
36769924
33567956
33296237
32901948
32051305
32950227
34192653
31054474
32634935
36827616
34489558
36669172
35235448
27418574
32633221
31527102
32708261
37123457
30116350
32863888
34672657
35439322
34154143
33899606
30536111
33010057
33008000
33257183
37347579
35374489
33068886
33533213
34435414
35322889
32098826
31299574
32968491
31646850
32984140
35768415
30818122
29546801
33106134
32779606
31584658
33182252
33627844
32584475
31254793
31860980
33810211
34784218
34308949
34925784
36553807
32188948
34233737
33539080
33563350
28013268
37480365
35850649
33142737
36927857
34709690
33305186
36008544
36086214
37819868
34644533
32939581
33486735
36263736
33404700
34637510
33442330
34941131
37981821
34640737
32746320
31471423
33500194
31397027
34408040
36257866
35259536
33882026
28819987
34082307
36057480
32786550
35870967
32630746
36338587
33998070
35623913
33475539
33937776
33500278
35647085
32534758
37866785
32834948
32574067
35197849
34270616
34895354
33070930
34855026
31680445
37528296
30923192
34487621
33690552
35371477
33159835
33354395
35385214
30543885
33904419
34813015
34154798
32074890
36151435
32821340
36585251
37629278
33646596
37270208
35766532
34320353
33842915
33443138
34784104
36282779
33644688
37580941
37869773
34421084
38278883
36169278
31297101
33754940
33395111
32613917
37925636
30231320
34481856
34714331
36238729
35932973
34994234
32761141
35215103
35110992
34243155
34865408
34291383
34739855
37080046
35708211
36298768
33299775
32985832
33508573
33335165
33918859
38632049
32059593
32008069
35531564
33412385
33870449
36025936
34894495
34506328
32529808
32058648
35265795
34716690
33977114
33711465
33452193
31930907
33290846
30976988
32005719
27287289
31911303
34635618
29456119
32653521
32864596
33660162
32039820
34590929
37070117
32990504
32219679
28266703
35415463
33320405
34415785
29420321
33621602
37623552
33215939
31682756
31179229
32186701
29874471
31639239
35242910
34476690
35802799
28068383
31319056
33429470
28500111
32146562
31883982
34861298
32827218
34203381
32552429
30846415
31928723
35065335
29983300
35625290
30745574
30099577
33958919
32000801
33392820
30685880
32759689
28632597
34864565
32257235
32864768
32268271
31364839
29802008
29637763
32131093
31349261
34234004
31830184
30905627
30550282
33869468
34095827
35863588
35262866
31646451
34479096
33192242
33016337
33362801
33100271
32094757
34465785
34227526
36364643
36277311
32405177
35376118
36489441
28796895
33606623
31324078
32407704
36821677
28906194
32341786
32403605
32668625
32549280
34078754
32642230
33231004
31541630
34512609
34532612
31468806
34031035
33310280
32088024
34559299
32926191
30755339
32682674
31615877
32555169
35935424
30850691
29588316
32812368
33858033
33440243
32685068
33513180
33090770
33873506
32196843
33440641
34481008
34552302
35454996
34751456
33760015
34128864
32893086
34161564
28233014
36481442
33901620
32898452
35577854
35794143
34492078
35377666
34411794
36387769
35449895
31142932
31052727
35992004
33398474
35167272
32886420
35448928
39464156
35597028
33055187
32497923
33148298
31177395
34737316
34526516
34678924
34305309
29875332
35357808
36410437
31862609
36575860
33379367
35838321
35453250
35411873
34596364
33901141
32566025
35799095
33160714
37556570
32608734
32709416
35841330
32515524
35783592
32659086
33762917
33304034
36547682
32507899
34130708
34333708
34252011
32281055
32447285
35298129
32240539
35622830
35619278
35014628
32938279
35329778
34275759
36889266
36982175
36359638
37548489
35719872
34337387
35310841
32192317
34930383
35114034
34081740
36211549
37541600
35181892
36245421
38795538
29809918
34543255
32842310
32764505
38144751
30063746
34578696
34278121
35773848
34302742
34417039
31755347
35675076
36346312
36156486
37055949
35306037
34786289
34651975
35161422
36025285
34369759
32760097
33876016
33298298
33295358
38206900
32270555
30677804
35086268
35517466
35551768
34049395
33992371
35772038
33758460
33193864
35281902
35651430
34588237
32188869
32917117
31151346
31879324
30866440
30068234
27809126
32021810
31779874
30267016
32079590
33031264
32190696
34131357
34530349
35102570
30978992
30990797
28322569
35905215
31163688
34827019
30357528
32606240
34942978
29260356
33286695
31412189
30280678
29196241
32266907
31278050
33145439
30318339
27243852
30288438
33610481
29326910
32870433
32345654
31376265
33458499
32175121
32067598
30420899
28750971
33506254
31965494
35803475
31130217
31060003
33450343
31744707
32856731
31430391
32636402
29159567
34414716
30378401
30090351
29723574
33343451
31896989
30696575
33210233
27643835
30517472
33715440
30860713
31440489
34383900
31870558
34975328
34167864
32088341
35311585
32576542
31511324
32463289
29407221
32926784
33392918
32616725
33306850
34599954
32084103
34357284
36393214
26875537
29928983
31346730
31449213
34267537
29184122
32079354
32783182
33363715
33705248
32237447
31389703
31818244
33192493
34534918
35554030
31120233
34095150
34576880
33277889
35452236
31977535
30982984
31170637
32154883
31331721
36697407
28504092
28553788
32480457
31168451
31838754
31891335
30901545
32058779
31949762
29777901
30288445
31874751
32822429
34313037
34559093
30542952
32505490
30937479
33579667
27140297
34173190
32330786
31414827
33550445
33219725
33076113
34033870
36238975
34948736
31534957
29323144
29735260
35163442
33062555
34530482
30264999
33778227
35172061
32347848
31300771
29584981
30435543
31276949
32991488
34249515
33464601
33033844
28695481
32049309
35096565
31220779
34273267
30698173
33073983
33109748
32765163
31801517
30901867
31737372
33925486
31169753
36448676
31988818
32889006
33030819
33055185
31454123
31346558
32576977
30963751
35049717
30591207
32490964
30850735
33254471
30822635
31438167
33237027
29705369
31428490
32974828
34679378
30125742
32628525
31196785
34565360
35318926
32274794
34734245
31435930
33909229
32514370
31824077
32374269
32806437
32466438
35940330
35504316
33737861
35405264
36218563
28597186
33010074
30285282
28952623
35761472
29318947
32509850
32363820
33726757
33230563
34735060
31580967
33643122
33891565
32703911
33589586
34903361
34373423
33295992
34768813
34620554
31392838
31017811
31816142
29090058
31917028
37103410
28691644
29530594
34562142
30469687
33657636
31668120
32464428
32752735
32279549
31539391
32198892
33861268
33345564
33971632
32364070
29721414
30223469
30502285
30622031
27072802
32936843
31640879
28908192
30602270
31013070
32294348
29349326
32090401
32593006
31789547
27336572
28291828
33599639
30396641
32133128
30121840
31920338
35525483
30815203
30193867
30309891
31801049
29221406
31783260
32958802
33182291
30810146
27662549
31069640
33549800
28468833
32236840
28940963
33380159
33143856
31765846
31999279
31483284
31494008
34349227
28924949
33620120
29755663
29400209
31966434
31820937
29682972
30945844
28654557
29733222
32684887
28917955
30287623
30773034
31458618
29344066
28812341
31534483
29640066
31027419
32081840
31560649
31493620
31449208
30925282
32940732
32673161
31018748
33125309
31261817
32450321
32991116
30257690
31516172
32136432
31514563
32510357
33116867
30358332
33410130
33242454
27120914
31003170
29358628
30435091
32530523
27757083
31627363
31345109
31074947
31371120
31326334
30673496
31271608
32175314
33514490
33861274
33256246
33209746
33375310
31438405
32289293
31382126
30269939
31968093
31451697
32000922
34907939
27979280
29399527
31380901
31544523
31035226
32078114
31739130
29575259
30497231
29371295
32062874
34267824
31732963
33277149
34945685
34513451
33877458
31405788
30674461
27802527
32838081
32729900
31245174
32208013
32478531
33852658
33128507
35960906
36264345
32093764
32029585
30188971
34256810
33303335
32583838
29233477
33262809
36574996
32473665
31732180
30744558
29943251
30563596
33622864
34456263
33330309
32412719
29340059
32711934
32759562
29575647
33313420
31590974
33451947
37239624
33536208
31388814
34639617
30559602
34283414
32017589
36487686
31090870
31356452
34920854
33228553
34290687
31148591
31929141
30726746
35750031
31430505
32036132
32859967
34332065
30678851
29615276
32849107
28986344
30750841
33227720
32025385
33183838
31737506
34150289
33459775
36656128
34058648
35734907
33329987
33976201
34061509
32360724
33809225
33859931
34733514
34711430
37197797
33202556
37124167
35828184
28816125
34426092
30799803
31513987
36091752
27894650
33019765
33378235
34691982
31825940
33003235
31501040
32853169
32746600
35107195
34812397
34178523
33309152
34133029
33619583
34117604
31213230
30718293
32098602
32136212
33334935
36352734
31720794
29185030
33903436
32353424
34115420
33924392
31844254
32841259
34395962
32168202
31638805
34646857
34095284
37672769
36925394
35718155
33241919
35074361
34325042
29209376
35992136
34783399
35090124
33958997
34883553
34703290
36826154
36527026
38884485
35486700
34030417
31029935
37555775
36141494
34456630
32055536
35416316
39969185
35391834
33280252
34939956
32071001
31202037
33936189
35015939
37115145
35975793
31358275
32600296
36721009
32160184
34604456
35094559
36475796
36914255
36499177
34520414
35812797
31035665
36777811
32955731
38191194
33385477
31675910
37348742
34592518
36618984
34181746
34189483
32334331
37762727
32864905
34807698
34797976
36752564
32864268
32479300
34429885
30951961
34421158
36088855
33679777
34247525
38068412
34564429
37598365
38709485
35126942
37315450
35561314
36492796
33701048
32492699
35170167
38711222
35982518
37252394
38767113
37248891
37922824
37821119
30088893
35146282
32963567
33968186
38753327
31520911
36432258
35135994
37594703
36376730
36186164
33323030
35608513
35527344
35003322
37044006
33895315
33369076
35221246
36177868
35184171
35354837
31865717
33984994
33758929
34472938
40206806
31500341
32422532
35790801
36407654
35539435
32713643
34548031
36392402
33867012
34444160
36812319
35889153
36035577
35014339
33413169
31399336
32782745
30927117
32384317
27093800
32866297
31489309
31622212
34282228
32811696
32466672
32837795
31384910
34823562
32500947
30838845
28799991
34267512
31621249
33222963
29748263
32141252
36539116
33476098
32093612
30866057
32331997
28628724
33605648
34183342
33886056
32409014
29086505
31441101
32207228
29246858
35083909
30689217
33467989
31688250
31794888
31326910
32058131
29646125
35031693
32044274
36407314
32080329
29304378
34087528
31276127
31816304
29966283
34510113
30550379
34794753
29030384
30516606
31472526
32065284
32159753
31609025
32157728
29623498
33488211
32669967
31831032
30514262
33407847
30961226
34290196
36274392
32621346
34948309
33467783
32909290
31092370
30817065
31945823
31731593
34049026
34144010
36097147
32837821
33985534
34039117
28113529
31789554
30050457
32030172
37228277
28855151
31705715
31568845
32004209
31036523
31493285
31311807
30851906
34023513
32002561
33134607
34028039
34173143
31452813
33816336
33195343
31717007
30042040
32952683
31432482
32073782
33900037
30827051
31411114
32331418
32176307
31942028
33474552
32886256
33696500
32043996
31010690
33084539
33094944
33057431
32131117
32021770
30250776
30858575
29191509
30415143
24081646
32385472
30258453
29266643
30164845
31649515
31342407
30316150
31720945
35183328
29627146
28742046
26991741
33692484
30226769
31994915
29036992
31640490
35811809
30880976
29877061
30521166
29190086
27061347
30006956
32205801
31217420
31787164
27062777
29209738
32573182
29321150
31090601
29719733
31636641
30630653
31501763
29967645
30831473
29496974
32455952
29352028
33624558
30050647
28993729
33494073
30738169
32391440
29673365
31187433
28555266
32903579
28935671
31334736
29771758
33841275
28999608
27757211
32035328
27919458
30908144
30608540
31419103
30244810
32160465
28906397
32857629
32687909
30459485
34059225
32128894
30601184
31501101
29677115
30741377
32918880
31624680
33375877
34100748
32417677
32933777
33703947
26566190
30522271
30098182
30217651
34826430
27174653
32469693
29996310
31157318
31356481
32252509
28774189
30813004
30996681
32461397
32835814
31024981
29961131
30840920
32526440
30473135
30508172
28476421
30202959
29269953
30198596
34341907
27346631
27999571
32371238
31851730
31394959
29347704
31116178
31594471
31093708
31206286
32539164
32286310
32070676
33891333
35112802
31074164
31456032
33167231
32436715
25985740
31983536
30737824
31093887
31172523
32912518
31822585
32858199
33659839
34699629
30386563
29213394
28886014
34170699
29376795
33803341
29531758
33861928
35489380
32361718
31318820
30022497
29546471
30515057
32722892
31987238
32089539
33214284
28470889
31354145
31874435
30110816
31222536
30044160
34316681
32394347
32127810
30956399
32669097
30977033
32972953
31487033
36690753
29613852
30149449
33240603
32604728
34470960
30290022
31942375
29909039
35288640
28977965
31513688
30242319
32345460
31322278
29688271
32523178
28220221
32284538
32209569
32904475
32321230
33119235
30419789
34574141
35075227
31385624
34311545
31589910
32080457
31328173
30255077
32078276
31604931
32082650
34040648
36259056
32243411
35570820
33708192
28948515
32713146
30363502
31892067
35153421
27602324
31004950
30761330
33553021
32787366
33502941
30375671
33740667
32743302
32259832
35628981
31470605
32894096
31858090
32013270
33418034
29786690
29802280
31487918
31769913
31291092
35167175
29505366
29705705
31907870
32571205
33490363
33172720
30516275
31410980
32400884
32150837
32441136
32217772
32800181
34403375
34620298
31245650
29730547
31168666
31578983
25770266
34213956
31031890
30648929
34155582
32706772
32915753
32028224
33059434
33876798
31045006
28188295
29335827
34811341
31642008
32846797
30325597
33301494
34644461
33729419
32495924
31463777
29936931
33339892
32116360
32380156
32271783
31637165
28278200
32471289
34723777
32394805
33619081
30204003
32758111
33550522
33666529
32299697
33768464
30707302
34122111
32231362
35903158
31179858
30130697
31611248
33097589
32408176
32661124
31561772
30712301
33777003
29584864
32794786
30234868
32538118
29902302
30999089
32851537
29530260
32102699
33678851
32380181
31258132
31776610
30494853
34699741
34475533
31568532
34038022
31801158
31601687
32073705
31372719
33597882
32593440
32322537
36153110
34886344
31786475
35001105
34542206
26461553
32251099
29224001
31772311
34973670
28659503
34225109
33163771
35005230
33131024
32407408
31661150
33658044
33335307
32868390
34424241
32992406
33355860
34920305
33811636
31077158
32778927
30233138
30944994
33654910
32647837
34843340
29837323
29632336
32884183
32458301
32017145
32406762
32874717
30139995
30640534
32017943
31546513
32922405
31557285
39873031
37420806
37368370
35082814
35363146
36778980
30740250
37941993
37180209
34940482
37459433
35807295
37129884
37929133
38822580
38970394
36001125
33033244
35989302
38143786
35835463
36935004
35744340
39118841
41020240
35667170
34139187
35949359
36427755
33754112
37989828
35706168
36247973
36598796
31711832
36807760
38412790
34026764
38765948
34471892
38075432
39260748
38455971
35701216
34297090
37489474
37209405
34952880
40931069
34650857
35886086
38042830
35794754
37716836
34713155
37339895
35136665
37677494
33615924
38826441
35449397
37174518
35451046
35713163
36752175
32781624
35978806
35806913
36652411
34462491
38348229
35628172
38369349
40502854
35373763
39142445
36912370
37034125
35994415
35565975
35317952
37961223
36492769
38195192
38951650
38080658
40225780
38571515
32735750
36827829
34658541
34734677
40101469
33825400
36914669
37064675
39180268
37896015
35343744
34588650
37396561
35263208
38459048
39845892
38403116
38284144
37819166
37287812
38007049
35545256
34059843
36681760
36402529
36513846
40585277
34987731
34765286
36602188
37432446
38587044
36894346
36358772
37475486
36030251
33350783
36857988
37622078
38405421
34314366
34828272
30802955
29980905
31437338
31767776
26129110
34829753
29875786
31047182
32764964
32211332
31275344
31101019
34627704
35853349
32764321
29517634
30179976
34023831
34262862
33524987
29166452
34481066
36437524
31858395
32476857
31602140
31124095
30125585
32797289
33041534
33418384
33603508
28247721
32136183
32618572
29941473
32992689
31308743
33371260
33370479
31774814
33231849
31787992
28392739
33602667
29786029
35006580
31444713
30398365
33607160
32514014
33320423
32305290
30105796
30267752
34795705
29591585
31494240
31045497
32391944
30580773
29690277
33596714
27138387
33006266
32610724
32772369
32375504
33037184
31068401
34889009
33489136
31979129
34795441
30974040
32685559
32714444
30351570
33276465
34200568
33429038
34419617
34336096
33820217
34972825
34428372
28074779
31880230
29341152
32450731
35330678
28177837
32934902
32059609
33294623
32652143
32609710
31532344
32900113
32576766
32350662
36311162
33317858
33267040
33159752
32270362
34475201
34240526
29449073
31405783
31745233
31252507
33561224
29578800
30330495
32613942
31320562
30787029
32121275
32482414
33742859
31710300
30718893
32181995
31331120
31720965
36224210
34433316
33880084
32556996
32395247
32011195
29035410
34971128
32532671
32132749
34605358
32775026
33761704
33205448
34595898
35886449
33384233
31337234
30935987
35590610
32390414
35704620
31603524
34870040
37523186
32594594
31807869
31748695
32959682
28488791
34006822
33254057
34396034
32911756
29867721
33019270
34767896
31176519
35556091
33858778
34335615
33139220
34418048
33430188
30252815
32407559
35389332
31022836
38445332
32911026
31567541
36128932
33296534
33907861
33852730
33417490
32065007
35599452
30541384
33426670
31928267
34657469
33425855
30361118
33595560
29330890
32050311
33695771
32894288
32095147
32982196
32067643
36214717
36222911
32123291
34218227
34555731
32576980
30634821
33218654
34283914
34953588
33885715
34901953
35186283
33584281
34527021
35066932
27545632
33311369
33177990
31721616
39703456
29859302
33148393
31934341
34466578
32997370
34320962
31150080
33437341
34434444
33796751
36693114
34589408
32691373
35351363
33963445
34814391
31887910
29741087
31070936
31984987
32826892
37655718
31659671
30843657
34720617
31911733
32982063
34156279
33213686
33261285
34921623
31891883
32914873
33628703
33125985
35890189
37153179
34540163
34246657
33169264
32744386
27923937
35699682
34358177
33332122
34025690
34683505
35055013
32287204
35024793
36865605
34594665
32937356
32024030
35300937
34061128
33667020
32107520
35975535
38816339
36246299
32351143
33675229
32324856
30503992
34635605
35581796
35301757
33527702
30864639
32831040
35066770
31860691
33537230
33952737
37720937
35172552
36589150
34068016
33777590
31394553
35459771
32937494
36268572
31660467
32508328
36164556
35155151
33865775
33826149
33312822
32846642
36102426
32210432
33534745
34948390
35503449
30098904
30167224
35826695
34270874
34501333
34436809
32807239
32503529
35596003
32719285
36120512
35647584
33958910
37302867
34969704
34075142
34833824
31275196
35289614
37440076
34993979
35297658
39064897
35808341
37325609
36738089
28594640
34959978
31931748
32886596
40062238
28224942
33154188
35101184
35698192
33254703
35564642
33639734
35239696
35341978
34997314
35213270
34319361
34609231
36600069
36790771
36741612
34240779
30969084
32468740
33869266
34728021
38353809
31689064
30350409
36613866
34036513
32245914
35328403
34762480
34139057
34217430
35737898
34246512
36190505
34064081
33243945
33711526
30304034
33228787
30434320
30408254
27525420
34044274
31795217
30092919
32604132
31864570
32395264
33510585
32192771
34484069
32791150
29706852
29875984
34041434
30781502
32645083
28184945
32685558
34879594
34557284
31796023
30986943
32314647
30379137
31178419
32736456
34126101
31684630
27795044
31722093
32682461
28765806
32943063
30838341
33106650
30756081
32629694
31731004
31351681
28939535
34371826
31041026
36530190
29790863
29651915
32263329
32301688
32092235
30731492
31364365
28426081
35548130
29780203
30072302
32262722
31324506
31136503
30184108
32149324
30152763
31502446
33094063
31401079
29359361
31545342
32404305
35314395
32610762
32216558
34798179
30953423
31257884
31704361
32168937
32434647
32381004
31255636
35713692
35826491
31505383
34304317
33816282
27851702
31856208
30837514
32134484
35007622
28150835
32008371
32689133
33938170
31174553
33478605
30762727
33147784
32276293
32293289
34870858
34239419
32699024
33671030
32720640
33070046
31220903
29962710
32213738
31709340
33658683
34865850
28913518
29976267
32246630
30669748
32011671
31960256
31161347
30205025
33008538
31240505
31533224
32684975
32828529
32109798
31360192
30215254
29476498
30017173
30112219
26271482
32723540
30285820
31224531
31074519
31170373
30439399
31588103
32690851
32284671
30958120
30067777
27001823
31350743
30606110
30424348
27547013
30487025
33440735
31679347
29586091
30037755
29231474
27847212
30783793
29287384
32070030
31474220
27521260
29675843
31660234
29393657
31914126
29695605
31198361
31565199
31361842
30831961
31224574
28509102
31948087
31378394
33966231
29214516
28846997
32525074
31521820
30067958
29938738
31855922
29385481
33238593
29069369
30157861
29779891
31615714
30253371
30424129
31649905
26557944
29746431
31045864
29813214
30057619
32773294
30673080
33753517
32012858
30269061
32650522
28991511
29862918
31019758
29121884
33222131
32250727
29911191
32152409
35383281
30667872
32910348
32816056
27112353
32121120
27862408
29863723
33391555
26619778
30978600
31058491
31509855
30349980
33102848
29684735
30388510
32765253
29848171
34227934
30960164
30498124
33499644
32024901
33185003
29851695
28883724
30803923
30307261
30426325
33144327
28698426
28023244
31487614
29254666
31061537
31139565
30260413
30572976
30980148
29008977
30615110
31213183
30427247
33891538
34173047
33558793
32428070
30427778
31537016
28720290
32772251
33166752
30672248
33094744
32472077
33117144
33829922
35324962
36030857
33311559
31795683
30925165
33125507
34545213
35005134
31073560
32616157
36333755
31148078
31497962
30919218
31929770
28162443
32941949
31960323
34425958
33506271
28525340
31693009
34848565
29559358
34677803
31827361
35054673
35732505
34907982
33529596
31927788
33224823
33821543
30179434
35776433
31370572
31022426
35159067
31798748
33377891
32780974
32179181
31205746
34365085
29329427
32671361
31768298
33050951
30021924
32294493
33236433
29216976
32544487
34000532
33404183
34036541
33675549
33293043
34515865
35608063
31853388
35582088
33140954
33278520
33325313
31793462
33816070
34017616
32977906
34400894
34271517
33222781
35966649
35262381
30155515
33825733
30382179
34289562
35737517
30968240
31856446
34633134
34078249
33148849
32078661
31844326
34088294
33104315
33521561
36069912
34349154
33638046
34700507
31010246
34403736
31009178
31969058
33348876
33248522
31624291
36700462
31022028
31635989
32554224
31297322
32358487
32994307
32608371
33579608
31746474
30579387
32294417
34261112
33266085
32307684
33280244
28591701
29189060
29853737
30011204
25569006
32907926
30016314
28823952
30913958
30288838
30222000
31377118
30307504
32236890
28881657
27686242
29057100
32962697
30192867
32204358
29072665
31407645
34181208
31479095
29254756
30270552
29724236
29635872
32718522
31319410
31949458
31694929
26845103
30117015
32013169
29583296
31543927
30230278
31271208
32550068
32659693
31628343
29384406
29017937
32178116
29705924
33680515
30328146
30249884
31425131
31405326
32437827
29696942
30391768
29560550
32657995
27907848
30498706
29727238
31196043
28808571
28816051
30021861
28487995
30225642
29375639
31439778
29436579
31499083
30011272
30600652
32166068
29377012
31594950
31269855
31974834
29359665
30093410
31430199
31223390
32195813
33047160
33382314
31109587
33265543
32775453
26950354
32189763
29091690
29968047
33564387
28974708
30732866
30634048
30983530
31156003
30877494
28892236
31712042
31609194
30890581
31694228
31279117
29712658
31661188
31880756
30076241
30044531
26750321
29560401
29275878
29848807
33030248
26964675
27471796
31365534
30182544
31237157
30666352
30368516
30751828
30099907
29372301
29928408
30671861
32100216
34528506
33167994
30128329
30314622
30283518
31712154
26412883
33231531
31944775
29913682
32606747
31045046
32221524
32841906
32330236
33432983
31888625
31888245
28047922
33055890
30649007
34328048
29397318
31668356
34642799
31551529
31936913
30805641
29789171
29316951
33563303
32957522
33174221
33946334
27311125
30198158
34040254
29299475
31561349
30082892
32333625
33442881
32727129
32133018
30331858
29248420
34416448
31496429
34290841
30536490
28477343
33688657
31141172
33118026
29952411
31649511
29651534
32549932
29489036
31519787
30841650
32651311
31049119
30233607
32202824
28752546
32277666
31690366
32268654
30158202
34387535
30247697
32985285
33278153
31985341
36397358
31965744
32030450
31832444
31733082
32620659
32610456
32120452
32480964
35604616
32782374
33286959
34379344
26627355
32540710
29352962
30512796
36280118
28735724
31794855
33230825
33267315
33182530
32599174
29936669
32315699
33379009
32594784
35481232
33291380
32400192
31365797
31946811
32978434
30609783
28853107
31263803
31106796
31009442
34845247
28204245
28173225
31740859
30992431
29715037
32546075
31353183
32541527
31359687
29931498
32177503
32615783
32775974
33383453
32169672
30370106
30430122
31194568
29999093
25020695
32890715
30795421
29749718
31202671
29878361
29252132
30644523
32415769
33763190
31379630
28864075
26158600
32015859
30085665
32442507
27149203
33905277
34251139
32243449
30645819
30337564
30459554
27884688
31394948
31528771
32054227
30581253
27833184
29099365
33733327
29188155
31749587
30581492
31097204
31246927
29409986
30696213
29303970
29835395
31644736
29932774
33782689
30134263
28318965
31917703
30823118
33144083
30301752
29832251
27402409
32159418
29153545
31159065
29022939
31651136
28939776
28993901
31754962
29167876
31580409
30876196
30364144
30294478
30841363
30019886
32633463
31749459
31546725
34043267
29480200
30886690
30245107
29277526
32574072
31901473
31929768
32815488
33369333
31942051
32642877
33402863
24826483
29631581
30153624
30291118
33495384
26470166
30510573
31969394
32875786
30797250
32453871
30317947
32983058
32880804
32392503
34831926
31624419
31434465
29977348
31862053
31573760
29445133
27415709
31020888
30753222
29352384
32370709
28147885
29017258
30927917
31805290
31078612
30343610
32000373
31256611
29499007
30520583
28718332
31817346
32849889
34856363
36234221
33290258
32790291
32272026
32982488
28772056
35051455
33413749
32958475
32274486
32106752
34252501
33425852
34810169
34634741
32220038
31173587
30635879
35019175
32765127
32700408
30983623
33790770
37556112
34430298
30381559
33042331
30779139
31835633
35727601
34599122
34212279
33902006
28118255
34031740
33549642
31741236
32954314
32002475
34158075
34250272
34089173
32019986
32913423
31360211
33724855
32175061
38345549
31625507
30870365
34699206
34342880
34677119
33646678
32919406
34370687
37366887
32637808
34020771
34337359
33901604
32078346
30126483
32668652
30275799
33676929
34271920
32839782
32446170
32799910
33261617
35498059
34999442
32483454
34982081
32047422
33969382
33193922
30322143
34939968
35202991
31042132
35226798
37015975
35083838
35875817
35521907
28981866
34789113
31444591
31449522
37914411
30168165
35022472
32971134
34331733
33399595
34023405
31966937
35591848
33954627
32171242
35532211
34297083
34056898
35674666
34496470
35378197
33704798
31462168
31562508
32838439
33619058
36800445
31371679
30507291
34812041
33548394
32208939
32965220
32980982
33964666
32607506
32773849
33597613
34587277
33843777
33274115
34156969
30625924
30531675
31192044
30964221
24885585
33543153
29808100
32696087
31209196
31181286
31456573
32801165
31783925
33521634
33001543
29074259
28954619
33321177
30412635
33368666
28276645
31437588
34191492
32341646
33128629
30755088
30950987
30570618
33416313
32783435
31904530
31443014
27407435
29843113
32668033
29412546
31264931
28545027
31846800
33472690
32153465
31104065
32098670
30190275
32996057
32191669
34344592
30962308
30054635
32851067
32537033
31642539
29390158
30926135
30113108
33878757
29348202
30745498
31296247
32386287
31218635
31452420
31857578
26359582
31337687
30793489
32707625
29836412
32872784
29664606
32580839
33852160
31954048
33982248
31302864
34301032
31027445
29743619
32604394
30776729
31468539
32812298
34953418
32656942
34745226
35079186
27204139
30794979
29495763
29183198
35028860
28494406
30065925
31095821
32378685
32471573
31886230
30552470
32580764
34168519
31240672
33050278
34338313
31527315
32530355
32367985
32740743
29163975
29731883
31032519
29808548
29791079
33267355
29611249
29034533
32593698
30192571
31110020
30834753
31227825
32003724
31616472
30627392
31704928
33336532
33323849
30982273
31927944
30648385
29821897
28491294
31139851
25046871
30868619
29709888
30741093
29634655
30477604
29753651
31693846
33690906
33500890
28854096
29561917
27302689
33493565
30881581
31864606
27345110
31121154
33551295
31077368
31700214
31114242
30048979
28228622
30883092
29886332
32325782
29478672
25281757
28954785
33014142
28122989
30162714
28028412
30889063
31117424
30055435
29851373
29008911
28981645
30323532
30031190
34283752
28944055
29014867
32186556
30214407
31921393
29090872
32808974
29076129
32922572
28300190
31974381
29232210
30320571
28846853
29513133
29879079
27673262
29193783
31097074
29034689
28750086
30756136
29208668
33493914
32973403
30553488
31795926
30631146
30356523
30366346
29767260
29238275
29693592
29884982
33276429
34048593
31322405
33039087
34625269
25714588
29732348
29234935
29314923
32623925
26489633
30879388
30478554
32393005
30114722
30836920
30307932
31516313
29394417
33070332
33361399
32014836
31305023
31728123
31881866
30948573
29570601
27348027
30421354
31030686
30183812
33395967
29358656
29387966
29670040
30751150
31060849
29872593
30925612
31149245
29999354
29057147
30325085
31395031
32399549
33467883
32499442
30919700
30362891
29992765
30601956
25390936
31641634
32265615
30189966
32194743
31432633
29936401
31149380
31451652
33534307
31235744
29953211
30567182
32408656
29818605
32107579
29332934
32199825
33858436
31890060
29757419
28330939
29372050
29064186
30584396
32873512
30431455
33698479
26646102
29405689
31627632
26930921
32387957
30864508
32167653
32122027
33318807
28954843
29320482
31150795
31192392
28519760
33906980
29917227
28825130
31087245
30231985
30878443
28660309
33249048
29073333
31537228
27885279
31493043
28574972
31517952
28052676
29172735
30675754
28343481
28961078
29647006
29346737
29311771
33126542
30033232
32723998
33552663
31438673
33146807
31428019
30309403
30300882
30103244
30289224
32504726
32112213
31516558
34148464
32030043
34783092
32903236
27892689
30984109
28690811
30886823
33248578
28614534
30052469
31763530
32298848
31236023
30734325
30300267
30976697
31851620
31865092
32278569
31601181
31912529
31238712
31183259
32979362
29823515
28443077
30387642
28776620
30947596
33681679
29227287
28370187
31244320
29642436
30620930
31023456
28147795
31282865
28579793
29011599
28871784
31797735
32783977
31637063
31435728
31444139
31597486
29870065
30810039
24830064
32104257
29680434
31464976
31327437
30078969
31160186
31946876
30969225
33895244
29478668
30310778
27547118
31990866
32271506
31497827
29093320
29559846
33528384
31299571
29800880
29124958
28553004
29398778
30180864
30948832
32552421
31178125
27296267
27953511
31206634
28982460
29612865
28679927
32735366
33557784
29692008
30398660
31607064
29836001
30836154
30526947
32372643
30624082
28240428
32847542
31450154
30372103
30792507
31329334
29174517
32614633
28931967
30365915
29808601
31144085
29125625
28611299
29940606
26580524
30916982
29948099
30852660
29518993
32525560
29736750
32032825
34219631
30492797
31714412
30101839
31605426
31678721
29187080
30603492
29205087
33066142
32753995
35172185
32814575
35387714
33454554
27346247
31022420
27886460
29805952
32158199
28134061
32354927
32482854
32592726
30520967
30466368
31628558
31164387
31069252
32279353
34228303
32351828
31414289
32273261
32624442
30169558
31023418
29784752
30876821
31100316
31847737
34460668
28958315
28371480
32147826
30584103
30001880
31232668
31097972
30374889
30992897
31286511
31036863
31378243
31875952
34086171
33913493
31725275
31473605
30638610
30865137
27230728
34089860
32503593
30355101
34275591
32659933
32381096
32788031
33021027
34766055
31267627
30423875
28944058
34385828
32042015
33440221
30527078
32565916
33979942
31906659
31926316
32133539
31304790
30746320
32812936
32835290
32535497
31274699
27128066
31633965
34583395
29443516
33273034
31986824
32156752
33092283
32779825
32284063
32381054
31250077
33501263
30825519
37061726
32010673
30404020
32292156
31868664
33305655
30347555
31888572
31665685
33137286
31133556
30923975
32408186
31405605
32385644
31372024
32813541
29369211
30952717
32352568
31068776
30664064
33389871
31972426
33417405
35348196
33114610
35302869
32665540
32723945
32299635
31332139
32744603
33272814
32320882
34568417
35490869
33483721
33767881
36449079
27011355
32701909
30980586
30613909
35625064
29646537
32263798
33059767
33392258
33607036
31713717
30922173
33166326
32308639
33788302
35122154
33387519
32858267
33344436
32418268
34022620
30957530
30754557
30937129
31835961
32102096
34821497
29633534
30915896
32536444
31486929
31682992
32940717
31258766
34006537
32547030
29910608
31754759
34862782
32535691
32274488
33273908
29145731
30162724
29690410
28534865
23637050
31984485
30988587
29251890
31538368
30878194
29967672
29991514
31371948
32189920
30211209
28648983
26620072
31703403
30197481
31425591
27570827
30735102
34922381
30235100
29758061
27720274
30455058
26629296
31461000
31744437
30524058
31372954
25445869
29788138
31082195
27549168
30155487
29760913
32998101
31603416
29717659
29713314
30388261
27746122
29132203
28772114
32733844
28603940
28001433
30501069
29769683
32196522
28503017
30249864
29071856
33074918
28711776
30018379
30227387
30720635
27234113
29565236
30347951
28017125
30136728
30852474
29322613
28312387
31198777
28111097
31902015
33115182
31600929
31955721
31220082
31470294
30970855
29121461
30165712
30048132
31605373
31681636
33011751
30492634
33792134
32214207
26189882
31633125
28531178
28788652
33142716
27647077
30122154
31312237
32091910
30132497
30118751
27841402
30989321
31488199
30632461
31960232
31861071
30933137
31073729
30432985
30624683
30131132
27670192
28714885
28737549
29920734
31757107
27797680
26523355
32574838
29086069
30395425
30732364
29541439
30809800
29914956
30181140
28784593
30581135
32750486
34191401
36469940
30376787
33284121
30186752
30946551
28242727
33774123
33869543
31952156
33885342
33458458
31445356
34109082
33300060
35131046
31951879
30670955
30565766
33862552
32125429
33073193
29559311
33409562
34367540
33997798
31963386
31544862
32099257
32237377
31960969
33520026
34014648
31985588
26567507
31454747
33128576
30210477
33448191
33496341
35434411
34001088
35207466
30584527
31242510
31062500
33418664
31810004
35587591
29616629
32311849
35178398
33395082
34330394
29648725
32669764
31038274
35419443
30503733
32512673
32506000
34097251
30048916
31481177
32036184
29640737
32488570
33089628
32113969
32732075
33559951
31991796
34392570
33629391
33890667
35547014
33338583
33158033
34100003
31928591
32391190
32754436
33046326
33783606
35403770
32955746
36938351
35123220
28990677
34009255
31695397
33284537
35463371
29983073
33030949
32856301
33357574
32692985
32131010
30464816
35717081
33731200
33424824
34054839
32733952
33530735
32656342
33276666
33663592
31131180
30124621
31976435
30178937
33099167
35667251
29604051
30142531
34656473
32519375
32879039
32480070
29675678
32710248
29992733
32137715
33574150
32872790
32939783
31692115
35406561
30660640
31066872
30783971
30859931
28460193
33127297
31936355
31367150
31794654
32237442
32066362
32724167
33623776
34508441
31023392
31135777
28501647
32431185
30811224
33011900
26636868
33787472
34787520
32923895
32259006
31765473
31498750
28582855
31681725
32808575
33079742
33298276
28227856
31836355
32835301
29705358
32928742
29764573
34315896
32274256
33397318
31568043
30000788
32053995
32770743
30532274
35905872
30710444
30468943
32580073
32707190
31509101
30186589
33754248
31006073
34772199
29158836
31822405
30802610
33593186
30146599
30621578
34123594
31510518
30565622
31331306
30702999
30376663
33649106
31114721
34192195
34315148
31839458
34114925
30449554
32508500
31898225
32738954
34067782
34145118
29600768
34036168
36855750
32571673
33101282
34591771
29731371
33715201
30589011
29910316
37661341
29017909
31120404
31338498
32408223
33314213
34229502
31379530
30620265
31208309
33668252
34594258
33680497
31821433
32752813
34006623
33832984
29430257
28511456
31835305
29892883
31239842
34233649
29329957
31857883
32545848
31549380
33419188
33951775
31312526
32094719
31926099
32458892
30557689
33496361
32927284
30071093
30882895
28503591
27649996
28073648
27371191
24120537
30165237
27976855
28355871
27487028
28682239
28875801
28751424
30045616
33200159
28709514
28384548
28125646
29513760
29431753
29840333
25929028
29566754
31926416
28623822
28190496
27711332
27762649
25923407
27450744
29304567
29348739
29353328
25691672
29290133
29610788
26232767
28663159
28064003
30135207
30804208
30162673
29113933
27939191
27085869
29637284
26405556
31842819
26787827
28555228
31064702
29417913
29499974
27301677
28079748
27606934
30777158
27285310
27879496
27906925
28982130
27285130
28326804
29559461
26934528
27777417
28416826
28710898
28676567
29906177
28817888
30099137
31628347
30341769
30436009
28013094
30460134
28770339
27402448
30051709
30637790
29089850
30286016
32687072
29739146
32105477
31161321
25293916
29364755
27577345
29609017
34042608
24990212
29246050
29173252
30506704
29720431
27905613
28064684
30106229
28959188
28923947
31215873
30502370
28234584
30937922
28384250
29386532
28366557
28399657
26977481
27810358
29581516
30821220
27635061
26929751
31846049
28128600
29132591
30281037
28250567
29361101
28249708
30241368
30568650
29858552
29289923
35808329
36329507
33846294
34584237
33048573
32744083
29404955
35117677
35406014
33880144
32403442
34251557
33301010
36646193
36649271
37490822
33165470
32875160
31025332
36217283
34159066
36011580
32111518
32732944
37894570
32713253
31367254
32716216
32745029
31405050
35399210
36079107
35105356
34658989
29832589
33548875
35420253
31043331
33610097
32972784
36089459
35591051
34400425
34055691
33825697
31659392
35687491
32575424
39089889
32330851
33210107
36596311
33692604
34901111
33216493
33683020
31878798
35055169
32175092
35045687
33072857
35096604
33538301
31720914
34533051
30365698
34904778
34162278
33786244
33130662
35618832
34027251
38200549
37506121
35842519
35111523
33469855
35989289
32960415
32583879
34281492
32648177
34945113
35561522
36876045
33221877
37565905
37851402
29962758
34531049
33127754
33191263
37566553
31271151
34346580
33459078
34913553
33922388
35517725
32907133
35026734
35571180
34913837
35917788
35648703
34738817
34890072
34302355
37111763
35255904
32844290
32512521
33204816
34278494
38031920
30189682
31961885
35033553
34396505
33687315
33715482
34817678
34105619
32480456
34174291
34299179
33785657
35125313
32981418
30587212
30207936
30210263
30225424
30647737
26117619
33571783
30050207
29792060
29982633
29286598
30756317
32321258
30040730
33907652
30107191
29090964
28003159
31667014
30207101
30727889
29626034
32856666
32880503
30624934
27461753
32222582
29352425
29117012
33015864
30614628
31273613
30250536
26608291
30707849
32430144
28960992
30476920
30020677
30029677
32115080
30317379
29408295
31807729
28982123
30645047
31136615
34203368
29297399
27802429
33374775
29467223
31808778
28062364
30910666
29429380
32840472
30919368
30309646
30474135
30256367
29854046
30067018
31220474
28477523
32771956
30950106
31365715
29748396
30065629
30515122
30401464
32664907
29201558
33576264
30429692
31560386
29065815
31032668
31140417
32999666
30134492
33508008
33036063
33177921
32206855
30977547
24958499
29796319
27683980
29167905
34089834
26312598
31774791
31800148
32677622
31114299
29894510
30267920
32708402
29798869
30434478
34656555
31749348
31074442
32050605
32236964
31139314
29920124
27395397
29645066
30990566
30379067
31746472
30345684
28602750
31985520
31220895
30787367
30804296
31791553
32868759
31068134
29222094
30004500
31905613
31357256
30646212
30721779
28251277
31330332
30065621
28433220
23975591
30027858
30508322
28883581
30409527
29486549
30102631
30923217
29818059
33444895
31731322
29459020
28993711
32748815
27398175
29616163
27606814
30452325
33659482
31783740
31201079
31257448
30326395
28447967
30734976
30584650
31327705
29926757
26045313
30972695
29599458
27125576
31945371
29685049
31698048
33229553
30196038
29371885
29423772
30190495
30949038
28539093
34267190
27810969
28140629
31639193
30291691
33004298
28857002
30464033
28561078
34686362
28441037
29386975
30894452
28651335
29458306
30270278
31790312
26599874
31130989
30438532
30644094
29406803
32618228
29713524
33630535
31631293
31724292
32538044
29010158
30813474
31994557
28968637
30068561
29062971
31513796
31223799
34633885
30809903
32333162
31264794
27006709
30333473
28934519
31316003
32010805
28262784
30200760
30107340
30145065
30160560
30298119
28059461
30888940
29942807
31363417
32994187
31375983
30124155
30763749
29781009
30949127
28213585
29201521
29955583
28912937
29841068
32453370
29841005
27749255
31278140
29622095
30969644
29235320
29448118
31607062
29682556
30013872
28860767
31117364
31467002
30289084
32916062
27278964
28245630
29838173
29021697
24122350
30373129
29513498
29071395
32023377
29302888
28599941
29921642
32523019
31582356
27718485
26975339
26871270
30961458
28702148
31038392
26163810
32101353
31756349
30930056
30712168
29804112
28471130
28976412
31819667
30966674
30570427
30470093
25561745
30280823
30213958
27847246
30585600
27675724
30055654
30147183
32410449
28337362
28984432
27464006
29155986
28598663
31681416
27403309
28433587
28087176
29768505
30018796
26381681
30666694
27887087
33112994
26555553
29188911
27495790
30780995
27248162
27439667
30973825
27149530
29067922
29874012
29036037
28896602
30686477
27914427
31543670
30321695
29468653
32303990
28128874
28450073
29318491
29491061
30554064
29743738
30242945
30972820
32137566
30547488
31733744
31695780
25546217
29270310
27245389
28728673
31884713
25541089
29323593
28650674
29534660
29271425
30240882
28203698
29922774
30651951
28147876
31562016
28766087
30719130
29373532
31557553
31648341
28781569
26952999
29037464
28387056
29231475
30415971
26765948
27041326
29728676
28535984
29556976
30048516
27753911
28206191
30353611
28416128
27951487
28224601
30694963
34676204
34910581
33178295
33484186
31549325
32508644
26586524
32911409
33471043
30466414
33774574
33778350
33892316
33470442
34173170
34641175
31208906
30488940
29458526
36363421
32634091
35153745
30281087
33635783
36460848
33144710
33501706
29631731
30942613
31880204
32224787
34612084
33266652
34310276
27692851
33321600
34069464
30931303
35162674
31057625
33824177
34588813
33400044
31419483
33578348
31610963
35353856
29998636
36789395
31033303
30592206
34098960
32120448
34243173
31821408
33475057
29346531
36217951
31015560
32413063
31559440
33433984
31052342
31427267
34084428
29818988
33118042
32033065
31941826
30648340
33854937
32023904
33978860
35800058
32338422
35273876
33344157
32770118
32286435
32969056
32529326
34383230
34200184
35901708
36711399
35634622
35188713
34972067
29962376
32529026
31067100
32168935
36787761
29156834
34346919
31261701
35214660
33151914
34250497
30281387
32690470
33238602
34212006
35558085
34043447
32713449
33104449
33331282
33702066
33199350
30956301
33855941
31224037
31359060
35421043
31012611
29733164
33581733
33530541
33798756
32132833
32707000
33131313
34161959
31610590
33479074
34488616
32237820
29656616
32132690
27482699
27637900
27001346
27354241
25900302
30766747
29700864
29959093
30976088
29563262
28557805
30781847
31409811
31783517
29441907
28872694
29247813
30492589
28866997
27785100
26214059
29928699
31155885
28105541
28065005
28862613
27503812
29194192
30035077
31214150
27743234
28088332
24660960
28608184
30430662
27507293
30587173
29565185
30690472
30768545
31173950
27059129
27431486
27772503
30668677
27599502
32125373
27718614
29070215
31495748
29593259
28387484
27845206
28002117
30347673
31682913
26698556
29645980
30360463
29202350
27358357
27910745
29257715
25779353
28460104
30341338
27775850
27947078
30285600
29193540
31942932
32941851
28190487
29349661
28980547
29831826
28589092
28607735
28964653
28467939
28536374
30806735
31563946
30224289
33096935
30633701
26456384
29563669
26752736
27316078
33046739
26571694
28453505
27538425
30076900
28819751
28922854
27830008
32451045
29458007
29141280
30433845
30759019
29134311
28522490
29467048
30025767
28709405
26909148
28798267
27143599
30181653
32977837
28190283
28385835
31434263
28038633
30662392
29016401
28073285
30081727
30835627
27416255
30026107
29509973
29517575
36511766
35803009
34894500
34997984
32722988
32195513
30454326
37000207
33876269
33310063
35526707
35060579
35459866
34991001
36033777
37270434
34454146
31381995
32295589
37425662
34135284
36390267
31177274
36848423
39784346
35847948
34614645
32189351
33945118
32868209
34190766
36701646
37914659
36249360
29489208
33460326
37089550
32338392
36556976
35082585
35155425
36174958
35636713
33965375
32779833
34243040
35050044
33753346
38700593
33631229
33303243
34968940
35009102
37121502
33309394
33884197
32602992
38379147
32297546
34308706
33787809
34745730
33213721
33332837
34614735
29949878
33689120
36394947
35767159
35583729
35560650
34824791
37497144
36937203
36056251
37677450
34433561
35838380
34905714
34800970
35388180
36026261
35903044
38364026
37278678
36633825
38094808
36407077
30998977
35451988
33643788
34480853
37901377
32208525
35266474
34639685
36963500
35438979
35789587
32846309
35888470
35744773
35818644
37027078
36501476
36172759
36118850
35287953
35742566
33292996
33754534
35146455
33788234
34122925
38444018
32234395
33846835
36133635
32961812
35939696
34843782
33616496
34787543
33248429
34062355
35412715
36254118
36380005
31701141
32204188
29740368
29275398
28814861
30430680
25491494
31403997
30383292
31329669
29725041
29851896
30931469
29657365
32917655
32861020
29207665
28566518
28696963
32532405
28532135
31660236
28367192
31274329
33329077
30035152
29684609
30987214
29099320
27486991
30997058
30396023
30032577
29515320
27679887
29599959
30665913
27746963
30610715
29387800
29953718
31631144
32017761
29161536
31388665
28690253
31501155
28164425
33451763
29684389
29537238
30455215
30978724
30439416
28820112
28890171
27797919
32530217
27282125
30606550
29768461
31086159
28664488
28403611
30133268
26582327
30348393
29733430
29309398
29059465
31094595
29906090
32616721
32948829
30044185
32984997
31204442
29729352
30398814
27044511
29870172
31574529
29372869
32439585
33939660
30390170
33924133
34845710
26838869
28483189
27941784
30572178
33729963
25433952
30641785
30753797
33175528
30097033
28430832
30073283
30714992
28748231
31555581
34204566
30113710
30593168
33112447
29044872
32160104
29699904
27182080
29359248
30976806
30626783
34449179
28612463
27799708
29844970
31112993
30248993
30165296
30954985
30534924
31155050
29128898
29400404
30786587
30695921
30410064
29743272
26500558
28485505
29829004
27338538
22268457
29402645
28094436
25897269
28578865
28860936
26490239
30507323
29201530
31181457
27301670
27736652
26692112
30693963
27899232
29768396
26903806
28022589
32026250
27010913
27217992
26906197
27961752
25002689
27728541
28057650
29182391
29197415
25129414
27380906
28857642
26312788
28402166
28161279
30218895
30474647
29527549
27665112
26966075
27719618
30442336
27500721
30297133
26131084
26148857
30024488
26543204
29523020
28977370
28218801
27065344
29910595
26761370
28134052
26797485
26935815
27125038
26687191
27342386
25139852
29018942
28434743
28285864
27068212
28956874
28690324
29283109
29374700
28551956
29978662
29117646
28575967
28509947
28720626
27942529
28227680
30228551
30719835
31539429
31003630
30505994
27786517
24989465
30648808
28410457
28244944
30068187
27556626
29012294
28525323
29168746
28911313
28110524
25802521
29846428
28702908
28603820
30998748
28934724
27846154
27400378
30015660
28706634
26014307
27008557
28848525
27743494
28294090
30620892
26118307
26563035
29368090
29359911
30325438
28252153
27717735
27281199
27593948
26609356
29176057
27678683
29761496
36679563
38245097
33946347
34811208
35891786
34151654
29264329
37271519
34939758
33962437
37225891
36560847
35368819
37647089
38178532
38208795
35325873
34346791
33140794
38543414
36034108
38755011
33013543
37133811
40279593
36149652
36163823
35036380
35024608
33487239
36470861
37293009
35711887
37971350
30503121
36362614
36660392
33554721
37752232
33317407
36063089
37628158
37787729
34780358
36225204
35685314
37763021
35071226
39275713
35456428
33120923
35291462
35478678
37043254
34924195
36093621
33182712
39385758
33950648
35885375
33979066
35112303
34522151
34277456
35430427
32290708
36020050
35439023
36313985
34454240
37665665
36251808
38228031
38298199
34461760
39917979
34299548
35193190
34431420
35017488
36237344
36953975
36307382
40195275
38349981
36896086
36667929
36523687
31091324
34858114
34318803
36388600
37341542
31755315
36940245
35499968
36599567
38045140
35386910
33384926
36261456
35581177
35911429
38180377
36369764
36373133
37352841
36499368
36220561
34676636
33909661
36579270
34875833
35624321
38658678
32601052
33646432
36342751
36131156
35270184
36525350
36431702
34557429
33963463
34398854
36911690
36558978
37878651
33026271
34613742
31638618
30988987
32242095
31011458
25689901
32009088
30457395
31632827
31853749
31320822
31359486
32724580
31167620
33387850
30952805
31075066
30206143
34089290
30140688
31453803
29621764
32900175
35070866
34082482
32150742
31758697
31949988
30915200
32360749
32689980
31997209
30729170
27904266
30769810
32472894
29385094
32999332
31361215
32900922
32754029
32067054
31588083
30356040
29715615
33600197
31735381
34346889
31246142
30764316
32413962
31931770
32169458
31433123
33522554
29120754
34355395
28653298
30392854
30326617
30323894
31909455
30474382
30318260
29182109
31720656
32612467
29918378
30409683
32039169
31431986
34816885
34322869
31978196
32013163
31394910
32060706
31313439
30190619
32952267
30970240
32935281
33511690
35922700
32116914
34739376
32527106
26959707
30672442
29318492
31598302
35719110
28127458
30227494
30531462
33173897
30700728
31188308
30988880
33279389
33031806
33413654
32367322
33447042
33877472
32717112
32598812
32152340
31432068
29690817
32118433
30935095
32877148
34563150
30636730
29648536
32288478
31675859
31734307
32460140
30908129
32205727
31616601
31054525
30617781
32391058
33877600
36868394
38040606
33795892
34657209
34461608
35239658
29475116
37574956
34592438
33458564
36409509
33901658
32811939
36486387
35781429
38092291
35892763
33596921
31092530
35935810
33230075
34007030
33632690
34255398
37498160
36441660
34139929
33658464
33150470
32225234
36400233
33990737
34209316
34992873
28552496
34512890
38293160
32665913
35435757
32662878
35829611
36057373
35767996
35349459
36077272
31959595
37282692
34246192
38873921
32270450
32926992
35431178
34275354
35303172
32935518
35705825
34593583
37972670
32095899
34650846
35092096
33458981
34292474
33328036
33927710
31861441
33674654
36282891
37033999
34107423
33637206
34568497
37614113
36506649
34681844
38051776
35192351
34826332
34943043
32618134
35228861
34949106
34140620
38847263
37808044
34323665
36514693
36810584
30107164
35016850
32192090
34136736
36170023
29479388
35535200
33574483
34036889
35503971
35164296
34900174
35491312
36299955
35671521
37192147
35691878
34511672
36860641
35356287
34954398
32328182
31813490
33215055
34286501
33651200
37588102
32067583
29502418
34444759
34042681
35945168
34328166
34915252
34734068
34089051
32012200
36074172
36831593
36158880
37373688
38647052
32838857
33477598
35733210
34572610
29626579
36837074
35853008
33422837
35919178
34684460
35002608
35777592
37086153
38971466
34839932
34875105
34439211
36472088
35574830
38203192
32423683
35421269
39902439
35055772
34296266
34316387
33691127
32631393
34971848
37232909
36532772
38050863
31102921
35458881
37437250
33829274
35064863
33633417
37131262
36906457
37948619
36021799
32969971
35188438
38353143
33652878
39727303
33294950
34523410
36674752
35613908
35828094
32568747
35231040
32659534
36052486
33127663
36047992
34558416
36157893
34305136
32918805
37444569
32308027
36991776
35195295
36855012
35849066
37925912
34919143
38259872
36723836
37103345
39769259
34603318
35259830
34672084
34428321
36341539
37261256
35197025
37495899
40551657
38023369
39050318
37811676
31646467
37264471
33645508
34911115
41282570
31677698
35905935
36506778
37161694
38741001
35423469
32997576
35493310
35354067
35950157
37698220
35269135
36273213
35641904
37927351
36294748
34429225
33267043
34667011
34799734
35412799
38245972
31696057
33785696
36523137
36420049
34493524
36725419
35654793
35398406
34022771
34945471
37793460
36110028
35919150
33330986
32496016
30561267
30000100
29522326
29163132
25669806
30600254
29988948
28313547
31935619
29113108
31154206
29696134
30580208
31273246
29452954
28135585
26045292
32600435
28162978
31060915
26805160
31243021
33555042
30812047
27798204
28380807
29118595
26922040
30368802
30991357
30185715
30858040
27080591
30488085
30615085
27492458
31503809
28901639
29746788
32630827
30293398
28104995
28675690
27570939
32958143
29444480
33947731
29406043
27081651
30461018
29208925
30135899
28687297
30051123
28231971
34739391
28692687
31346992
28542880
31902078
28457821
28664467
29964815
27335811
28331110
28942995
30488602
28422457
31001062
30365003
31732303
32743978
29811832
32078936
30815466
29727707
28783892
29078754
29915310
32015005
29914989
31042760
32292298
29825723
30749593
32194173
26488467
30130694
28497769
28979389
33560949
27027674
30662849
29961096
30933813
30433240
32512809
28357775
29036838
30515068
30894457
33479201
31527816
30077332
30487226
32286686
30533971
29246902
27757690
29208855
27920210
29337639
33088234
26554330
26776781
30157028
28834358
30716572
31500345
29731532
28797882
30598374
28896554
28747989
31407915
31309850
32132436
32656822
29705613
28836916
30197709
29760273
25382434
31806352
30589648
32168654
30869519
30473028
30732322
32133719
33495495
33022708
28982525
28849184
26961443
30026709
32037128
31283889
27357961
31947580
32958794
30364769
30274061
29718271
27611528
27856238
30063424
30541187
30589017
32368495
26829969
29342396
29803386
29413614
31438510
28934537
30127781
30304273
29606066
29808359
29685959
30228243
30351922
30093107
34322364
29850120
29209904
32095246
31037393
29309648
28699975
31783017
28739764
31450092
29701506
30730786
28870171
31084979
28721253
29093411
32524899
26374791
31154192
31312377
30152180
30044390
32195166
30270516
32571424
32874525
29893522
32429027
28237744
30549928
30083227
28254784
30973300
31271096
28060709
31197071
33881823
32393177
33235195
34386074
25321134
30588387
27849069
28620529
35509087
26787794
31921760
30726922
31582847
31168379
29105037
30284022
30702590
30611640
28941672
32837328
30051955
32277332
33045913
31478210
32532363
29521244
28677584
30902552
30018173
29617685
33888027
30050967
27698050
32087443
29690707
31724263
30726208
30480977
31879169
30470952
30519234
30270011
31576247
30590362
32670734
32313681
31364877
30116529
29160589
29481549
26582794
30936891
30699157
29868111
31148651
29937935
33559183
30619214
32682997
33431390
29816477
29423071
28451831
34179386
31384263
32228823
28713311
33056059
33714095
30752945
28516906
30884521
29216236
29834317
31572744
31540025
29821952
31138012
25725972
30089898
32706631
27758941
31707250
30646913
31205997
32900924
30820684
31547888
29955133
27244703
32441944
29244875
33931656
30323984
29228246
33384776
31232747
31248939
30959115
30524090
29570843
33125424
28531246
31399703
29865601
30687591
29608326
29361749
30280164
26574960
29080798
30994018
29305672
31035404
32334616
30312621
33716840
34176942
30754072
32774547
31828534
33031569
29721729
30013749
29776585
31958004
30211942
31832292
34815931
31891359
33599679
31148191
26114332
28331424
28806305
30444665
36061325
28339173
30278094
30891572
33937148
31667630
31394755
30585350
31869482
30673440
33772272
32386960
33571030
33762394
32339425
30434554
31951515
31207680
29629563
30105084
30805739
31448209
33673909
27966475
27337196
31047794
30108628
30890195
31677081
30410693
31048484
31096223
29689221
32032836
31592131
30849610
31070505
31489698
29514010
27397157
30786523
29804439
26167547
31714595
30756373
30609193
30104819
29817864
30965153
31454334
30976294
32155945
31451602
28838087
28235948
32770307
30056097
30586170
25807274
32105337
33338413
30550344
30152083
29051728
30324243
28387318
29140889
32033754
30836462
31516011
27226328
30973944
31652602
27985818
32784661
30219116
32172366
30567988
32290925
29602504
29118779
28403088
31939627
28804217
33466820
27850994
27680068
32795746
29744424
29995803
29506843
29994215
29708146
33073180
28220753
29612010
30133300
30556315
27952031
26869089
30567230
28835906
29991001
31185056
27182623
30796275
31298597
30112822
32719558
32468873
31450926
32194191
30292720
30609059
30168361
29067706
31326542
32253774
30021310
32268638
33995884
31715547
32799763
31209798
27873924
31117861
28146919
30647423
33740305
25760039
30857031
28872609
31017410
30702668
31759169
26826202
30325007
32032406
31492649
32105638
31009616
29332821
29459036
32200247
31626704
28194043
27454079
30845548
27866945
30290465
32603380
27879900
27347571
31427128
30399794
32338511
30030173
29837596
29926675
29379046
29351154
30811290
32563506
30426471
30939811
29377431
28157381
28272889
29107411
30419260
24869503
29673782
28782211
29872461
29166034
29551112
30161030
30896579
30737945
30172118
28487182
28955242
26761283
31331804
28183624
29154789
26506411
29372142
32120827
29516388
29680678
29554305
28568318
27644139
29938498
30216332
30923934
28438697
25203331
30630084
31316321
28379776
30615739
27158773
29811159
31355594
30709064
29179195
29365200
30606775
31310940
29164049
32617807
28719794
28649839
29474392
29283675
29219425
27481147
30562072
27984886
30114525
27046855
29732714
28269898
30229825
28387164
28883989
30274948
26525580
30607354
27840955
28300493
28997408
31535602
28937932
29585065
32961842
28860791
30853122
28376098
30968393
28869663
28395926
30312136
30903631
28640450
31636302
31578019
30886606
31096204
32762759
26095047
28618557
28096983
29184185
32589160
26858335
29415515
29362912
30901880
30279919
31225168
27625622
27947871
29726270
28852435
32980093
30004001
29311809
29500870
30414786
30603246
28988344
27304769
30499232
28700252
29400136
32632580
26814103
27580777
29207614
29416067
28845147
26913115
30435964
30434585
28605180
27304410
29289517
30304291
31057687
31430215
30823558
28408919
28700904
29269469
30357383
22529092
30694131
30237031
29652646
31242697
30616282
28744030
29238721
30970083
30768284
31018897
26310157
27126743
32729466
29271115
31115877
26119663
30292138
31345856
29486142
28523456
28408027
29345866
27366248
30724913
31135928
28932666
30221071
25933202
29443629
31887414
27925842
29838319
28227607
29992623
30532789
30427137
27925621
29129183
29173398
28869420
28485313
33920031
26382294
28350400
30692673
29978025
30409597
27013720
28396767
27830241
31924335
27607961
30472260
28318182
30188069
27381761
29621411
29238044
25636783
29780012
29157896
28315001
29108443
31056380
26807490
32541358
31239925
28839906
32359012
30272714
29217251
29569576
28299111
27076662
28370548
28905765
29404340
31664367
30236425
31009914
33227296
25363048
27985416
26720440
27138827
31990187
24754026
30295277
28668162
32347146
30079715
30465335
26371832
30824008
30138811
30092636
30745524
29547306
30706336
30344385
29789279
30989898
27701521
27230258
27142325
28403629
28518757
30521651
26720196
25222122
29735746
28621468
30254932
29201657
29350125
31245414
29000525
28277196
27887619
30197543
29348033
37794109
36790369
36209800
33717777
34278158
33016929
27187385
36270630
34670000
35258504
34222570
34717651
35111846
36762569
38919710
38218401
35040899
33449355
33584864
38528075
36027550
36161627
33015319
36314522
39454031
35722040
33957739
34696173
33469529
33421199
35238602
36231742
37167111
36302073
32259371
32822927
36260692
31698474
37595071
33682015
33976434
37492600
35353562
36031328
35678078
33883656
36053157
33842863
39681937
35046798
33511403
38147215
33613254
36093670
35041125
34703859
34498397
38454814
34042114
35212652
33637612
36042836
34798461
34905096
34181437
30293206
34898306
35704489
35327148
33809370
38074817
35465512
37964016
37701710
34820030
36045114
35239051
36132303
35097773
32783858
36877405
35633662
35268116
38288551
39744203
36968610
38142408
38702693
32326108
35735728
33652609
33073280
37973931
31718251
36670398
36714058
37395118
36513202
35392059
33955993
35636904
38380945
37417321
36168835
36943496
37015349
36595137
36772703
37079258
35282274
34188748
35735816
33550160
36384998
38739354
30800758
34806087
36399688
36017843
36305898
35193045
34292999
36899508
35165656
32761253
35142876
35569603
35231694
36821124
36000176
31227668
30017770
32681794
31504302
29181035
34310483
34483547
32591019
33132087
31741727
32276720
34389808
34594849
38481177
33167167
29194520
29745238
34625921
35048186
34976505
29681600
35719228
35993161
31266334
31631507
32387241
31397571
30743271
32697333
33168323
34958618
34469716
30279708
31315085
33416130
29879618
34844550
33485566
35140898
35689515
36177524
33072972
33780727
29874185
33610477
31796468
35583044
32350744
32318592
34661377
33071486
33384063
31283517
33870018
32521246
35371344
32073562
31255701
32108721
34079910
31740998
32528508
31605806
29809001
33031924
31412948
32421387
32583261
35298590
34246963
36879727
36244622
32269757
36277649
32288795
34223831
31197194
30749223
33942122
35841557
32130615
34108070
36201753
33860967
35649387
35340924
28303991
34240860
31802222
33269947
36709723
30110398
32498252
33836855
33358995
34464885
31583963
31589142
34696055
34533698
34409553
34904301
32509571
34076126
35774446
34247496
33922147
32598573
30855925
32950240
34669578
32633575
36573381
30880906
30541745
34443254
32676525
34231998
33461489
33997802
33176316
32479943
31046290
33057731
33619803
33570834
32885589
33175325
31161467
30683137
30887515
32543135
27638972
33611397
30981181
30837640
33143080
33079450
32676288
31506296
33092068
35265030
30883175
30387840
27211099
35878267
33394109
34190105
30646999
33594005
35175191
31657478
30648870
29865786
31038225
30818562
32765184
34798111
34837421
31269777
27117406
30240463
34701425
30038016
33244411
31328524
31862976
32641758
31623697
31535347
31731884
30623795
34652262
30538193
35853992
32189930
30755176
33255330
31638789
33151007
31323189
33347034
31471256
34277552
29338911
31397376
30627588
34116715
32242130
31626474
31779182
27879931
33431140
30209645
30553245
32072245
32069138
31836519
34577576
36398115
32656771
34934641
32274692
33620078
31900702
32175885
32133199
32395846
32581688
35392371
35919263
32399614
33454582
33701691
27711579
29814020
30800184
30775789
33724438
27926342
31710724
31551440
33077496
31601416
31432027
32453315
31560635
32609460
32200750
32508109
33225507
32407463
32510956
34686375
33059666
32743506
29909189
32287818
31039125
30781320
35487986
30816056
31145435
34083645
31663376
32720882
31995793
32891537
32538995
32003693
30006773
33202965
34064569
31609620
34573900
33558723
34743396
31893106
29986131
31935892
27162575
33320083
32848918
31704321
32435188
32044312
34348267
34293594
34276294
35721887
31930527
29785284
30191767
35338158
31738918
33065706
31358802
33443231
37578005
32452677
32371191
30851929
31221448
31370608
33844655
34349760
32632587
33385905
28796574
33550723
34475593
29947465
34774951
31488219
33248945
35106563
35036023
32864390
33432651
30991903
33120768
34524144
36470031
31767437
31537614
34296197
32253648
34374299
32037241
33761086
30526371
35075024
31236618
31388599
32756058
34466467
30865397
31632308
34143685
29271748
31520476
34102225
31925203
31569361
34041055
33692214
36037519
35880204
32451853
35717178
33251156
32755910
32001039
31783120
32258710
34286547
35047164
34289358
35324187
33265293
34976433
35278578
28067600
32637590
29048593
31373160
37009598
28300979
31982318
33263023
34046302
32383684
33373724
30123940
33200533
33207961
34287165
33669843
35350507
34066863
35191953
32943098
35067277
32661715
31180417
31761220
31876842
32076333
35304634
31154711
28404265
32441467
32271162
32564887
33331185
32573703
33125176
32537092
31546540
31556991
34671094
34372299
31187279
31584554
30857119
27950830
26873833
30877547
25737918
32206063
26729438
30445479
29579624
31403163
32028924
30854009
32484732
34022196
30925533
28511228
28424339
30106567
32917135
29832355
28618562
30690657
34823567
29415299
29646153
29662297
28817864
29999473
31041948
30396308
31042053
31046592
24994111
30011457
31579173
29240346
30206340
28411880
32962161
32342414
30205822
27689496
31379026
28981197
31441004
29895964
34352421
28844946
28877397
33076518
31403404
30648162
28111642
31359064
30841191
32609803
31255329
31342598
29614658
33172062
28975024
29804146
31911189
26345477
31159653
30082859
31329684
28479219
32226262
28399110
32524487
34485121
30597570
31562685
29331380
31403384
29762359
29600512
31207132
32174908
30983613
32005597
33752501
33505144
33997269
33900191
27850893
31949711
27691463
28409322
34267155
27396091
31438263
30610759
32254450
30798956
31845584
29672004
32376012
28975667
31226546
35043752
34253461
30453062
30255172
32418263
30631007
31961646
28118099
30521735
27812094
28810631
32080713
29295624
28612921
30954718
30907024
29814447
30817001
31395912
32273598
30778892
29230418
30410172
31992746
30484842
34168178
34026255
31426384
30782076
31444336
31188052
26797064
33082348
32694041
32527367
31889041
31293532
33205085
33414886
32902453
34522769
32381516
28796755
28931185
34909677
32712821
34469186
28431258
32808598
34260213
33047689
30287247
31349460
32067426
30180642
32471984
30964452
33125228
32153777
28074682
32812449
34167893
29165734
32162510
30626800
31922645
35280828
32443459
32510899
31511212
30797863
33491803
30168190
36459717
30509516
30441945
33814303
31631739
33818053
28694125
31602160
32040979
34204770
29562867
31855833
31936257
32131636
29700499
31052814
30444941
28378575
32346860
33101232
32421356
33113637
35084909
30255049
33831545
34295094
32035179
35415671
30446816
32268889
31538682
30256981
33062660
31650582
29401671
33572516
35667330
33203967
35406211
34699414
28862443
31157503
29927429
31955194
34625389
27834710
31426282
33229737
33947966
34223695
33240262
31019220
32759921
32371835
33337250
35645547
32571754
32894002
33042178
31032755
31549610
32154405
30219884
31829684
32237750
31960213
33030832
29609542
28559842
32718821
31828866
33309740
32371506
31619817
31264111
30758842
31565670
31507545
33027263
33979440
33292326
34028136
31809194
30515212
29843236
30706269
27640862
32569148
32657551
29292501
32130517
32418098
31231472
32758336
33257607
34715142
32548190
29975719
28931017
33300977
32872165
33406471
27862589
32609176
35704730
33301093
30255214
30476777
30330123
29366768
30627212
33075467
32402176
34438225
27698087
29607888
33582957
27714518
32877058
31193801
33966789
33714623
34399367
31543220
29524470
31375359
32255891
29916494
35825503
29695221
29294120
32880917
32436302
31510178
31441796
33476089
29893942
33492940
30362482
32248208
30235929
33558611
30549551
30576922
30914947
27999922
30033468
31345753
30781563
30344355
34223755
29902134
34016494
33894880
30963991
34040823
31691294
31622397
31670233
29819882
32903952
33081505
31697731
32416665
35380061
34333474
33576506
36517590
29333325
33139069
28986866
30632883
36902585
28785656
31537256
30955988
32538076
33361416
34261366
30034110
33226191
33233466
32311516
33672712
31299185
33080355
33177449
33782897
34293797
30915580
30601529
31899152
31567352
31280976
36193032
28495567
29304094
33260439
32583681
30655121
32962204
30943697
31066483
31559736
31403544
31987707
33426188
31880566
32632243
33521631
31285707
29483554
30195115
29974216
26504222
33862077
29913809
27825142
31840566
31653077
30670143
31148465
33817900
33729587
30635444
30142055
28929134
32200183
30473298
32176239
30564303
33734756
35473978
31287360
29746208
31333482
31170804
29355893
32279479
30616727
32200753
32891709
25489457
28935554
31397033
29297581
32527251
31888179
32949386
32092922
32640061
30162030
32065698
28896615
31366288
30101595
34443830
30985362
29183973
33555989
32101953
33681333
30852791
31799225
30764230
34253717
28746014
32286133
30677312
31372006
28813415
28763759
31934900
29399408
31651543
30954647
33150844
30157333
32321725
32097818
34378380
33904277
31567286
35435914
31613608
30624035
30866566
31407943
31815076
32041176
32718577
35045001
34031819
31632210
34940610
31255401
26865829
31534273
32164261
31400528
33898131
29969173
30705818
31714542
32795560
31811817
30185603
31479380
33681445
30542578
32494189
35277694
33149231
32290564
31876699
32166664
31710919
30450549
31142004
31989860
30701693
30328885
32684609
28425657
31006294
30720415
30508076
32836645
32861493
31203891
30711197
31516083
29174170
31591958
31807182
32586177
34245965
35072578
32878181
31776976
30637475
31659270
28153628
32626909
32613083
31615746
33775649
32198604
31734321
32156220
34125644
34561098
32212716
29805243
28158652
34406592
32930047
33726155
28772608
32493592
36635692
32769795
32497175
31814536
32666084
29894503
31995183
33631305
33489155
32952625
27626384
31909582
33774014
30224665
31363446
32141163
34405004
32797882
33157299
31999853
31616136
31988031
34189855
31175705
34205082
32640934
29862714
32490045
33080564
33747955
31154336
31559736
30639731
35651388
30438269
32892921
30527915
33757345
29702485
29476346
33360728
27679958
32176572
33101498
32469586
33502139
33027381
31029609
33031614
34403726
31498034
36400320
33922033
31114697
32133747
31540495
33958639
35441061
31359999
35037467
34627928
33766379
36233070
34942679
28446774
32300655
30539451
32344665
36463058
28192822
32048175
32359101
34349100
32662229
31705326
30294265
33441233
31539020
31661727
34102070
31805486
30959270
32966670
30365909
33438451
32163110
29402850
32982978
30233425
31441623
36472796
30066228
30825998
33161165
31998915
32632624
31176652
31265870
33229608
30823441
32531293
33561570
33415044
32766632
35987604
33803165
31954347
32659678
33778736
32762025
28624007
34475833
34121331
34020374
33906268
33387154
33640487
35943803
36249731
35333814
34996191
33201559
31032231
34253395
35125470
36185779
28556949
34319778
36702298
34779322
32200043
34025200
32593254
32796001
34000254
33157821
35104829
35536213
31034819
32930794
35936476
29244344
34785016
32621432
34705431
35478102
35244380
34058159
32526552
33099305
36230942
31416964
39081185
30632888
30827158
35430658
33342488
32618718
32892821
33719691
29568511
35714918
29468243
33325765
32044324
35182591
32294314
33021266
35494343
30178632
32712865
32838378
33447791
34118529
36135931
31564901
36243496
35725952
34807516
37601783
31883464
33126973
32594297
32455986
35562212
35603324
34583667
35498701
39312039
35109664
36484530
36509294
30180422
33852270
30827468
33996163
38306648
29451899
33881128
34396567
35174796
34305256
35140674
31964527
33331062
35007143
34769902
37356778
33737461
32938240
33979445
35543855
34124312
30952230
31100685
34718433
32754456
32756741
36599292
30552836
32119131
33553645
35697758
35300732
33744728
35380564
34295998
33139917
33276174
33510321
33765146
33130706
32801923
33562168
32297100
30308343
31562784
31073453
27912135
32294254
30457588
32228471
30949329
31945776
31905463
33481772
35941705
36038493
32026544
30572309
28553433
33442176
34638737
33232969
28981270
33555087
35032487
30806687
32140843
30663264
31392624
31101903
31518663
32083437
33245573
34886411
27333851
32893231
34664568
28490931
32963095
30521353
34360755
33963894
33362618
31927465
30855588
29294494
32630262
30077838
37154636
30636848
29674974
33585963
31150378
32120645
30850366
33005730
32002667
33090598
29437521
31350788
31297008
33123403
31241792
31171447
33389939
28759623
32127471
32639708
30302455
31704945
34468782
31559332
36725650
35675012
34920465
34409940
29970337
31496468
33360391
30859980
33194607
32846847
30665436
33129017
36345319
32342901
34094552
34773623
28245778
32796028
29727045
30546732
35542006
26504317
31343263
32120131
34343495
32023907
32283877
30279867
32427613
31974130
34174572
35262624
34466335
33461859
34077507
33228829
36162249
31922015
31526200
32131256
30739412
30979181
36186501
30091825
30914139
33244682
31583908
32805624
34187155
32259293
32241907
30433979
30803589
32126552
32847500
31368776
35458321
34246272
31576348
32496809
31632953
33301484
29418810
33885016
33946292
30835903
32708382
32971110
32788134
34945690
36329880
36257403
34627866
32843383
31636034
35192313
34590007
35037750
32928623
34583744
37175039
33111744
31745773
31645449
32385683
31030761
33663439
34085231
34571763
34661805
27866448
30933886
34464159
29256789
34856584
31616564
34659260
35949257
33790538
32088704
34338905
32690539
33906091
31148935
36220574
33028167
31776409
34780454
31862993
33237921
32566714
32823758
32189992
36137097
31882588
33684373
33322158
32580221
30997816
31632514
34627388
30596151
34013390
33169756
34418639
31452965
34968432
33216126
37717069
34175118
33452388
36957460
34822079
33503289
33031519
31838608
35054730
33913061
33215798
37185251
38434178
34674700
37308080
36379289
29895749
33327522
32989046
30941622
36021712
30765246
32708332
34061071
35110759
33149301
31870832
32871731
34446543
32179932
35866065
35691112
34268048
35444546
33625879
33930240
35544162
33360861
33175861
34128866
32778479
33599821
36922399
30723321
30761975
34194065
33412287
32355959
34258013
35107743
33263075
32121439
32385149
34151613
34050015
32802713
39175609
38367545
36300132
34530616
35750575
34895931
29466534
39370987
36966850
34231495
38509587
35997469
37227618
37716974
37227972
40540857
37476510
32596703
34246103
39262448
35637295
38440418
35073919
37623553
41182721
36641028
36639638
35302112
34621760
35360316
36689824
37893887
38057283
37047938
32478211
36449455
37921890
35072727
37735099
33071201
36286465
36185924
36235861
36696596
35138078
34530318
39056729
34376203
40523463
34270898
34179535
38472003
36377810
38512230
35318376
37116036
34852104
39304689
34150287
35612704
35568455
37522628
34997156
35362838
36619465
33379937
36246727
38131571
36523808
36215863
36635751
35882502
39807194
38738408
36250097
38422104
36493486
36007530
35056821
36550677
37676208
37832819
36074119
40294715
39953030
37501978
38624090
38113391
31089730
36441181
33986008
35420701
38946086
32896239
36362803
37776352
38599687
37407698
37568223
36653473
36746641
38477611
37274890
38676698
36705261
36328938
37364990
38343001
35505783
35498058
34821966
37135353
37493485
36560973
39117595
34842137
34942742
36375232
37736947
37099133
35376568
36052154
35475864
36361773
33981057
37046290
37860100
36663569
32747169
31560846
30272781
29417684
30683572
31248217
25421026
32632852
32051187
30061265
31082181
29934738
31121556
31059515
32290647
34650409
32646108
28962708
27760895
32761154
30180127
32488306
28219485
32270776
33624958
32271836
29726108
30130417
31063885
29808909
30472525
31232557
31376164
31444445
27899256
30911832
33839619
30231198
30596106
29486147
32804215
32245818
30944444
31515578
30370313
31119385
30877468
29369440
34812538
27413241
28710535
32449927
30406905
31503972
28522037
31280750
28937877
31981030
29683821
31630434
30738145
30093488
29339261
28946320
30129216
28011020
29919642
30967847
30578160
30010833
33146788
29737827
33623856
32876337
32160883
31840009
31209813
31178843
31116427
31254315
31500245
30116519
31005611
32395763
35270987
31376482
33233186
34092992
25905846
31125821
27915757
29228380
34178860
28094404
29825922
31394387
32275342
31031592
32597202
29193281
32511277
30944318
32927527
33564037
31670236
32535649
32423375
31795395
31922075
30156837
28881964
30546991
30276466
31387877
32591144
28817066
29014689
30877971
31959623
30553518
32215797
33095804
32056626
29688705
29525437
31825565
32398245
31770992
30980058
31496350
27636098
29569239
28092962
30010116
25094652
30907905
29516941
28970071
29804103
28919851
28548718
30328597
30362815
34085857
30676202
28979078
27411191
31673414
29764436
31340005
27656612
28669176
32301976
30279644
27855121
29032911
27559405
28384399
29395896
30798768
29231648
29559049
23866395
29272298
31777345
27311061
30552010
29402870
30264647
30562355
31633321
29991215
29942671
29353761
31802391
28753301
32884741
27614367
28304227
31202293
30166480
29481506
30057117
28286206
27972463
30802035
27939158
28838155
29362947
30690765
28909300
27325238
30482995
27313957
27984518
29654405
29475746
30118762
29916669
30601956
31312052
32218969
29977709
30611216
30158312
30694448
29978799
28624783
28755964
29513156
32629443
31726660
33683193
28727544
33405523
31624441
25106206
29419272
27032414
28865736
32422076
27256899
28351950
28635826
29726810
30778228
30179990
28172795
29866269
29502494
29290499
31463117
30518467
31099354
30734445
31021913
31542706
29765981
27341240
28023976
27927044
29204119
34612477
26539727
27678977
30479227
27487606
28345692
30372406
28660291
29038275
28767002
28256949
31552491
29054288
30059207
29562627
31358294
28521281
28869191
28205566
29211815
24847105
31716192
28438983
27851362
29736740
29836345
28596909
30604690
30539305
32216760
29605738
29609821
27142612
31558251
29450221
31572332
28261207
31500376
32799698
30873528
30844003
28152356
28965886
27177722
30801906
28934063
30489181
29742628
24887781
27083399
29153001
28608637
28531540
28492259
29973384
30389974
30034348
29166123
28490008
29085830
30531478
28835641
31598633
28088794
29070676
31748470
30311535
29908093
28500322
30568469
28505322
32607841
26624186
28887119
27145666
29693984
28600345
28502061
30833586
27817793
29271385
29657367
30047884
28406647
31305151
27213725
32659931
31012047
29191142
31537694
28222563
29069364
30033630
28726532
31067094
30957000
30474573
30857100
34503979
30910231
31201194
32537590
24998552
28281612
27732711
28051862
32696437
25955517
30191948
29561808
29804424
28913356
28530352
29706460
31769682
29745732
30035506
31448996
30205180
28904789
32212504
30376314
31731984
29332043
26590761
29629139
28370188
30181521
31327657
28601513
29518534
31401748
29249887
28397179
30433864
30397604
30378019
30005277
29185629
29634084
30362186
30614697
33880753
32366250
32472211
31501313
31641692
30341429
25615207
33298008
31659955
31601276
32687003
31323559
30571415
34472803
32724070
34188489
32301144
32760834
29126353
33388672
32964077
32363097
30502518
30145601
33292593
31972875
31210925
30654226
32667050
29496642
32065135
31806363
32900805
30881872
26824426
29735898
33859776
30255145
32988293
30470708
34240772
32939151
33074331
31491002
32512287
29762508
34772413
31240480
36254133
32720130
29063277
34470077
31414557
32714989
31148787
32520298
31214352
33049004
29847612
32264094
31404194
33053075
30794366
30256851
32046504
27914592
32160737
32107767
31034882
31260227
32711132
30441828
33190368
36137623
32889782
35606352
32518397
32791536
32058259
29528189
32174178
31694586
33103228
33867632
35898554
32041558
35329795
33899354
27286029
30820011
29661834
32264590
34362886
28498682
32709296
33610409
35476341
32810033
30051747
31023002
32945383
31372739
34053107
33382291
34940223
32381203
32785559
32270335
32282076
31978244
30627140
31750248
30885448
33538775
34359676
29590808
29806381
33076545
32750942
30599343
32380064
32710769
32820264
31199151
31186640
32972835
33538988
32759729
36540415
35431899
32147965
31962170
31916295
32422389
29079357
34179589
31933392
33030639
34671141
32589543
32641599
33793050
32863467
37331428
34430058
30680550
32423343
35663109
33173734
35451242
31121003
34905119
37181161
34334142
33102913
33442657
33637236
31516540
34297486
35002735
34458828
34183093
28674860
32245285
35740638
30770907
33771353
31382177
34142525
33540403
36090085
31065669
32033436
33095558
34199953
31825535
37179014
32615833
32424427
35707518
33748918
33815493
29092543
33153857
33485477
35393529
32390283
33271530
33385648
34559243
33361413
32153170
33821859
30738954
32722586
34473422
33635453
33032765
34376938
32548490
34600150
36444116
34893845
35222462
33968384
34926040
34136923
30956296
33508048
34764425
33907733
35678749
36115741
35084609
37325209
36097307
29635280
33909268
31003829
33465971
36675485
29638497
33295598
34408675
34992870
34860000
33304024
32101340
34192087
34430414
34101227
35009297
35474421
34728069
34287800
34142272
34671106
31691071
32023311
32816463
32250438
32673792
36737519
30615457
31331078
34216587
33323032
34441303
33284064
31565311
32746261
33115104
32965887
36142786
35506186
34608006
39408597
36978512
35049165
35190237
35395204
35793500
29907443
38091043
37637215
35304764
37580330
35322323
35068668
37696476
38052758
39683345
38056841
34389907
34086757
39033106
36529017
37262039
32935813
37035521
39193678
36652172
33807037
36053802
34895873
34180574
36993199
35945898
37228725
37025448
31815130
35686091
37916349
33606138
37720718
35956516
38460739
39526090
38802580
36731980
37615292
34723002
37013549
34422217
39474605
34098983
33287009
37783719
35381049
37475339
37284567
36607908
34198864
39563295
32975679
34543679
36229091
36481357
33570284
36191426
35706762
32455175
36555585
36769735
34739478
35692319
39943413
35354919
39560042
37649158
34928129
39199583
36080997
36084752
35001274
33296918
37093613
39213317
36490485
37850223
40463669
38226281
39429692
39805116
31474546
36487717
34465830
36072914
40587946
30724706
37268679
35515902
36942327
35980663
36682787
34512705
38099167
37736574
37103900
38326528
36585056
37462839
37510286
36855627
38794310
35380571
32800755
36786868
36252353
34881101
39505633
33833631
32740175
37531668
37163460
35395504
36598496
37595417
38110624
36159747
33742117
36315262
36593099
35876138
37341095
38600537
33415067
35464999
36535087
36075163
31347133
38430956
36692934
36426019
37715153
36311351
36528716
37855790
38741249
39323612
35810499
33805859
33598149
36068608
37049010
35943178
32445246
37469622
41412827
36530079
36082015
35711559
34059404
34193677
36907070
37229726
37912137
36680542
30506566
35823156
38141992
31678427
37751898
34785002
38492588
37031978
38242782
34749374
35936222
35246020
37374679
32894264
40264149
34185281
33963090
37994571
36201152
35734294
34556640
36339824
35024552
39362586
34442058
37138114
35160627
35457155
34759427
35047691
36289279
33059807
36329135
36383662
36823520
33601833
37673750
35020052
38559078
39084753
37453964
39547968
34185369
36582119
36112711
37692227
36761605
37391740
36752062
38379232
40745715
38235609
38385364
37349893
31492365
37415919
34478534
34884502
39186650
32611149
36717377
35192814
38121877
36599819
36699846
34504810
38183390
35448947
36371044
38378850
37264071
35232392
36702943
36874769
37199179
34979749
32846576
35693605
33412160
36725824
40412627
32601917
33554873
36803464
35735965
37446895
36734462
35243986
37178567
37574145
34235891
36241375
37536017
37748898
34940391
35832445
32207202
31149211
32815532
33675467
28148979
34026429
32334183
31485881
34382575
33704388
32748567
34474266
36602817
36040696
32879118
33304712
31363037
34278241
34906229
33950047
30773488
35387711
35845285
33287783
33177150
32491222
32317733
32346279
34341996
34594242
34381927
33345472
28346304
31473777
34260449
29720545
32590266
30692085
35660240
35452372
35088128
32466180
32455306
31481489
35141331
30154081
35490494
30276638
32288559
35388343
32706050
33153193
31571686
32619472
33364121
35724391
30347712
33261682
33492158
32698992
29826198
30572377
33930123
29118231
32863567
33709204
32429276
31369251
33983760
31167523
36136842
35579911
33782459
37157430
34512539
34230199
33099829
32176567
33775480
33436987
31945322
35493412
37754581
34773052
36075842
37149237
29254165
33033043
31929019
32302058
36899347
30261208
32764318
35356016
34266635
33399663
33082119
30818343
34310186
31985230
34569262
34066201
34799403
33802453
32071227
32875288
34038270
32457994
32010860
32117440
31981377
32993168
35928733
31265531
31050019
33626523
32935354
31187049
32623234
32695715
33152511
34151588
32675859
34916603
31713905
33379791
34973753
33982805
31123656
31905346
30723033
32573318
26512028
34215212
32512643
30350280
34056261
32284692
33046468
32997874
34203263
34222014
32576049
29654540
31434169
34797732
30807442
34257119
30711265
33718399
34747159
31761594
31163393
33510336
30715700
31890150
34369528
33311766
33304038
33104520
27669160
32128360
33653033
30775538
32730462
31647469
33689234
35088870
34290602
31025542
33184734
31294182
33662691
30661231
37549887
30168632
32011541
32969140
32124724
34066175
29656503
32599911
31040797
34907381
31983834
33256107
31567914
32308908
31826758
32743099
31804092
28653053
33422333
32752524
33031855
32857814
34366156
31166949
34978307
34405928
32751519
34785060
32534835
33649120
31731579
33065958
33504049
33554399
31610043
36144944
35080661
33043861
34676163
34276046
28255605
31705454
30040760
32187865
35035721
30958439
33546446
31439438
34073832
32741929
33316406
32283368
34735647
32655820
32929360
34734393
32998582
33356555
32497287
34623364
32762950
30849668
30594477
31792181
31853264
32234386
34829399
30000249
31522371
33695088
30535578
32781548
30751207
32371115
33819997
32513167
29679195
32104051
34447078
31658247
34182920
35426745
31354721
31462350
30787448
32863167
26422459
34018949
31640745
32575293
33771994
33217409
32308021
34369753
35412899
35720870
33148480
31528686
31760871
35261290
32988313
33976279
31601306
33213549
35701537
32924212
32920909
32031654
32416021
32843659
33734420
34543301
33314363
34250545
27911432
31723540
33821847
30670900
35104521
32982112
34193362
33735914
32988115
32296748
32111868
29469883
34694326
32839195
36575821
33923733
32337084
34396065
33443637
33782755
31284423
33188950
31388066
35879630
30940072
33044446
31398246
32727816
30324827
33554332
34535029
30058412
32097179
33059272
32580653
31505226
33686052
31929262
36451827
35731304
33474743
33901873
33903421
33136150
31869057
30432721
32928851
33285795
34211368
35038355
36456442
31896992
37373375
35580063
28546306
32607764
31299310
32685954
36230721
29270488
32011380
33859691
34918558
33395139
31549234
32223204
35719137
34578214
34637521
33870087
35067408
34242711
33403566
32417118
35537812
34011357
30896034
33354311
31236172
32223679
35505606
30280559
30420610
31666271
33476357
33178476
33521987
32490993
34309074
32097992
31842712
32373271
33346625
33724698
35471418
34020215
30457636
32122196
32582538
31517092
26553448
32092924
33438713
32091958
31406914
31409047
30521580
34379962
33513922
36148334
33015002
30799617
30548934
34389064
30898793
33637525
29980642
34656005
35633098
33073834
31376932
31034977
31792143
29290613
32584940
32448126
34170800
33923151
28012586
31741983
33224110
28685708
33617318
31493374
34454573
32513151
34692205
29984478
31740648
32248636
33398902
27793822
37458990
29789379
29206144
36670021
32199723
32913452
31273328
32087692
31469904
34220511
29493749
32796987
31993921
32545672
30665592
31151397
32143832
28643457
31948663
32654755
31819219
31848222
33494493
31867640
35800122
35477827
34425353
33290302
31546569
34406924
31872661
31441186
33310011
33537730
32078071
33493505
37090887
32915189
35204247
35044808
29982337
32309946
30415853
32424252
37149965
31386949
31039946
32871903
34561261
32551717
31370327
31626575
34039253
32191533
33580317
34860525
34686454
32775827
32779090
33001949
34045714
30086048
31948196
32604064
30885677
32393853
36157141
29997288
31797211
32576664
32595877
33181491
31733073
33634105
33889553
32438090
29872535
34283336
33799694
33885504
33963868
33074418
31440201
31151221
32882659
32576148
26945032
32448814
32832391
33229229
34260056
32812000
32933102
33060834
34258035
34259332
32166704
32140930
29494588
34455387
33496596
33132005
28895809
32435019
35977727
32284841
31755013
31020006
32572098
30526165
31549526
35128216
32535737
33237405
28275659
31191112
33225060
29036061
33762870
30979323
33004263
33436232
34005182
32281043
32773727
33385900
32919472
32730234
36027014
32361520
30730956
33148389
33035370
30912627
32468276
32995804
31181520
34080457
29142670
33212824
30046994
32475854
31655303
32175052
32517370
28778809
32569839
30600761
30464373
33006621
33643223
31459804
35600698
35456403
32311811
34609866
30085529
33454096
31783588
30916423
32537918
31819301
33404862
35420329
35673660
34279125
35546618
34907887
29716996
32576562
29926050
30170827
36548082
27478864
32820054
33074088
34357347
33840312
33770981
31701143
31186463
34064417
33020035
33563463
33238753
32174171
33701092
34220910
33461200
31199155
30886619
33199322
32288667
32027268
35391996
30699826
29456447
33452382
31585227
33246576
32967470
32142181
31604939
32591501
31175175
31969324
34450339
33676430
30697808
32723121
28494018
27120005
29297219
29970219
24137975
30293944
31059213
28688275
31364902
29158284
28420277
32263529
31743880
32372262
30389686
28551721
27795816
31796100
30110074
30486675
26600850
30548446
31801803
29897947
28576893
29309518
28171102
28517781
31214212
31207634
30398039
30419858
24874785
28479613
32470558
27097290
31878925
28416185
31464563
31114699
31486100
26817764
28403861
28011946
30967256
28760422
33537417
27767843
29064722
32098669
30035117
32269144
27365844
29889340
29031075
31723639
28132978
29773745
29484940
33536514
29728575
28672545
30682647
26588329
29986159
29207548
29895328
29146902
32345434
28459611
33249424
31764845
29891684
33044167
29335275
28847065
29248546
27882925
32647977
31235289
29939166
30611276
34439521
29872790
31863299
30891167
26235597
30154526
27684155
28395766
32027489
25996154
29594795
29359372
29969911
31516172
32029704
27638842
30233822
30344029
29460649
30849142
29013947
28830554
28674872
31869693
30196649
28321569
28177731
28246807
29291271
28349805
33314130
26901404
25543371
31752434
27791108
30695991
29334394
29353070
28490311
29444968
28519310
29105465
30551227
30113890
30847735
30868546
29184582
28977475
29257308
29567297
24410662
30175445
29376575
28548464
31134922
30386684
31063592
31592564
31950681
32596143
30410880
28845700
28711131
31799260
30110499
34034194
27883375
30887444
32049672
29027741
28632718
29055736
28952311
27668770
30292884
31080138
30458651
29175845
26906827
28064606
31329786
28475107
29685562
28138602
31418115
30679573
30644521
29789950
28499133
28278335
30822694
27391694
33033752
27744664
29045830
30164842
28796233
29444863
27690683
29067678
27222737
29825631
28249149
30263445
28607850
29359504
26580906
28735586
29302450
27204312
31079775
27347500
28495698
28469791
28862301
28113952
31325446
31663910
31485688
30945910
30038983
30764929
29728705
29347257
28636357
28198173
29247814
32339328
32472816
29807561
32079940
33366935
24940602
28431975
29586018
29369219
32357041
26232756
30135800
30408648
31038855
29989988
28305877
28765636
30506724
31519399
31892258
31025628
29439438
30647068
31623708
31501572
29584262
29412351
27186821
29666200
30152441
29653524
31944854
25790950
26146297
31877497
31486151
30590508
28865978
30109200
31522246
29370110
29330681
29598892
29338274
29883163
32057800
33507647
28901731
28161517
28250077
28945794
24486731
30051545
31375093
28022980
31695001
29898417
29247388
29506146
31553661
32691800
29080064
29613327
27191071
32309003
30991795
32640672
28015638
30288477
32463980
31076485
28145945
29786307
29366628
26774729
30556226
29754559
29805740
31018640
26321449
28551622
33112261
28588625
30479854
30208806
29990152
30568847
32388105
31670042
27841062
29462055
32764551
27722910
34238948
28694562
29234502
31480391
31412044
29070632
29363602
29419229
29053005
31748101
27008456
30676786
30243512
30081193
27646132
28768714
27959818
26753294
28487565
31128957
30860648
29651196
31218330
29647182
32585305
32321613
29687870
33191731
32610514
28551039
29097420
26579124
29668407
30736257
29711084
32201596
31821847
32068636
31890768
33984765
26001809
30403874
28433021
29598795
36207940
26939332
28238832
29870102
30067791
32662122
29525606
29268857
30465584
31180619
30264409
31285299
30032808
29963340
31538598
31180519
31028325
29518699
28740533
27881889
29814778
29804083
32270878
25351716
27214300
31483324
30437840
30283556
30487884
32023652
31297884
29154264
26589560
31646645
29675116
29778095
34078084
33978550
31285814
31021053
31687314
31895046
27157015
33190319
31726958
31224961
31831482
32387236
33875328
32811366
33234195
35293290
32044880
31553672
30439004
35127526
32528899
33698836
29977674
32204067
35511313
31788323
29076393
32419531
30513224
31497591
33484488
33517446
32878269
33250214
28341033
30689393
33679098
29467306
32071293
31264832
33792125
34830636
34658125
31669566
32097721
30474704
34022944
31785498
36696094
29757525
30535724
32640274
33315531
33455182
31060863
32346818
30656765
34665759
31488607
30555322
32282594
32594822
32180891
32912826
32553578
29180525
30937466
32612927
31744337
31960759
33794036
30677884
34800803
32797117
32166672
34314279
31925908
32808248
32351082
30765000
32191691
32312013
33367354
34013186
35462028
33353750
34250499
34792763
27491939
35142969
31833348
30843726
35199409
28764067
34111479
32427077
32744784
33966660
31956489
31787944
34311142
33980702
34326304
35824300
32271838
32490104
34178573
33634495
34022275
31960150
31132134
31547655
32544825
32260523
35615394
30081042
29243372
33429451
33622232
31733922
33298857
30217921
31676712
33525307
32419471
31587707
34729837
32689068
35236736
33750842
31862391
33051062
32013151
30053549
27207277
33399452
32641676
30188686
32735419
31760546
30887019
33709234
35094253
35370874
31099912
31548402
29047499
33813918
32617511
34371015
28360996
32236070
34917101
34214976
30096317
31721885
29999292
29585547
33353032
31972877
32905820
34652490
28832376
29796765
34017680
27858603
34494898
30891613
33185623
33521685
34714154
31373831
32797179
30596240
34027019
29968645
37150545
29965627
29039502
33306537
31618964
33454789
30632286
33707285
30316814
36933568
30678816
30466888
32057279
33551089
30513228
31503838
32173011
28922525
31222294
34021758
32027252
31383061
32838175
31034655
35230992
32383039
33484377
37048842
31490726
32017473
30409814
30732980
33423452
33076203
31090283
35013751
37028976
34122139
33905522
35633424
29390360
33522537
31245254
31515041
34830443
28250119
34916002
32238826
35359388
33578900
31277668
31388414
32541645
33837470
31427845
34604420
32843954
32143499
33130546
33788967
33705785
30947282
30843258
31653277
32496266
31926157
36017677
28681439
30024779
33374262
32774099
32374279
31860990
32509994
31440886
33363595
31111546
31859215
33303120
32642868
33979310
35729654
31058454
31869027
32196127
32658466
26979874
34178519
31474874
31906321
33007265
33112009
32955682
33073703
34378693
35245237
32098947
31359966
30799071
35283405
32848556
34597110
31426013
33397860
36868637
34155926
31224610
31033753
31481489
30460616
35315017
34282828
34537789
33862943
28000886
33132773
33765415
32252185
34136919
31682925
35463430
34945054
33964216
31467277
33401339
31772191
34118400
30142050
35472808
32607817
29775483
33795540
33853865
34093292
32592364
31414656
32807201
35164648
30131534
32818934
34288405
35178742
31046319
29291361
33345190
28886717
34265761
32328982
33636591
33088761
34113046
32622259
34524464
35181206
32951898
34953128
33209858
33685961
32293777
32355378
33665542
33732332
33067492
36594578
35922100
34428985
36996467
34100821
30613811
34658217
31140820
31249188
36980757
29193934
33451378
32421434
35650112
32482448
31851844
31482067
34837525
32098630
33359175
36103948
34071554
32110760
32773194
32986439
33558380
33581267
30027286
32865331
31355822
33949790
35682168
31263749
31190727
33866108
32812971
31765529
32009530
34251434
32690144
32627424
31991943
33371029
35084485
34470056
32106043
33679589
29216621
29208528
30776553
32297117
28305358
33905445
31722546
30767119
32777318
30636779
30235284
32406057
32688943
33179155
31433616
29028250
28747457
31886359
32271273
31998364
28677782
33063584
33397107
32412569
30187678
31143150
30473781
29027181
33211889
32758063
31799934
31688857
27700185
29778612
33140061
29150682
31037569
30027094
33709814
32729631
35741773
28810878
31370621
31399995
31890806
30260634
33895691
29922525
30037984
31768757
32072919
32763255
30687354
33557260
30995344
32446335
29856297
32271939
30629115
33387755
30607539
29584981
33411065
28730696
30423147
31519732
31610088
31242190
33614850
29368330
34056600
33797617
30620746
34277727
30138287
31458674
30159447
31196660
31150904
33701050
30272874
34136806
34746098
33530468
33954003
33721532
28775795
32884411
30386067
29160248
35083348
28107523
30915404
31370123
33056577
32721903
32381114
30683330
32020320
30390733
32418687
33802691
30882930
30798331
31076420
33407790
32272090
30411569
28422240
31386398
29344770
30307322
34644275
28452214
29948701
30934128
32022111
31237481
31256901
30717454
32605117
31406377
30432809
31911709
32728981
31887090
31498091
31457836
29092189
31035497
28443555
30795137
24210306
31404725
30624252
29394619
29965519
29633387
28927040
31119642
30631338
32957951
31229562
28057150
27483302
31791175
30674735
31701504
27914792
29999151
31967883
31702069
29257272
28663630
29162434
28923634
30708526
28740012
30500828
30907370
25694225
29702970
32100074
26903525
30122459
28283131
30695199
32614135
32316378
28856327
29479796
29003295
29725531
28006392
32591647
27614868
28039917
33049604
30362630
33091097
30080016
30130704
28062021
32721252
27485553
29494973
28816646
31734848
28786124
29878165
30129317
27480216
28556874
29778095
30488448
28861094
31117522
27909369
32573649
32575088
32755295
32065050
28798846
29034042
29779001
29653699
29659976
29682942
31061484
31228671
34685816
29706770
34300413
34217310
26610406
30493898
28756892
29977039
31161310
25923787
30480060
30680337
31399297
29583267
31484311
28474099
30912275
31432329
31568258
31837473
29941000
30021032
30990077
30553199
30786863
28781560
26768650
29376141
29447455
29853527
32972046
26732373
27818577
30004134
29618609
30537641
30468701
28974110
30056926
28687785
29076309
29767145
29648240
32050525
31887365
32043309
29500663
27880884
29774451
29761404
27876737
31661465
30621498
30068977
31902611
31120348
28843521
33184646
33003344
31938465
29324135
30256384
29146659
33646367
30971239
31123791
27609187
30048817
34198228
30059251
29260096
30084402
28332065
29055931
30853096
31945168
32084155
31922538
24935266
29972254
33679712
27363129
32001615
29966811
31525628
31934906
32328478
27958373
30253505
28618282
32439308
28669047
35604635
29122030
28092094
31772259
29648113
31033721
29497878
32405378
30355765
33120179
27512587
30128909
30608326
31008202
30479137
29982773
30813418
26538092
29933557
32697180
30731547
28426456
31557296
30865840
34695233
32746769
31735877
34305707
30654358
30720371
30900427
30402679
31225085
31590355
31460607
31488274
33541513
33001871
32595874
31985268
27907114
31698253
28208915
29691170
34355372
27169015
32090105
30046282
30461712
30320964
31105013
28739599
30385998
30434102
30018003
32773526
31928085
31468935
30647644
30951140
33622662
30358266
30287306
29886265
29424730
29130213
34134167
27986010
28695359
31271578
30177746
30220213
30577642
29648499
30241410
31338270
27901670
31582133
31441501
30220256
31752511
32431880
29373639
30556540
28683697
29275369
24013157
31610058
30641696
28296087
31146780
29158677
29563798
30485054
32738176
33714373
29753752
28382802
28249810
33914324
30537112
33147771
29825654
29453158
32007542
31722592
29933983
28360536
30121723
29668045
32198634
31671596
30764127
30825599
24884035
29925969
32290288
30916614
31815441
29049652
32785419
32799293
30206726
30270806
28534000
31167160
29985818
29554693
35121132
29322753
29891114
32801375
29514854
32023436
29312415
31835458
30087235
31120790
27322943
31176212
28939267
30155620
27986468
28808491
31276290
27921295
29938560
30937420
32107893
29839613
31529714
29436968
33451459
33234740
31016333
33354223
30917808
30457260
30202398
29481480
29829533
29323057
31720877
32721647
32399966
32446588
34299474
33850878
26891818
32876683
29004789
28847087
33169526
28845163
30535743
30850782
32055383
31972591
28813181
29415796
31961570
30688231
32291558
30872951
32082628
31785152
31533408
32384722
33381836
31465328
29383135
30230120
28942333
29390161
33727541
27890781
30037527
29771474
30277165
30390370
30463502
32148037
30912092
28616817
28768042
31156529
32544635
31198325
34827043
36586867
33524087
33314994
32246203
35531911
26820713
34012139
33391156
32093039
33727770
36145791
33424241
33864794
36629471
35111016
31899708
31559869
29756954
36446840
32584521
34305196
31499822
34631235
38412276
33776218
31784904
29921149
33407781
29570327
31976095
34144633
32723472
34856433
29819854
32453020
34638399
32275751
34159288
31675374
34213420
34173833
33295799
33513476
32836197
33239055
35821960
32511985
36983755
32753911
31519287
35116669
33558249
34836231
33633784
33123318
30548792
34948526
29442275
34223492
31350822
33492433
31053882
31757986
34206790
29529597
33613395
33777625
34198983
30864499
36137047
32565894
35517095
36697344
31950492
36163194
34556282
33000853
31912243
30992096
33407368
34910681
34591181
35836982
36392752
35301462
34344792
37521620
30594638
33613743
32657537
31354863
37075572
30788618
33891553
34146300
34076656
34831941
34579313
31747971
33542062
34727431
33249185
35365188
33952343
33222280
33834322
33126277
34739043
33417136
32648436
33333907
32336596
31657795
37924407
31401261
31104388
33471318
33084191
34873443
33827240
34194425
34836375
31154294
31703719
34490473
33691466
33928315
32701665
30868155
30953686
29638219
29380135
29748146
26393270
32908646
32802241
30685002
30317168
30084267
31379096
30504493
31685527
33597445
30297460
27781102
28666823
31758911
29932893
33367285
27458326
34037219
33500840
30867413
29332591
29517354
30841245
27998181
30590062
32046879
31576274
31630006
28184172
30044270
33136046
27198348
30146312
30501463
31292037
30775849
33315381
30614017
28263252
28688116
31759024
28470844
34582855
28010457
30059042
30872665
28965427
31834671
28180942
30816961
28716992
32183234
28250688
29468559
29479814
32123775
31435276
28888893
30784325
26834951
29110913
30378144
29561789
30830024
32357027
28800928
33647720
33632269
32175501
32592506
31613876
30246779
30429824
30461913
31253530
31092952
28835577
31465023
34624677
29888703
32460385
33845830
27229858
29924055
29542270
31355237
34633537
27223695
28700960
29820379
32139682
31294205
32873639
28527028
30642986
31927676
32603853
32256102
30571208
31902111
31325086
30934593
30652655
28961272
28797517
30635591
30204510
31419667
33134606
27995010
27894547
32766215
29635038
32553293
31549134
29633164
30761193
30719823
28853571
29897512
29472484
32164740
29889779
30172697
28707474
26504851
25982905
27861856
25248781
30631160
28145823
27152238
27516530
29076554
29914286
28679829
30343822
30067280
28389870
27104385
27138874
31318537
29085023
28920906
27348394
30501571
31152940
29895987
27921441
27775173
28393192
26260286
28173068
29034036
28582934
29372684
24511515
25945528
28712121
27358918
29730408
27052860
29812240
29153917
29723618
28419631
28516364
28023597
28775196
28032995
30893182
27783213
27228216
31012473
28301290
29036333
28450559
29334174
29632424
32721028
25436947
27838281
27553875
28669262
27978368
26585590
28097939
25344647
27281035
31386758
30368007
26753722
30684671
28892819
33082303
31302115
28198399
30613675
27980071
30412938
28214710
27263819
29121414
29063709
27301828
32438164
30238801
31523228
30331848
32856867
27835487
28997258
25862883
26035100
31934241
25764955
28447399
29136689
30446670
29074910
28195010
27791570
30036099
28759765
28950661
29446572
31025079
29931479
28982009
28878315
29493844
28157911
27460940
30087464
26359846
29159243
31884209
27300169
28342242
30508711
27866058
29991240
27580217
29081383
30126508
28327224
27011093
30144935
31365497
29964246
