261932851
59557524
61439621
61981108
63265131
67280492
63213766
58838418
62762541
63682845
62991863
62141611
60671382
58734058
63990340
60434786
59482441
65554768
62387780
63248514
65499743
62873446
63926759
61479761
64682607
62931430
64011684
64769053
60009833
59874455
58117881
62452665
64084701
61028490
65907075
53184827
61317343
59187770
62034134
60904142
61468300
63076255
60655765
61972660
62611165
56405714
60150774
58757003
62487526
60080197
61422780
64041126
57945907
61490227
61770870
63886262
61947230
66950183
63274106
63386527
63264994
65314940
58893125
60679251
61639387
61452964
56190673
65345696
62870397
62932733
60801139
62230927
57149853
64605372
62560436
58416089
60783548
61442329
58329189
62999994
62557019
60676105
57640131
60853291
59972423
58657164
62748940
57384624
62121802
58772805
62704092
67465091
63643814
62146910
61858040
64560228
64365792
58436930
61045226
59673072
63743013
58499181
59554918
55457483
64709275
64865534
65799320
61243914
64205496
61406677
58657357
60737730
59305380
61792842
61886402
63911418
61820727
63303824
61708076
66108859
58719239
63688116
56492787
62905263
60650323
58804507
60660137
63128452
63411406
64027150
60792502
66946548
61547937
63482780
63896181
62658020
64254710
66688297
63012336
64558599
61064935
58687235
55995549
65282976
61937381
62407962
63314470
62514076
59229643
57434805
59602727
60507240
63815084
56929563
63049177
59480050
57209491
65365973
65129549
63831769
60475335
62000015
64837431
61354668
62707356
60433185
68175149
67355506
64443183
57214933
60498143
61237912
61677298
61391597
58947113
62929212
62786029
62831937
66162189
62443724
65435862
60205452
65118106
60960913
64448014
61637220
62174199
64634267
63720800
58244230
61136242
59992090
62199654
61318688
65958654
63917632
61526558
59393932
61525388
63782714
63305726
60756578
59705583
61164735
57961226
63386292
65132621
58465372
61543181
59041960
63040573
58082640
60526914
64027493
64151600
60858149
57430806
64814885
61884215
63406092
63401237
62224401
58703177
64834985
57689783
62074808
63551437
58252036
63673186
65634871
61102496
59194516
61218691
61519345
60895323
63343632
64650138
60653837
63935292
64651129
59136481
59492079
60321446
58264743
60981275
61227982
64355942
59278088
59680413
64266031
61505213
64943708
62264060
62125861
61920523
59656156
58039041
63558109
61464844
65756059
63301134
71527502
65991728
61930219
66616403
64155564
65707696
65333778
60923851
63100620
64367571
58524150
59832738
67444091
64140102
65947861
65843061
63639362
64352037
63202788
62974852
61127220
66567888
62511681
64942732
59716266
59790358
65927787
65664022
62780512
67129452
54433466
64378954
59216220
62877589
60802345
62706040
66813560
60114791
64556877
64837092
56830708
61241910
60979639
64342009
61682013
62687399
63197923
57895519
60489195
63078930
64390646
64661496
66718123
65767718
66384270
62799795
65898579
60766926
61535656
64944082
62160563
59855646
65993476
65086485
61555759
61228737
63490273
61880487
65188287
65849093
60693571
65929491
62831859
59104601
65456830
63732142
62988387
58187875
61519182
62344669
63171218
65426320
64889390
62256695
63661403
65337476
66929510
63919622
62488828
66765249
63151196
68253274
59161405
63904470
60103111
66314597
66521805
61072506
59084149
63589210
61979279
67076285
62460377
64406418
65279292
60852067
68860732
63258348
65537128
61424068
63338846
64122646
65137748
62075817
66512873
63021593
63972278
58965788
67950315
64887814
60963945
61201583
63227786
61903737
65598863
58710668
68496652
65068057
66329931
61071597
66498431
67795421
68075841
66217678
63789940
61485193
63117610
60021404
64897845
68113922
63871696
63254896
65635879
60511236
59260500
64168393
64126662
61898779
58594655
69086844
61340284
61779576
67380229
63307954
68192831
65358684
66037608
64006150
57923726
62348359
60981612
68035185
67703105
64902393
59598392
60196385
62910051
63264686
60881815
63116620
62170448
62444807
66335511
68310784
63440605
66708564
62041191
65237632
62904625
67651028
63426256
63300449
64988121
64244355
65240620
64697909
59768427
61471300
65001339
63175519
66834294
64719604
59881688
64984662
62551377
63574195
64360524
58611360
66290210
57932025
65254795
64563128
59631968
65241936
61447020
65399331
60719772
60542919
67834056
61459613
63297430
59646443
65153074
64640110
64564865
63257216
63346839
60990878
65846117
58142502
63100099
64899855
60077538
67329812
65154448
67919645
61587722
62268235
62129633
62544668
63002182
63533853
64011606
63597233
64160188
62333692
65028707
63398966
64248664
61079951
62479800
65443747
61511631
62375310
65980622
63510503
67290567
62221595
63022878
61084422
64047955
57609768
61155544
62812127
59221147
66819225
69565192
64699692
58500982
62130857
61075261
62848658
63607354
61281185
61424103
66132474
61272034
58886987
64855078
61409158
63806616
67068860
61033561
60821046
59365745
60968020
61730073
63373434
62795922
63899162
58505842
58299791
60594288
62503455
62647849
65936289
54135305
64435834
56848611
60041181
58682522
60491280
60475120
60495362
62329021
64722022
55277398
58913754
58909025
62979363
59423944
61518406
60127338
58099509
60179988
63139136
63657287
64442729
64773937
65189796
66567507
61730536
65584858
59525222
59929685
62018819
60980339
58041049
65084505
65262519
60195098
59389359
63002793
58136495
62778791
65763075
58761517
61465512
61124877
58631308
60376457
59994909
58732315
59016390
56891675
60849238
61479137
62839508
61021023
59373088
62594533
62052066
64153120
60433642
63185831
63217373
63902648
65646947
57658315
62409910
60925169
63802308
63164632
57932507
58847199
62005835
59312068
68365183
60101812
63657491
62730137
57871120
64041183
60582948
63252294
59910371
62511188
62664959
61300184
60168632
64020422
59963440
61974765
57172262
64803292
62073351
60485772
59876628
60394359
60456805
62143276
59071040
62303984
61259488
63301966
60048989
64164632
65006859
64789046
62238524
61891232
59304339
59879031
55962868
62049667
61807492
61496567
61240903
63419331
56821138
56886964
59336629
59099096
60240085
57131478
68563290
61349788
56468328
65313914
63278474
64304356
62023866
61762352
61971475
61234448
60607076
60255717
65021893
64305381
61142997
54704657
58024357
60690069
60849511
61640373
59565139
60329976
59818152
67355632
66481183
62117330
65129453
58669097
62762300
59467514
63575376
62572437
59219033
62768354
62075643
60282074
63485317
56352494
60577824
62331381
63359687
64179019
59185096
59439420
62848409
57981152
58380097
58638320
54740733
62469168
53236315
62109822
61142964
54636950
60809454
60672563
61420296
54903961
61353221
63452358
56613970
59832935
58897822
66742190
60212170
66708863
61458359
62852268
58583289
68363944
59182453
61038560
62999982
58261506
65460158
66180774
62146971
56302118
59028646
61488636
60166938
63897305
62303257
60845757
61100812
63129384
59623509
61574945
62871454
59693353
63098979
62901664
65254528
58487958
61670606
61577306
58956781
63555995
57459613
61918888
64048717
62736393
55488192
62057307
62693036
63595396
63109930
67215088
64494619
57229373
66486583
64271783
62272776
63714698
59939036
60177301
63259871
61818487
56809650
63109211
64920220
65200258
63999682
63326112
62545916
63317608
63888561
60600109
64486622
62636806
63202856
61534267
56757537
64484951
61388817
63095859
63604139
54520170
62500499
57779846
63987778
58610194
60945215
61063467
60834389
59979350
60745707
58033809
62851951
61816118
60523448
60597458
62085186
60868534
56217973
59047925
62133197
63958477
65053649
62499033
63311702
64491834
63628977
64355277
59972343
61216544
62996482
62453972
56916123
64366422
65669709
62900881
61786558
60348935
56534438
62302947
64918656
60037096
63396751
60702363
59117442
63001258
64022385
60421931
58604881
59813034
60288012
61525623
63067543
60201421
60569053
62411585
62787381
67473155
65724963
61764912
61761297
63219367
65413396
55327095
62420508
60845330
64610009
59917897
59432076
55458440
63186523
62330319
66720510
58814537
60434508
59750125
59474463
64029784
59841459
64342315
59372933
63315220
62260250
60787997
60451068
66728263
58236676
64738047
56970856
64346821
61806567
59233271
63427950
65094704
61940060
63711359
59190273
63153179
62350658
63280917
61510477
64770928
64755583
63386796
62935297
61136603
59424676
59617492
58856977
65055215
63392162
64060491
62617427
63095798
60297155
58600317
60929879
60159531
62853365
57994382
66827913
60221934
56309981
66991335
64552138
61789352
64828203
63348893
63859876
63134623
62804777
60274358
66859765
65398831
61284467
55889784
59747033
62367101
64044110
63321095
59514679
61256456
62974973
67275337
68308380
62625769
60889525
61737958
64038310
60711250
65085854
60370037
63585366
65075452
63361187
63670751
62707191
58107992
63675224
63790388
61118496
63318255
62997174
60827666
59556313
61788469
60827204
56934457
56631317
59997313
57272753
63500757
61723782
56580497
58651713
57810904
62541038
56762419
57695472
62661440
59021136
61528510
53852374
64485792
63324964
65659441
62987913
64508051
59869153
65935310
56849895
60187580
63186209
57201192
62957455
63472782
63926890
60079401
60844664
60807743
61211450
62208533
61060636
61978629
61924335
65639807
58523560
57884875
62716610
60453018
59506498
61185444
63250604
60499735
60481049
62834222
60891643
65911888
59088253
61822277
61164476
61256521
57112552
60297467
59427071
61548343
63420530
68349417
64466773
59579129
65149128
63723286
63671963
62488922
56792459
59381296
62574363
60659280
57400771
63028189
60381446
66073537
61228423
59793068
60863275
59514968
61703194
59039170
62190377
61445519
64167872
57608115
57547019
62885875
65477326
60869058
65398357
57222760
60776898
56089003
61207751
60183198
60288594
62482133
60748209
63161010
62348688
56310537
58782978
62892186
64895426
60760622
60249458
57763846
55923349
59545765
60508993
63866760
63951238
63756952
63943494
66157552
63321560
64253514
58419010
62813372
66262604
61999373
57291067
63967069
65302832
61242136
57588147
63138402
59959377
62366853
64217986
60983407
65948987
60449966
59889313
63400933
65868396
58342829
62507426
62628126
58481497
64776338
62688059
59404522
59256745
63376873
61926629
64367111
61947172
64626636
58541307
68604273
68506033
57219508
62190009
61681084
65336592
64145223
56873747
55281615
62217368
60311192
65415179
59663460
62309002
63350416
61872583
63350187
61558127
63341875
59281082
62469815
61499392
60368018
61404055
65831094
59692946
60936787
59701968
64709325
65028146
63368586
63124835
61109830
60061467
62804392
56411800
67935672
62182183
63464409
57264220
62127202
67097401
61894360
63330193
62170933
58757404
58938773
56552697
63903092
63305700
64306170
60270664
62544886
57450432
57773463
62923250
62175911
62021543
55655096
66099030
61102024
59128774
65975110
65217114
66446870
62809182
62625865
62579616
60927865
60311341
60365139
63788470
66618244
61514735
56032195
59160834
59298952
60235957
62145254
62113849
58142527
60516862
68612330
65396690
62063037
66049732
56984002
62061960
62331419
65289575
62468671
63335506
65967699
63263641
59665975
64236069
56772869
59625298
61175818
61246399
64760537
59590182
57804944
63215293
62252472
59544457
61568339
56746826
60492109
58517160
62487901
62113799
56850208
62598424
59960910
61100710
56808624
57213576
66270299
56686813
61208525
61599937
64924884
58347055
65338557
61572024
61128437
57359838
66645586
58785004
63482413
62698081
59654633
65832106
63972507
64568735
58945167
58441388
61234961
60711307
61349128
60116205
64656180
58531775
61699643
58749405
60375745
61536171
60192696
60598228
59938050
64111113
59681955
61157690
66475231
60624889
66239261
59116818
61304547
62086981
63145035
58818114
66473846
63703233
63918738
69776414
72537282
68174132
63786205
66932003
67287467
66982566
67076592
66461070
64132926
66521130
63480363
62229189
72102901
66100965
68130257
68812296
63930323
66978365
63567532
67771574
67715263
69035392
68385065
66492868
62986895
60150444
65918317
65268400
66660759
71636325
59597658
64606082
62349713
62861831
65304697
67126211
67369237
61198478
65551697
66408721
58096493
63858103
66084368
66610403
64122042
66293722
63730746
63745485
64048780
67596904
70392909
66492895
69647485
68984683
69313202
67162352
67685621
63764620
66123744
66318723
63347770
63243968
68319273
68042147
65075337
65567775
64185699
62183213
65966752
70589462
61213629
67351056
67613637
62804633
65968754
64118020
63751478
62471537
64670870
63407906
65343676
64719178
65190879
62468509
66218751
66509656
72124196
67158080
67580834
65554351
65504336
70278522
63069115
64766286
64517173
66946708
67026075
59419124
60629744
67744829
65162361
69042254
65167506
69255417
64327915
61754508
66316026
65616027
68808166
65507131
66245571
63924839
66042949
64512621
67976335
63863767
66585442
63238597
71303887
68300484
62691894
65681139
66151042
65270675
69901496
61021099
69085138
66996594
66013381
66712186
66041904
69108502
69345702
66339481
63125216
63562040
64844165
62597436
69587091
66355648
67880811
68276528
66775465
62850145
61077294
64437365
64842019
67238060
60707048
72112301
65652787
60684124
69747967
66577100
68183051
68933191
65114484
68726392
64666264
66635983
62865874
69519120
70331955
66908203
60325490
62716156
62720074
65164746
67164982
66388315
63634641
67513329
68996237
72000857
67439660
67962239
62790148
68775091
62999885
66510610
65929474
65486188
68782742
67456054
65993103
66629089
62610339
64936176
68018141
67340808
66460977
67831483
64603363
64912461
64120797
64635407
64469841
60764778
66887924
60147676
68355952
68482158
62751922
63253368
65634223
67276467
63619534
62291334
64786940
63733137
64574293
59787099
67442355
65052128
68519926
64204512
67143911
63838852
70275439
60443485
66451788
65996799
64767392
65833420
68129793
66810473
63849562
63754204
64060223
65477504
66538195
68183818
66726924
66293132
67471733
62729217
62704376
67464526
63952978
65415943
64214741
68819786
60959824
61807745
68112286
63738783
70347717
66174524
65476062
65462275
65385108
61094118
62137064
61848565
62097222
63383851
66480381
62621736
58435986
63309787
63887101
63165767
62765870
59736885
59667297
62716218
62020575
59437347
64361956
61030921
62292378
64623929
61881466
62997047
61670755
60643400
62165638
64165418
62828881
63837993
59954279
56949260
61869713
64256722
61137447
67414782
53843581
60534146
58362036
60968940
60302665
62773448
63720328
59292834
61591392
61223595
55664205
62366712
59309966
63687988
59846781
62599328
60048412
58632306
59548050
62026876
64560449
63547369
64648776
64253377
65210270
62582718
64579327
59103609
58313068
61111219
62280572
55459861
63817332
62024782
63483685
58155951
58465010
56157855
63373662
63731204
59553222
60327306
57473576
59431819
60828365
61227701
62477882
56512786
58098670
58015672
60859912
64005831
60208472
56990511
62318788
61612673
63157113
64013853
63822310
63359596
63040202
65428840
57820253
65153523
61555136
63273818
60707759
57459137
56899842
64097017
62841524
63732632
59629645
60044394
63573850
59085835
64372639
62198799
63281441
58066466
65087952
64172709
59833398
61634127
64393959
58573858
62900206
57743101
63158310
62417066
62129627
62903871
61501113
59859166
64837097
58457352
67903709
61449049
64243481
59588004
62476245
65855020
64045491
62272273
61567269
60194301
57533331
57238152
63066131
60892700
63144282
63278014
63533840
55951790
56465099
61987344
61734811
59168297
57022617
65787638
60501133
58253997
65255970
64675092
63994222
60524013
63027171
61383854
64604389
63592069
59552143
68176165
67104770
62742270
56258627
61118374
61672893
58532036
63721186
61157694
60107648
60696730
65413023
67698013
62529666
62742604
57770112
62442151
61914085
63831395
59232036
59215774
67485636
62537093
59632648
60073655
58514078
61542899
60019245
61166326
63296471
59736931
56399682
60205506
62355651
60015718
60488179
56089739
62374458
57432247
60684141
62861519
56033346
62401937
56449497
60894408
56646493
56567873
62976957
59637757
60917868
55602404
63649462
60729908
61974501
61439940
64179000
59442451
64824548
55757743
61011741
61629672
57018788
64110167
61658894
64415309
61224758
58602923
61470378
61677614
63738244
61558264
61498353
64455901
61732970
58694524
59811148
63653372
60492556
60163331
62134834
63091821
58289928
60534513
63582275
60611629
66030791
57515287
61571044
58319897
58984197
59716861
58024191
54158369
58295331
58689009
61889703
61703912
52963764
58953095
59612025
56557093
60829055
52958447
55456130
57512113
56268298
52807295
57129500
57886588
59489823
59123135
57316542
59342006
56301864
57200750
57098847
61322407
57277499
57698857
53570256
54400662
58202403
59111186
56197969
59942913
50748880
57010964
55550704
57985474
54793298
56549218
58141692
57744655
55807494
57436797
51012661
57920963
56409997
57860300
55982193
58490697
53801942
54903114
57114522
55953722
59096611
56720784
59657779
59368835
57984438
60866554
59516256
56236200
57301286
59429352
56121327
51915395
56234395
60643790
56431039
54066325
58438504
53323958
60402710
57590454
53229879
59920951
59116772
54218805
58387770
59514495
54520022
54408381
55136472
53480013
54710329
58258173
56192884
56552750
56636825
57100289
60792920
57412031
59614070
57155141
62071939
60848020
54499992
57811545
54389295
58556049
58681764
55479408
52704613
57640663
57119684
61240101
58991144
55939753
58295813
55519804
58924876
57794147
58213991
54934169
59218787
58153069
57816271
56190410
58636126
54382394
55886634
53728536
55518976
57722220
55581659
56866092
59032832
57224517
59112633
54386476
61808770
59590596
58127726
55781839
60186045
61057690
58583198
58010223
57599174
54371193
56788057
54917539
60214183
57248812
58946057
55915808
57698999
53509996
53951585
57671853
55861978
56737669
52778564
59585423
56068126
53834771
58964428
57288476
60180944
56323712
56820121
57394868
56346072
57649407
57467126
61837046
62276655
59958471
53383753
55102470
55468385
57788032
57956876
56808146
55811027
56522148
60867034
60586182
56677085
59822509
56500256
60029807
55475533
58737651
57643746
56158093
59139833
56016189
55686731
58318813
55553082
57987375
55971720
55314026
57646704
58214634
55767064
55429175
57144163
56660103
55468856
54428375
55898764
52371245
59907692
60490666
54387595
56595210
53190842
58587241
55367640
52670669
61138309
54851542
56953018
54551472
58188670
57278816
57260382
60070801
59036370
54446212
61037227
51923760
60109355
56886994
53001884
61112508
58055407
58653556
53633710
56313777
58387736
59006628
58248633
57927920
58461372
56629224
58879260
54529443
56418900
57712835
54210020
57352709
57425334
56176088
55246125
55192523
57173179
54921247
60099378
56448094
58263538
54727193
56659740
52902534
65159021
62841072
69924568
69303063
72333643
69085480
63750278
68261637
67560608
68189521
66407063
64717615
65480175
69930121
63825690
64820221
68538711
65684273
68233715
70800015
67548104
68661765
63631989
66736890
66010482
67757323
67044449
66758661
66340348
62190185
67263166
67164358
66048817
72508270
59567719
65057678
62212496
67763943
65148496
67439453
69970964
65121689
64987081
67396955
59664098
65044617
66962706
69899134
65301706
65932090
65221021
62303102
66236918
66267868
69637143
68580835
69512318
70012574
70170330
66734359
71696927
63480223
65423732
69759985
64193218
62099529
69181891
68914786
66865460
65249973
64734625
62551323
70424151
71777922
62400955
67903018
66650463
64145839
66513538
66848053
63405783
64958324
64450315
62517591
65670282
67174513
65706371
65426835
64829802
67043318
70132898
68004380
66645378
65649511
68157369
71302223
63435551
67695550
67589485
67106020
67815926
64269739
61103954
66762691
68823775
70230754
64310260
68293141
64305173
65181657
67490065
63020996
70046085
65318015
67858527
66762308
67562990
63213409
70541840
63825870
64422126
62453932
67720352
67097351
64994379
65246313
68742575
67512434
68712104
61994669
69837785
68587360
70745032
66348289
66749574
70464126
70508712
67978680
64561374
65170560
63179096
60011915
67724928
69203685
66864339
67198962
65392830
63044478
61025576
66664098
64548428
66113548
61151796
70701865
67197586
63821156
72171936
68158687
70520428
67729536
68367726
65968556
68593532
67006628
62178085
72764308
70162296
71858293
58959528
66064206
65746395
64123936
66792660
67239053
65200749
64563784
69923995
72857320
67497721
69043959
63965392
68675550
66688546
67736871
66531619
64759220
68928706
68355055
65284974
68364274
64243712
65898791
66731525
65912521
68931529
68148608
62027330
66836313
65555745
64031153
65444978
61361780
67112566
60888652
65012470
64962720
62751493
65932017
62162884
66010116
60595268
62003275
66236392
66387387
64296350
60917320
69964938
61701777
67428285
67451475
69575069
64092881
69039731
60706870
64755663
68366068
64554631
70885384
69077761
65038714
63378509
63885393
66996802
68352899
69222858
67688756
68013525
63956855
69485079
62361054
66875333
66095012
64418926
67172987
67271885
67769512
60977968
67603069
68107887
64655042
70332362
64163184
65453267
63930661
62539963
61968959
63134338
63770537
64102046
63445976
69139333
65985010
61005856
64796866
66490423
65257544
63676421
62449305
62550901
63761457
60661997
57869371
66380659
66478438
66237967
66610488
63546804
64363413
63268041
65539142
62057793
64220969
65151300
61319012
62364724
60553671
67408822
60621834
63733322
65374566
52995416
62101566
60461290
60864236
60400353
63066569
64902789
63086243
61753839
63298550
57691697
61673857
60261695
63778015
64167616
61287471
61046093
61324941
59519735
62406630
64219672
65114290
65803218
65747648
65184707
64165874
66790574
63074317
60483038
65137027
64092366
55669028
66593110
66247458
63597793
59702541
63993927
57562749
64440502
68913293
61737299
67055191
62368229
60797244
62563212
63041899
62268389
59666374
61708227
59434263
66621408
64866153
61859423
59291731
62253078
60915796
65955695
66612705
64423753
62494704
66833337
67283167
58935301
63158743
62564958
62294951
65665099
59263836
60094983
65936902
63367645
65625798
57994104
64459339
64356634
60012522
63549927
61470682
64582609
63423056
65422813
65731522
63912641
63069757
64116669
60128445
62176875
58608009
66518613
64669565
60511433
61849508
62570829
62924223
64692594
55999147
65124497
66042782
65449124
62086557
65129390
67329097
66204610
66771697
62211423
57772354
63553004
57971336
66359767
68070388
64687277
63371798
64827651
58686901
61588540
62621359
64160074
63884576
60172514
68793088
61800177
59351442
66085745
64684670
64680771
64203619
62312936
62889420
62849231
60934710
60478710
66279675
66488980
64799905
57551259
63231825
63413970
63218343
63422199
63108373
61940575
62771766
68519170
70380411
64812186
64723215
62070974
63948014
63096943
66286722
62530696
61509801
65672930
62510640
62219886
64789136
58647787
62461060
63918185
63975545
66213525
62155284
59084000
62295364
60241889
63703182
60518875
60210130
63067579
56523720
63685260
65782088
58668820
62276253
62622103
60937907
58022757
63453233
64011578
61115495
61225483
57586035
67371561
63748703
67828882
64363477
64022690
61900630
70549657
59305430
65502960
64049349
59912470
65794908
66427072
63434894
60224332
62123810
61310317
62423204
64655620
64237535
63258485
63105217
64854467
60041746
62896567
63535607
64171055
61298984
63406529
64173030
60956734
62444199
63033193
61177791
63636378
63440410
63470231
62812193
63239848
57832690
65587177
62712431
67663524
65600612
73015979
69078766
63240135
67238234
65059965
66852309
67962033
65781038
65568643
65845691
63895659
64078001
66802434
66725554
68749648
68556868
65114877
64688074
64051369
65599243
66645700
67047801
65112484
68514886
64173071
59992224
67376339
66491936
62795661
70747387
56032582
64804540
60703539
66118246
61143654
65769571
65818327
64058332
66095833
65358477
59408647
63298700
66347236
66573546
61913199
65803919
62134815
61793156
64120700
67942804
71733064
64648364
67276470
67428740
69741385
65425190
65582016
63937686
65885656
66963107
66009618
61044569
66822870
66451230
67490970
62474245
65016689
60713329
67262166
71629931
62378725
67983703
62469553
62733763
67460769
65047394
62086432
61860985
65194710
64902282
68662176
67873711
64632871
65030057
65354675
66295419
69318376
67911375
66789029
65596209
65769889
73546501
61502623
67570236
65489009
67747832
67676709
63493658
60465433
66584023
64685895
68835977
63303070
64757884
63205881
63615129
68182694
65186779
66960926
64983221
67263673
64327845
67003222
63397957
68573853
61365710
67689275
61550216
70148699
67192625
63589818
67996028
66034829
66485349
69031665
58630981
70226836
69784288
66984242
63447178
67395232
69541790
65648070
67728384
64820148
62984667
66304500
61185058
68085916
67650439
68949154
62116107
68888277
64634238
59079394
66699737
63358430
67558691
59738449
70585428
66299593
63965576
73761120
66182477
70453251
67408613
67413775
66566169
66423613
67441149
63833048
68775463
70002883
68934083
61800421
64284271
64599695
65324242
66612270
64156781
62326762
64434879
69076823
71095993
66449339
69050845
64151835
68081325
67086939
68399453
66910271
66986894
69649823
66640860
65995730
66064158
60975299
64305798
65539681
65560209
68063991
67106794
62167082
65853444
66091019
64316349
65819221
60572035
68053290
59137569
69399011
66279423
63157748
62452657
64512635
68280352
60863550
59431713
66771849
62124341
64726533
61620619
67862714
65424600
69567351
66890530
65674254
61466642
67501085
59637702
66183478
66486791
61846995
68334017
67544021
68312463
60349530
65125759
64035087
68695199
65184726
65350188
67255517
65571942
67410591
62023776
65015149
63652226
62101895
63093081
66356416
67068249
63113568
65146246
68807117
63084854
68519316
65307497
65826971
63261532
67931830
61887540
64470946
63439598
64486392
65411197
68389057
65465904
63339937
66229439
65417725
61828760
65457646
61790561
64575277
65374681
61245835
60467581
64972712
64952955
67037415
66245832
64842150
61983756
62251062
63470661
64778204
65389109
63027185
64231022
62083208
55688215
67340218
65094956
61298182
70235846
56100409
63803201
60638957
62926302
62839484
62457944
64928164
63267964
63361135
62068447
55293096
60588888
63643819
64077806
62261592
65146783
61837902
60966540
60673890
62574377
67661417
61361164
64572315
67273985
67085239
64700982
65268799
62371632
63577605
65569215
64780784
60557736
66388858
63486956
64793413
59734855
62228742
58838802
66047889
68617324
60406800
66280786
63577893
60968862
64840863
64979220
59986139
61420550
62086110
60318610
62119000
64595392
60803690
62124109
63636445
64565645
67042305
64888812
65865215
63182528
65137019
65748363
60958563
63817487
65239945
66495849
63445345
59408806
56898229
63844509
62866318
63930142
63273692
64869415
63643750
62895290
65513997
63187594
65619006
61259178
65140293
65373008
63585602
63524512
65766092
64176079
64377429
58961699
65331971
65459037
61681071
65064257
64931942
63263987
67617543
63217751
67449062
66909256
65233266
62228179
65825595
67732731
65555919
66132197
62805073
59357989
62641289
58917775
64181997
65499161
65823524
62909764
63608358
63429590
60410021
62701906
63309811
67383900
60500046
66495949
62039195
60717101
68103595
64424735
67414750
64494275
64342559
66142961
63360042
65122105
60545273
67716792
66295415
65552266
57420684
60946437
62948312
64035778
62289808
61990279
60251280
60767941
67929433
67103682
66157627
65822260
61922103
65822333
60581598
65739787
64339920
64892970
66929244
63741289
63903241
65179354
60065794
62386507
63654850
63590838
63475881
62874445
63386810
66035316
63172050
62620651
63003084
58680484
64041441
60092828
65252348
64315253
60324989
64259805
58922192
65598077
61072436
60843677
63587286
63428158
62106760
59590618
65683305
64572859
65599873
66619215
62767335
62390250
70476911
57284380
65348228
63937781
58606839
65883922
66583226
64621043
60381969
63169160
63334003
62565046
62225622
64088390
64171294
65450431
66291028
60588525
61442502
61255176
61286233
62921387
62209301
66705692
62908465
62287024
64589480
62569743
68329112
62160206
60781551
62101786
64609873
59295944
66225651
68187176
67804418
70200338
74475057
68292983
62600104
66157349
69133692
68499530
71582200
66798010
65220174
67189552
64433738
63263329
68914303
68563702
67300451
70050849
66570015
64515910
66467549
68705410
67344776
71084574
70746557
68101130
66014637
61651200
68347008
66108160
64996170
70609447
58183021
65850038
62696479
66657090
63109226
66079297
67376750
65620369
66296421
65795825
63597402
65047205
67359327
67225816
66196801
65798527
63534634
62005194
66583464
66076393
68014213
68291035
69722731
70633400
70434289
65782913
70247433
63557851
63993520
67468697
66920984
59421604
69736288
70104397
63191105
63791341
65319335
62660991
67939389
68492766
65047013
68966305
65341252
64378134
68303334
67809427
63894192
63916490
65117924
64736479
68556931
67552563
65185028
63742958
67835129
67101933
69142192
68717218
68697835
67082257
67856945
72552638
61707322
67185399
65711825
65880363
66423094
64871094
62973263
68252432
67926941
70375000
65055967
65401504
65535900
64189705
66510129
65606715
70600657
64736610
66900744
65791339
67454887
65191845
69184018
64317132
67701561
60431201
68874048
68493926
64958093
66143076
67132147
67017217
69671590
62856459
68007647
68483948
68759876
67116038
69002228
72244877
69336846
68562147
67113049
63845268
64774389
60082557
69990358
70071005
68416932
67178895
67928453
64671884
62497488
67591328
67647894
67290087
62808072
72079428
67163108
63660932
70605133
70048062
69335729
67448032
67507486
68168321
66802169
67454006
65139682
71413923
73036699
68064061
62648714
64155385
66022742
66356096
67071699
65295590
65573499
66044331
70154215
72158691
65900867
71299644
65276549
67290406
66507814
70038250
65368246
68337264
69434065
66887268
65023726
69242350
63395085
66013961
69429994
67174613
71877530
67709554
63868153
65188926
65678298
66550975
63610138
63221993
66952877
62412516
67820734
70264901
61004538
67905083
64475536
68258776
62707404
65049799
68465924
66463589
65447276
60804542
69454713
66758204
69127679
68782171
68149225
64902350
72470106
60075827
67845212
66072324
66304613
67959129
71834866
67323431
64234131
64657744
69393177
66353400
65324649
68063073
68575956
68364805
68377216
64738862
65812243
65313344
65880090
66962559
66176522
66790917
63164245
65040979
67707280
65223609
69295883
65077190
65693719
65143267
66761036
63262759
61661314
61149789
62094467
62015828
67403413
66807082
58247600
62705788
61845695
61419018
64566873
59695022
60947675
62742388
61839374
58450173
66312360
64777277
64658154
63334017
65837322
61753545
62170400
63514677
60539417
64575691
59905397
62494326
59470027
58130730
64452581
64964714
63595709
63774820
56185271
63817440
59014622
62504571
61074234
61536232
62544013
58324331
59954351
61564099
56141747
59103758
61612654
61991770
60858397
60503292
59798049
55929174
61783036
61770925
64991388
62340336
65151692
62869298
62771381
63571835
64594607
59373696
60284673
60064556
60416536
57657399
64280226
63292690
60700188
58029213
62300635
58340084
63496773
66891241
58694310
62868981
63271604
56761908
63506646
64788667
59711047
58723892
61849996
60507664
58654095
61286765
58662724
59203788
62418738
60243375
65089501
65270294
64838336
64644789
65823222
67324659
57481775
63507608
60081886
63809698
63457382
59114305
57622208
62795678
63182663
63793338
61539947
62778538
62567231
60408362
63459805
60519700
62690832
60256755
63549422
64501563
63046250
63015299
62246925
57903713
60306410
56447486
65147622
63693876
61539249
64359917
63513602
61745808
64932579
55880888
66240782
63530222
61130464
61470165
62913573
65988166
66160958
64859407
60966200
58218447
62392929
60159106
62338724
63743080
63353616
61993055
61027757
57666521
56801095
61989421
63014699
61962604
56208738
67492786
60021278
58048973
67023118
64483284
65081293
64372685
65114129
63484275
62665151
60138480
60662824
66577061
66619284
62013901
56804621
59819825
61694726
62169986
60179456
60334204
59982020
61046962
64778848
67876605
63113795
64486664
58832553
62491963
61040202
64551145
61451756
61566774
62692710
62339208
62154947
62546908
61999660
61451371
64849545
60941953
64232495
63514324
63497655
62407705
59375313
61945445
63466351
54829500
62341575
58068592
64259503
65004144
57080777
60954878
58645836
61533512
57418261
59925275
64439305
60285602
64056867
55903698
65446600
62542819
64032529
65131617
62473643
59071369
65238198
58310394
61403795
62285934
60450667
62821577
63082476
63835724
56700875
59833887
62603658
62119260
62359380
61517316
61868688
62265991
63964899
57802137
59637807
61196625
56512851
61543739
61979049
63930024
58540699
61007843
62339383
61782447
64197174
62160418
61197712
61431644
59999427
60185168
62796600
61485959
61372724
62472179
68442868
67025687
60759611
66732356
63162144
64746781
60265969
60397609
61226597
65035072
57683539
58111368
66864971
62977913
66493216
63567362
63453776
62322602
62860238
62360895
61965719
63098966
62303593
63388907
64419658
55840108
62983447
63405801
63217330
68149509
56107200
62118369
58148444
61917553
57914282
60153295
62122642
60117965
61266600
61119963
59245209
60894177
61367523
64720283
60165719
64033941
63322505
57057875
59748067
63234161
65521587
66283988
66993102
63065113
65143919
61991812
67022404
59326833
60980485
63404845
62823913
58339172
64980685
65506203
61148713
59480650
59835663
60315713
63953944
61634960
59066589
62837881
61395296
58236746
64095416
64792552
60841959
57177954
57471372
58430150
61678456
61908878
58661253
59807036
59373905
67641787
66646042
62831987
64305266
65094921
64115762
66008188
58217521
60575732
58707675
62259789
62603345
59876761
54619448
62165313
61350705
68215605
58371065
61603741
63877037
58364297
65046641
59373255
62442849
62348516
64497843
65205912
60820371
61190406
64655286
62186669
63179670
57947911
60705945
61078350
61190074
60057685
61287912
62307144
65632592
58964899
67178223
62746101
63851407
61700782
64924342
66992489
69070636
62612597
62105666
62700575
62062871
56780272
62205532
65136331
61643856
60600997
65666924
57917739
58095463
62489667
61864928
60715657
56745774
64416168
59864372
57651841
63772124
61892423
65837838
63330301
62825836
64622321
64561979
61513524
60813265
66732591
64392645
63182486
56261491
60508690
60706126
58938238
62508766
60480570
59412611
65454146
66082262
65192755
62358900
64813022
60249811
64509086
60599322
65325836
61207717
61733613
63140854
62241346
63006574
62278602
60965307
62583828
62005277
61176474
64721026
61989774
59726734
62937608
62663418
59929342
62316968
55831167
63723954
57359290
64564732
63447924
58711771
59069893
59153076
63110505
58462840
59922430
64219448
59502430
61190668
53832866
63687347
63558336
64723040
60329795
63677098
60226320
66367375
55756677
60054644
63836055
59539282
63544127
64553941
67227715
60262444
62520817
60625345
61225878
63921502
60766337
63107631
61174475
66281008
58023904
61309617
61226509
58961248
62676785
62992199
62418065
60067166
61126566
63717520
61460638
66535803
59146051
62949647
59824537
60827867
56460074
67430331
65545845
67887441
66407404
72982055
69141383
64662221
66349056
67583673
68018085
69385053
64845093
63749829
68136483
68221949
63126977
69196056
66623018
68523970
69298036
68947530
67410530
65965927
67895429
65703739
67715223
68053660
67882562
66022356
63047473
68301092
68775775
68359127
69259223
60033925
67155786
61221517
68217599
63003071
67711938
67106854
65209120
66520772
67040099
61793190
63724498
64764076
68835647
65137287
67785623
63349911
60730432
64046936
67693591
68901459
68090515
70562228
65386025
69207127
66470128
70851583
63315364
65565897
66699632
65405711
61527346
68654976
70577847
66001135
64380536
68061150
63552766
67424481
70438965
62489325
66992967
66624057
63245147
67266505
66295030
67094927
62166827
65312958
65404350
66756895
69697971
63033234
61797760
64488101
68505737
68910518
68940907
67585034
67559773
68960256
70369523
64844420
67285858
67280901
68626553
68429229
61801312
61195356
69925693
68137283
71212944
64011243
67073820
67932728
65909662
68614700
64785281
69986031
64146760
67893179
66635364
67616290
63603939
71800026
63091460
66941342
63719293
69540139
66527904
65727204
67873874
67741554
65229548
68433255
61246204
69477176
68010922
68043488
64554187
69286781
72782077
68758137
68465276
64721878
63391408
64911051
62269746
66714896
69312734
69707497
67636882
67456056
61888839
62227940
65844201
66140538
66401006
61024189
73497642
66210274
62779727
71048252
67424502
70673872
69504381
66071515
67922519
64165450
65225227
63288570
70698953
70638231
67528870
60812459
60400339
65749529
67805579
67598412
67011442
63954209
67341761
68043858
72618022
66314887
67482351
63395944
66970887
66996699
70351714
68013015
66985273
69482250
66481149
64748121
66985811
61662053
66012530
68206971
69542752
68254416
67927899
62684270
67335401
63498697
66384600
63733736
60637218
70471826
62142259
68958230
66185526
61482820
66478066
64950506
66834225
60315850
63818248
68112482
64808912
67218900
63004217
68044912
66168445
71569774
64166325
68710790
62446663
72478236
63141427
67715097
67736208
66423236
69855859
67969207
70373519
66948507
64158064
66343368
67564598
66526646
65437988
69816622
68345912
69029601
64450757
65360944
68977785
64929029
68169916
68868485
68567847
63691448
64415384
69423900
64150852
71168874
64931400
67892488
66137006
67356017
61336566
64505647
65296732
67076688
65975147
72069932
68283324
62621484
69079881
65740513
66847999
67068657
61306353
65654819
66047697
63944618
61084090
68468238
65806078
68195785
66091029
64119343
67063847
64117468
66072071
62953101
68112399
63876313
66608848
63901750
60214395
68916123
64509695
65352098
71379386
55451106
64415804
61898274
63852699
61292821
63299197
65238419
64358979
63784512
65085235
57853241
65373633
64987723
69112915
66271036
64645729
61838390
62551221
65439345
62464996
68377837
65789228
67036312
68587452
66964927
68078814
69878794
62455622
65665768
68019154
65788323
59159367
69670638
68269564
65728983
62017907
66299396
61326538
68856140
68792862
61214985
68925034
63957809
61418015
67118160
65698878
65238523
61201705
64832701
63969351
66303961
67864934
62316797
62156806
65405543
66707340
68550169
68637313
68102371
65154761
66052300
69715367
64705537
66521663
66128703
64952486
66831501
62843387
61115462
67582093
68233952
68046845
60981262
67916081
66438590
62630202
69375654
64064091
66531329
64147786
68587252
67669923
64147659
63743783
67067469
64116556
66199355
60965706
68379015
64371101
63779178
65863805
65067485
67478216
66867351
59566838
70287860
67209194
67625589
63153306
66331969
68656091
67801661
68720349
63985662
64726722
62622838
58696645
66830476
68976113
66851836
64708373
65511468
61488108
60522532
63968404
63226796
65645509
60270267
67601311
63460468
61562156
72172121
67626259
69724422
66773570
69213542
67916400
65238690
64287842
64372279
71302934
69255836
65585281
60357368
65587801
65925569
64950418
65671208
65405521
63983607
64518129
70750469
69153664
66572031
66309049
62373897
66815016
64115963
67604558
63888114
63059631
69382690
66165130
63506573
66656241
63399621
65207431
63777948
65938299
70056436
64853477
61660809
64771209
66354914
66718483
63980684
60558045
66804992
59423727
67867530
67067495
59538614
63588315
61604017
63235119
62003851
63388148
67374471
62940587
63872608
60192150
67571408
64413968
69372886
67854527
66387864
63762373
70791183
62575193
67750649
66669988
63373598
68407406
67593269
65931942
61811778
62492030
63629517
67924879
67088039
63676624
66738552
65926141
67413040
62348949
66403805
64364350
64202086
64297314
64509430
68365115
62052745
64177319
66628082
63903783
68172444
63212287
64813609
63789346
62808812
62559621
64227870
62958081
67463928
66407895
72484405
68284176
61826753
67915417
65514056
67472615
67366985
64820279
65268103
67765500
62713649
61072206
68905750
66411295
69541906
69181633
64922338
65517838
65126356
67014963
64667544
68583279
64873189
66382020
63382363
62339283
67768329
65333401
66156212
69550903
58999732
67287135
61985708
67589527
63671957
64093877
66546799
63253379
66226613
63450915
60497945
61790430
62736725
67235340
62197860
67221879
66615164
62720679
65728025
67834530
67216197
70470861
69671794
71223772
69991894
65848480
68390095
63142673
64361671
67628820
67825644
58388927
68873424
67228420
67794797
63309129
66247036
61139540
69297148
67707927
61156953
67358304
64235051
64739764
67010264
66872431
64460668
61591265
64330438
62826374
66678051
68938124
64415015
63053564
66690907
65846990
68486838
67926872
66130371
67125491
66038046
69963020
60206422
65720471
66762008
66507885
67993490
64076108
60813934
67366004
65525394
70573432
64696674
67107362
63243180
63401067
67697208
66050232
69261596
65643190
68971606
68965429
66072504
63707078
67481144
60877644
67003667
59366015
69918541
67411855
63542635
67541128
65597086
65680834
68510723
62570223
69942137
65739641
66234997
65309766
69190485
68799494
68689125
66437387
66406663
64344236
63831553
61357323
70041877
66563960
65803113
65477978
67571698
61509370
63220466
65511895
68381889
66669334
61447288
67930868
63467416
58539461
68732105
70006158
70500349
68030475
64819795
68396656
65608428
66519060
62808487
70362576
68112423
67599120
61541226
62731582
65309975
63185732
65082493
66280385
63672203
67775298
70840461
72427911
66801861
70210685
62575310
67099159
65908083
68542259
66945532
64449847
68183476
66265458
66310819
66914090
61837172
64113755
64319591
64039680
65437891
66070925
64904379
66934657
63485056
63141122
63211044
61654488
66600111
59082647
69233689
68177045
60373724
67412494
64449710
70342868
61006429
63740747
65786699
63842069
67883898
61927456
69261562
65057448
68702310
65648671
69132171
64599947
70269726
60310972
66867634
64049217
61451010
70971208
69955974
67194525
61661662
64264546
65695326
67848005
67442649
65580294
65998355
65881925
67827958
62348387
64463396
67259414
63970513
64412652
67085415
68181660
62648502
64079006
66476017
63818579
69191132
63983780
67570020
66151931
63143562
59340355
64065558
63535212
64664072
64883020
69811252
68540615
62234005
67959344
65589368
62686511
65745341
63180658
65481031
65302458
63380609
58970186
66753843
64436137
68547995
67985576
63424480
65567299
64319721
66197655
63332037
67535232
62375303
66075404
65025069
59003858
66581068
65090951
64985462
68962621
56042437
65860948
59168933
60181723
62152677
64850656
63094092
61432510
62077110
63615372
56629334
64844616
64739470
65341591
60329124
64013135
62562074
61806742
60230197
62824644
68558429
66307640
68457073
67017863
66061360
67088985
68070326
61861648
59420751
65700102
64166778
61218985
65814592
66415867
64799309
59558633
64882727
58766284
64599313
69264955
60860647
64404039
62143960
61630862
68118680
67407603
62334320
62371968
59361639
63330147
61558631
64882590
63675871
61431490
66561216
64893306
68057153
68234366
66841304
64542078
65558735
68892111
59536308
63643810
63314702
62447705
66173561
59470259
58954284
64905195
64000809
67147558
61314420
64976822
67632369
62640680
67021454
62336863
65251868
60839787
65995955
67418076
63403680
66952874
65300362
62383069
63278826
61018746
67039199
64700811
62812618
64556764
64280526
65096007
67148076
60614700
66764305
65522733
65374329
61342182
65467996
66355330
64464963
66481991
67720225
61163945
62181926
58295154
66048503
65338204
65318080
63155363
66113486
60690838
58286860
62322173
61334508
66544628
58448830
68435776
63465853
59600402
67651395
66535119
66917840
65465692
66136087
63237927
64557761
63918900
62559827
70502295
66280893
63457351
57696955
63577459
63567424
62892580
64262922
63118319
61433911
63331313
67783819
72635511
63646217
66862416
62395989
66183757
62846131
66776959
65804678
61583455
68438621
67536289
62968012
65357313
61039504
63475983
67005601
66393034
65582289
64776609
64266471
63597543
64866707
64677636
62262012
61430612
63705945
59917714
64433758
66238944
61083664
64880519
63521225
67655272
58694891
60638681
66028409
61172525
64661242
59964624
65849229
65344058
65465832
66664838
65205916
62504887
70912393
59448289
64697250
64693817
60140140
66475534
65232127
64663200
58343182
61260423
63238016
62859661
65403093
63033088
64521677
65099560
67785249
61210947
63404823
65655523
61584097
63838771
62230508
65212565
60507888
62934938
67169526
64195769
66192972
61681316
65516026
66614739
63570240
59613714
66935618
65132161
67877760
68086042
73893251
67799138
62187233
69795399
67267289
66945279
70668020
65815932
65328322
67334841
65333794
62554388
68609590
69594864
69615293
69982090
66739135
67685861
66973383
68831633
65935365
69014236
66649671
67239662
66017887
63443000
67684797
70080938
66284343
73292249
60008426
66019817
63875793
71313764
64178322
68186647
68524424
66342310
66529621
68629225
61958850
68092513
66760935
70502879
65849620
69114322
66240767
63968628
65909904
67713770
68758055
68173832
68020018
69304279
68883100
67109194
70026312
62666123
66864339
70819896
67445970
63227645
69480518
69844339
64702803
66456234
69326259
63373675
67595181
70447405
63387354
70797171
67190531
64357282
66307237
67509521
64905510
63315019
62765183
64876012
68091847
68934309
64251243
62713264
66983980
66563673
70412723
68905629
66319814
66850671
69028299
69705790
64541359
68021982
67999426
67864583
68361451
62947971
62241597
69827680
68161773
71017342
65737799
67558887
66481212
66680544
70913418
65334101
68893790
67209408
70729174
68563917
65497012
66137461
70433807
64427334
65034214
60251215
69161334
65061549
66685905
69235148
70145455
66151905
70057896
65185728
70187522
70129379
69203844
64212427
68219181
71954905
67964346
70289450
66552025
63136605
64871906
60620841
71805061
67760360
68105574
67496067
69293066
64082080
63234990
67373137
65075140
66105562
61995093
70303731
65191390
62795593
71167470
67922440
69952425
68384538
68730957
67042887
67363532
67012130
66659289
73164524
68095069
68166484
60967084
68564924
68147012
66454228
70410776
69169772
64682015
66478099
71247591
69898590
66104304
70075059
66127390
67093497
65550604
68444844
68408202
68323169
70913434
67968856
66352629
70702686
64343593
65600875
67190679
67958688
69528252
66837612
62887368
67832162
65076743
67963470
66420373
62856234
66176654
61667347
69303987
67181611
60777427
64899723
63306119
68951444
61810032
62372027
68749600
66931068
63761383
61768784
67764019
66469784
69791212
69185840
68487179
63512256
72661503
60331759
70260620
68722171
63904152
70733682
70569615
69871840
66218964
65137807
66976177
68366054
68247950
65822857
68943920
68290226
67709516
64041225
67650374
67999844
66627085
65491482
66928874
67692221
65716575
64181789
67769211
67039010
71778654
65268155
67017302
65741889
65714336
62423049
61096648
61932713
63289076
64110958
68318910
66697599
59165996
61731154
63212320
62265129
63864105
62033898
62779612
62214904
59281757
60453323
65485420
61674140
62744847
65672406
61642839
63953108
63618167
65907405
61524864
66850527
61884342
63658220
61674946
59423329
63673865
63075163
62094887
66963633
55620110
63169708
61009596
63012265
57846194
61674118
61989582
57800673
61886545
62598348
56005583
62672474
60924674
65067990
61828933
61017770
60538954
58462110
61571779
62540460
63812425
64577372
68352526
64800544
66379766
64127405
64207747
59747825
60410594
63418762
59979764
57396442
65859371
65065566
61152577
58135394
62894815
59643846
61263561
65552202
60049636
63804499
62245312
58084592
64326636
61616651
61399462
57240256
59948428
57978063
60394696
65195577
60612689
58912766
63070745
62538088
66092027
64705370
64583295
63469080
65037866
67499705
57911618
62662174
60301068
63354533
63314716
56815390
59248842
62486503
62233425
65814317
60371923
62089976
64034190
59239258
64040881
61827352
63553975
60441244
66601501
61794999
64053273
63075525
64492673
60156900
61610495
56823798
64686169
61647933
60865471
60588235
63004800
62249521
62982371
57332490
66946223
63369426
64134002
61805685
62597644
66698525
65981557
65921190
61878735
62365482
63966366
56647306
67704149
65249756
61627649
61778634
63668253
58284943
57445643
62462881
61123445
62760950
54292210
67372571
59176640
60356166
64215361
64352363
65308907
61739836
63419536
62165073
63594218
61583877
61563536
68370183
66465983
64393171
58344001
61235052
62544486
62654635
61514537
62162657
60891414
63044611
66753381
69438381
63088585
66249464
59473988
64217046
60370188
63823886
63831895
62122075
64267492
64843904
61649414
65062810
61889992
61832987
61156650
59739136
64250580
62728823
58555914
61899972
62130283
60541553
60846900
58111704
62671422
56663932
65907087
65413274
57226289
58740128
62214956
63302585
58883164
61481472
67799818
60668604
62896492
56514188
66628148
62550907
64270744
61867883
60917260
63377119
67839060
57353721
62840009
62988943
58625586
66841583
64105324
65144790
57425536
62188103
64077215
61845431
64965255
62629888
63522136
61357500
64484681
59200079
59727097
62002318
60088523
60786138
63447549
64937735
60625235
61365799
62004098
60175418
63826065
62417474
63771073
57960920
61945663
59298900
61589208
60352096
63039349
59948166
65322532
64146141
55876382
63708036
62014806
63956080
63356129
60574976
59676813
63118060
59223998
55929230
65061783
62762917
63369556
65446026
63387470
61012234
58879667
60496551
62546285
62000250
58999695
62602409
60295168
58852713
64499335
63041280
61756507
65341672
54396268
60867481
59010076
63700718
59889518
64463946
64067496
59701187
62067476
62171189
55753346
61603301
60853304
64083839
61080431
59082671
59003926
58135877
57884993
61152367
63117627
63681277
65878768
63687250
63143965
63053414
64702728
58284410
62254317
61632484
59517152
56133831
62942871
63354579
62382091
58820813
61638790
58006608
63360200
65235475
57319226
62511887
62052687
57502592
62096109
59642427
60874915
56856993
59509270
62232234
62369707
60205792
61185925
58458299
59865123
63680821
64366100
64877891
61274184
63527112
63772705
63856599
54753364
61633229
59807583
63178074
60443757
58741387
54520159
63511729
62005643
64430388
60540232
61748975
62069454
58605574
66656297
61503134
63976717
61677242
64496203
62949329
60909444
61006997
64247748
58458677
60731046
60359846
63819996
61669429
60270142
63151155
62543959
61796796
64043722
57228698
64203223
61981187
63332516
59441505
63089458
67023913
61948234
62610171
61865742
58852363
61094189
57751029
62788806
63267178
62278839
59459141
59887920
56046378
57794365
58801072
59913610
60474551
55500234
64922843
60774438
59770162
66577058
63260558
63751464
65008911
63358038
63094005
59121259
61593493
58735443
66112917
63503463
64397188
57678359
63264163
60963720
61166871
63672620
64244915
58992131
61992220
64976420
67189698
62079142
62729374
61377861
63152360
61435178
66201575
64152474
62652370
65643900
61266036
60755188
62861647
58833933
60482370
61295972
63647362
63270067
62489216
56517404
63713134
60308028
58253560
62320160
55327557
62542743
55508866
63292633
64515434
58419708
59528443
58207163
62940214
58792553
59116611
62130352
59850627
61208165
57238096
66216999
63137995
62593454
60796173
62105096
61823139
63934210
56864824
61088755
63576054
57972993
65318730
63278090
62303127
59343470
59771507
60467781
61929403
61624037
61515076
63358650
60705177
64633251
57281860
61819936
62501020
59732792
60955431
63688721
64222801
59161572
59979689
61981320
61908450
66082981
58810883
62976310
59446011
60147211
56711798
65898972
65308230
69654932
68613369
75409009
70459088
66518565
68027683
68273190
70361906
70823870
67200736
67732282
69710434
66029467
65181572
68705775
72880197
70452288
70664561
68002844
69291135
67813252
68704475
68017893
69847944
66948733
67943588
67339484
62019009
70418957
65159558
69186889
74268787
59862399
67499173
63845423
70050578
64115503
68525348
70336048
67567451
69168154
68748099
61964225
65607084
66064653
67613583
67391000
67052746
67252800
64689016
65996982
69561369
71191493
69828785
71206452
71284921
68366651
67583015
74984502
63923731
66469044
69710616
68216012
63327926
70878380
72262664
66616013
65324270
67956938
62312238
68267004
71732413
66377210
68925080
67003889
66037372
68255098
68720028
66667675
63040440
63666917
68497143
67801231
67742509
67019642
67223277
67711908
68826430
67916713
68372891
69524273
67403752
70677007
73261246
63989622
65971767
68692202
67504987
69452967
64621211
62144620
67990092
68149338
72057386
67287474
68763188
70982442
66091298
71064729
68302474
69859491
68464827
69201165
69352160
70744339
67237876
70712390
64956992
67623856
62298471
71453639
68043877
65658425
67096348
70082050
69854516
67641448
63004549
74567814
70163067
69918042
66956141
71003659
71506763
69046366
69390729
70281626
64860153
67043708
64074223
69186848
71349687
69816067
66298685
68416842
63663625
65605143
67744141
65919442
66737973
61820687
74550315
67234321
65784800
70345246
70011023
73638643
69009239
69377894
69769841
66393188
68702964
66753687
74392713
71936886
70640539
63914709
67132046
66541969
68437741
69543937
68298209
64124588
68072555
70635926
75375460
67038349
71271501
70183742
70203229
67486321
70836720
68095724
67191461
71339253
70003144
68414830
70122868
64965748
68120896
67980239
70650050
70405119
66076787
64674919
70788011
67317553
68077777
68107303
65022636
66765632
63609788
72047003
69143725
59814408
67628869
64213636
69743306
63599930
64357771
68238464
68664502
69118964
62243959
71236701
68826955
70654765
68975189
64962047
65379436
72312010
62153386
69900003
69549336
63761321
70994809
68967413
70329038
64886366
66747511
67949008
68129029
70697732
70669848
67458703
69486636
69188479
66318168
65380404
67455617
67044332
65951794
67700060
71115671
65745064
65163874
68592464
66408185
71150434
68158909
69626567
67345489
69064506
61792607
68864391
66008404
70459272
69955977
76665296
70506856
64703316
69036240
72335212
70173426
70145519
68116492
69701235
70662536
68518219
63997263
70823562
69192254
69004053
71429864
67201014
71195923
70258091
68013143
67632726
70031891
70027801
71061871
66649247
64397994
69427062
68413233
70261843
74385308
60165143
69977358
66041944
67800907
66430071
69680107
66563578
67080178
65378500
68917032
62986813
68367007
69420204
70949299
65313747
69686091
68083234
63347472
67511836
70375782
72100432
70749502
74928580
73592807
71075991
67945423
70571564
66655012
68327668
73616636
69125848
63698524
70619844
72841211
68229745
65136287
69693173
62073090
70969083
73884010
65200649
68964041
69807873
65708912
68742208
67787618
66300296
65347273
67336164
65880584
67823944
71643010
67097597
65263620
68237258
70844367
72390237
72039619
72059624
66121731
70688348
72725682
63423341
68284852
66611229
69306910
70819473
64580666
62911615
72075059
69530390
70728678
69450265
69090722
68259174
65843336
69205175
67442722
70804130
69393763
73102456
68536444
70434011
70167866
71784910
67389239
70041438
64006107
71085900
72424803
66672350
65490805
67787137
68782995
69808007
66061689
71639018
71005951
69936018
66626257
69600644
73551393
70728181
71592051
64476302
62861876
66866364
64136511
71281770
69858872
69946268
68781559
69669494
64087014
65957816
65789170
68634240
68436980
65712717
72985076
67762738
62486691
72630133
69591830
73586270
67982403
70559579
71915647
68879293
71209853
65273914
73970027
72120139
70087726
63526693
66163158
67992816
70791823
67761601
67841195
66015794
67383698
73849401
74533124
67417749
71284406
63602601
70458695
65258970
71336953
66521745
70439446
70736886
68480514
68014766
69683792
65024809
71381210
68042606
67195205
70348115
69664424
66874045
68873549
66138845
68761385
67977192
64558239
70188969
64079662
72619960
71313097
63089847
65863525
64683623
69034077
63060229
66073240
71264539
64475459
67108439
63193689
71190839
68116125
69999453
69952968
68019589
68453733
75730212
62969735
67412611
69413911
64112694
69587627
73169168
69558506
65073893
68810180
67689333
67683948
70315902
70594286
68910225
69098450
70971825
64771435
66737537
71488061
68212695
68840083
69679942
70979077
64021422
68090354
66641664
66339851
72333778
67259589
70435603
64997913
65969445
64228441
65146100
61819355
66949152
65732146
72517724
66935592
62320008
66810791
65515320
64461399
66004978
62739200
63150841
65751703
63883269
61125033
65899192
63816790
67049740
68931405
63041316
65322563
62845670
62863814
61733435
66438693
65717189
66411029
64052071
59650376
65677698
65258246
67987612
69580489
57134230
64106529
58772565
67029910
59183845
63777044
63937533
64432821
65255196
65431316
59429008
63420988
63504582
65627381
63511791
63753259
62845850
63448740
61346716
65942635
68677082
66948733
69418457
67728672
66487121
64247486
67951713
62946830
62338523
67982836
64971657
60876350
67981671
65829801
65056181
61096762
63160317
60188192
68547256
66230994
60151952
64614404
62386007
61067924
66636216
66598189
61115045
62754075
61899039
62023601
66259177
64222118
61699024
63093418
66095257
65921446
68756922
68832351
63981260
64236851
67214688
69877563
60960394
64775748
63500766
65748404
65118900
62203620
61023537
63597877
63644228
67608735
61067761
65171620
64618734
63203693
63802540
62570426
66424159
63428887
66682070
68135871
63655918
63771410
67344416
61064946
63030921
56831784
67628390
63960755
63262072
62821037
65475759
65240614
66951998
62150275
68398726
68347131
67407438
64583769
68154539
68922705
65442291
66902956
64996826
62227065
62198553
58079377
68172574
65246708
68186354
63578328
65135500
61628342
59148395
66071654
63882516
66156379
59813716
68446700
65141231
61385221
68431367
65830855
70304832
65433917
66425659
65627628
65085418
64104776
60700589
69856826
69215975
66523576
58652142
64987669
63354041
64667742
64155383
64315467
62705013
65646121
69766364
70860235
64801683
69280879
63856585
66388269
66386242
68552195
66743623
62772707
68506984
67250347
63490355
65388128
60414644
62863606
64963963
64044160
71287140
63258240
62360695
64395994
65292016
62463278
63231476
59746369
63636638
58123507
67979166
63580439
60468915
62641935
62261506
66137376
59837055
61172117
67899709
60747311
63714228
59713578
67888246
63035781
65906003
67191061
65234042
62149507
69085654
61799474
65821573
66422924
60538538
68969450
68264135
66045620
59848083
62063642
63500695
64690658
64569070
67172679
64430530
65348098
66917382
62909242
62895082
64714239
62209982
63267072
64785308
63998915
62865969
64774864
66066343
61711778
67843066
65022848
65728790
63676615
63655482
58246103
60969307
58762369
62417497
62911434
65473098
64277640
58552099
63364109
60286298
62546971
61889135
60095553
59260858
63641780
59794447
58814988
66553101
60154300
64720132
62196646
59443328
63125519
58958677
62163513
60932813
64202575
62040518
63386409
62044579
54906363
64435176
63434732
61102605
67138914
54528325
59950451
56610534
60411065
59838153
62107126
62475721
62163726
60563696
61776823
58137634
60125457
58603115
63170505
61119415
61789861
62047118
58415266
62187667
61288933
62606288
62354704
62170940
63418179
62209813
60137552
63414482
59014020
60605712
64762327
62537623
56683551
61685056
63417972
59633999
56610118
61262605
59079220
60987890
66601248
56298208
61719800
55868688
58928914
62811667
64759435
59236590
58164503
58953136
60096835
61363190
62601810
61671530
59352570
61660279
62760929
66733803
61686080
61947004
63114048
65003557
66202296
58402723
63833641
60954363
63166107
64869512
56360251
52989886
62640393
64357757
66973053
59716127
60165264
62534916
59317549
65605871
60786058
63272432
59510214
62839312
64172619
59223278
62790020
63121439
59627365
61330923
56222791
65503158
59844709
61166392
59611941
62342632
61030385
65677957
58053585
64894802
63418713
61979348
61540757
65190734
63765694
62007587
62235746
60111135
61762287
58716863
56755613
63135130
63944220
61392590
61722304
62227371
57570395
55037176
62478402
62090081
61752063
53661544
64690030
59364199
57816793
65168657
64115257
66596534
60406859
65001887
60344152
62298334
63179722
58780532
67482491
63698560
62991972
53572953
62901714
61829116
59922779
62849316
60554673
58909862
60810007
64572775
67067726
63596442
63577425
58323814
63354325
62327808
62605350
61895089
62631311
63730722
64524502
58905274
63274488
58657195
61727780
60461038
61940816
62844430
60685234
56111355
60446186
62139247
61308490
58915375
57411057
62649830
57531924
61695605
63584627
58676321
58424033
57452163
63735977
58399436
58758635
63566875
59764793
59669206
58852980
63988662
58862088
66045598
61657139
61398032
59911412
64642269
54719089
63227772
62206085
57623895
65449821
65406763
64273484
56350094
60836871
61585866
65548037
62783235
63251301
62278680
62702588
63519372
58861930
60775611
61650007
63423497
59880833
61890682
64778481
59728302
60669426
63308495
58656499
65468634
61510183
59628868
59754670
63134665
57625485
66542044
63206326
65977420
63303944
71021468
67094022
61410757
64414284
65714176
65181570
64724934
62848313
62143996
65849290
63314630
58749205
65759863
63693953
65498616
66136896
62800097
64373448
64249233
65251766
63522166
67128644
62280656
64168966
64037114
59872778
65767032
65688971
63896863
70683223
55324589
60250093
61053338
65164170
60711219
62654268
65570239
61683870
62984502
63977274
57924187
63385024
63674474
64960976
62250100
65069339
61610452
61084526
64865152
63020604
68368666
67207674
70079295
69243401
66393513
66259269
66790261
61737042
64278913
67727337
64833939
58337802
64502748
67459750
65306904
61506044
62128828
60854646
66973041
68418093
59432719
64313033
63570617
61292295
63907084
63694008
60617732
59209974
58809486
62918514
64463912
64049736
60953506
61838498
64115665
63957114
68610350
66666827
67356377
65542925
65555149
67655667
60119774
63950457
61605083
65209823
65302566
59606279
58548287
65580850
62677251
67255117
62786823
65375055
62782258
62739077
67107752
63859111
63788170
62802508
65335876
65193092
63374691
64607578
65152950
63778303
65145254
59370810
65247260
63628591
60476107
66203825
65400597
67231496
65313834
59149830
65838779
65786139
64821448
62898521
65923203
66728059
64995423
65223421
63284038
63004146
63529101
57072517
66967195
65709437
66829272
63525721
64744694
61458576
59584857
62416512
63087061
66866346
61371027
66998946
62944257
58782235
69502563
67828071
67738424
64971127
64041114
65652183
64990741
64910933
60398722
69032702
66160390
66506586
60058956
63095211
64400464
63210917
65787572
63144480
62475839
64198480
69026017
69051151
64907119
66870287
60255926
64502706
64581282
64669559
63270577
64459659
67266042
63915871
61862731
64386226
62290650
61900782
66022844
62388444
67193112
63212108
61571322
65190898
63435308
64257102
63198570
60323838
64684669
61284478
65594193
66680971
59861342
61848945
61015288
65247201
57786400
63401040
66489789
59765998
62413610
59142232
66453384
64738172
65161614
64931640
63732545
62387083
70715077
59940517
63348016
65146206
58797537
65305966
69220590
64938077
59696106
61890624
64301130
63117799
65401618
63553932
64976513
65118923
68985292
61276509
63038176
64881863
61253207
63818834
66675919
66178070
59670041
61966316
63519567
59911420
68643994
61607175
62253940
63713651
62869272
60624447
65270203
65063256
64897705
65951223
71154825
67398479
62614369
66253371
66612522
66058509
65877398
61452790
65924220
65161326
64525801
63750971
68678031
67015158
68758323
68169724
65333987
68987401
64071875
66483362
66222861
69988048
66256628
67662698
64969896
58100019
65218428
68117126
65426062
72101272
61168925
63245089
62523180
65032827
63349978
65724604
65793351
64063765
63279263
65690002
60766616
65341607
62775107
68776960
62791840
66503211
64665558
60292447
65513552
66621479
69539117
68071066
69550557
68845658
69403288
66408891
68549795
64699569
65951158
65797346
64107510
60953957
69601463
68159275
65399783
61056517
66119415
61186511
68200760
71039795
60499728
67617349
64163050
61513632
65960846
68487437
64259562
59814088
62102901
63399602
62645959
66880298
63625048
63396083
66494814
65650879
68852116
68046395
68046553
65248021
66746803
69763881
62156631
66915726
62082165
65333270
67675805
62881484
61129044
69017162
64074615
68603129
61281615
65166267
67474335
64328151
67690049
60866000
66827016
62683723
65650085
67046854
62612919
64395544
69505036
64056780
66598217
61250397
68416643
66314575
66623380
65859625
66031617
65097003
66989623
58496629
69883074
65003405
67936476
64289068
65948684
68983789
69808479
67248926
65512277
63178361
66024789
60060068
67895957
66052038
65916831
65941401
69011557
60390829
58115604
63601526
64498809
64559370
58937520
68163649
64629962
59637320
68827177
66380506
68225609
66300286
63827673
64624992
65024418
65779499
60700340
72412031
70409311
65687471
59772663
66227349
67495233
62354155
67431633
64784018
63091804
64801569
69992093
72369455
67003058
68384061
63269993
66997551
65567246
68595179
66938389
61592396
68274309
67616528
62917503
64082992
62276174
65156025
65885394
66211220
66898149
64293700
61689073
66670399
66114872
66119038
65237301
61773663
66310523
60269138
66657891
67154622
62191967
65067467
60334527
65722100
58547770
59613489
66678525
63949092
63425577
60714357
67621164
67697815
66312402
66531335
64380062
61811867
69919652
61581031
67629695
67466575
63429992
67874028
68517447
66244574
64374849
62020536
64868865
67538745
64359889
66657919
66893153
65924562
68218792
60849478
63254143
67778884
62782417
62351108
68830610
68349952
63828360
66130691
68281598
63493981
69252140
60936253
63363172
65327480
62524423
61241274
63973410
63609325
63715987
64993992
71421423
68976318
62403292
66748189
67743706
64307954
66863888
59909180
63350508
65756498
63623765
60821442
67045781
64325938
67080463
66410237
66406968
64263399
63031040
65623717
64569591
65622274
63472969
64981679
64301113
58680996
66030495
66442066
64378291
71308810
56387734
64142658
59366060
64151675
61871430
64205154
64531859
63261702
61763629
62282239
55290741
61069362
64868583
65159427
61800907
63703796
60949302
59947109
63611986
64735271
68229440
65227391
67327312
64971677
67093924
65113171
66311402
63481899
62940970
64691928
63863189
60422496
65196214
64113156
63519790
61329880
64603194
60192662
66115990
68979958
61608804
66161269
63616331
61451073
66360180
64461772
61369142
60250489
61213024
61752338
64507000
65902505
60770360
63129309
61937951
65436914
68375126
62744195
65754617
63916251
64247739
70203567
60144900
62580691
62329135
65013102
65821314
59454535
58091744
64582215
63810287
66763465
64953302
63897960
63770684
62103777
66177373
62051026
67307306
64006926
66669277
63602944
64549139
63242855
71020308
62766922
62236341
57905600
66538528
65442358
61076947
63206375
64487649
64844595
64892084
62470643
69279698
63726394
63853197
63211390
67086312
68655568
65542075
64326358
62846302
62009065
62280349
59295939
66772777
66983718
63269282
62316623
63282809
59359064
60216170
63498472
61694663
65320452
57414964
68430688
62405270
59876986
69867749
65806955
66265821
64384246
62683764
62279383
66892562
63256873
63289187
68765035
65827709
66467976
59442457
60686864
61192384
63811074
62880755
61923316
60623089
63963535
66805995
69569038
63908201
64411107
59314709
64221872
62046205
63796479
62496888
63383210
68789993
65325840
61833938
65255096
62455992
64403737
62419599
63627809
63754579
64072760
60958841
64880624
62722891
63952567
62229364
60012251
65828993
56761001
65108458
62992839
60212493
61472450
61725984
65444150
59825066
60864528
66020297
61571822
60379777
57577493
66475205
63518017
66912962
64822102
63643084
60313001
67767493
57523159
65502175
65118111
59070273
65094670
65389793
66654052
56959407
62777660
64284518
64393463
66171340
64017356
65746148
63002003
68177625
61195801
63889120
62548673
57418250
63974294
65113415
65475317
61437430
61526501
65596096
61482103
65583753
62056053
61512184
64324862
65987735
59323358
62916915
62652739
65236259
66804220
70217100
66372595
61313647
66249750
66870558
65496069
65652639
62399757
63504990
63853510
63061637
61301768
68919180
63725047
68176664
67007811
64399104
65202531
63107553
63274622
64898939
63888896
65485852
66218610
62192344
62000517
64311942
65145003
65771246
66548024
58464166
62767228
58683558
62709936
62756855
63869961
65192285
64672982
63819371
63931885
60259657
64129789
62842673
66446966
62276545
62394303
63821765
59634726
62752624
64989073
67719727
64752651
68334179
66231445
67980508
66094818
67329070
60920344
65067386
65674332
63793168
62101040
65054276
67076611
64140197
63430761
65655453
59032323
65673702
68259601
61700408
67650688
62963443
61555338
67619299
65705092
61756099
61800826
64556375
62977248
64732119
63726700
62628073
61351666
65277228
68352037
69036314
67735894
65022777
64371108
66239115
70791407
59594194
62507968
62307448
65792463
63900364
63638708
59502661
64143609
65629987
68147013
61877597
63993017
65550012
61713045
68274548
63194691
65840657
63921560
64328078
64105549
62848128
63509875
66859473
59150782
64409269
60397266
68455430
67888674
62618260
63864199
65356630
60613039
66578256
58051954
70399093
65060183
63898406
63948794
64851637
69119278
65786929
66329867
64581743
62991658
63691709
63298907
68161658
66084567
65831328
62890476
64309386
59886766
59974270
63524515
64149245
64606618
57724640
70444990
64250058
58437092
67335384
67228362
67109258
64609732
64763870
66425520
63664144
63859471
64150149
69510348
69740992
66574194
60957180
64348591
65122875
64723932
63635051
65580186
61406951
63033151
64958436
70506435
63975622
69493534
64634590
67961460
63975117
68867065
66037997
66434616
66620772
66111958
66188268
62607834
58294765
65093085
65795182
64050513
69005530
64926429
59410394
67994940
64698341
63739900
63839986
57187584
61823724
60248382
65995966
66534905
58002521
62335441
63121100
63541067
61722334
60395137
64788426
61291549
63975146
59407251
67024836
66468082
66319885
66691243
63617380
62894910
67131036
59118292
64283588
66908620
61830689
66287117
67062918
67423179
59918121
61059829
63425287
64630395
64195579
65074485
65601957
62420751
67056528
60746182
62771855
62994413
62858172
64103892
65790541
66131549
62125464
64379092
65408110
62929177
66300987
60115296
65618084
65975948
64757238
59604637
63663094
64841252
66303392
64988921
68611772
68267325
60114797
67479743
65143729
67357301
65699492
62645026
61131220
68362317
64627902
63072194
66639901
65079404
67343048
67573156
65267652
65836547
65566948
66180176
63374391
67196280
65535381
66515450
61710824
61033696
66469298
65075459
62538833
70834653
55607920
61706257
60132489
67361196
61764291
64570486
66572696
64626047
65361356
65298846
60580811
63007784
64008168
67364041
63329978
64538869
65653218
61660203
62758584
67166868
70241220
69920104
69243316
67113300
69603220
65921653
69580795
64147601
64684377
66420789
63370374
59940069
67609093
68041026
66944855
61855541
64958144
61152632
66673527
69086735
62816189
64690720
63186558
60019749
67227991
66665078
61875578
58785537
63681207
63236730
66689430
65872978
61205226
63509186
63513411
68121639
67927182
68873391
68736422
67516926
67388870
69048701
60009310
66656803
63840712
66419610
65249723
63352364
59742430
69135634
64596891
69519607
64622811
66674807
67393569
62867703
68914362
62435284
65083810
67152340
66063449
64475633
63756045
63621287
67766362
61886352
65535535
59859628
65078925
65578487
62930603
67289560
64604658
64677457
67611293
60602421
70809915
65081035
66809465
63094667
65525069
70041270
68531836
64959771
64545545
65045840
63678454
64087231
65668104
64890790
68650406
64587540
66780847
60753563
58966599
63658582
62697468
65886552
60841460
67256377
67013165
63785233
69122650
66718226
68560389
66786358
65889846
66875700
65719074
65028091
61332890
72586976
69553025
68311597
59684708
63157802
63843091
64594044
66157346
64153745
61827437
62700976
66079873
69432493
65004271
67067226
61701615
67809520
66471451
69531523
66748657
65259904
68148868
66107511
63344532
64818109
62292816
65804661
65317971
66034490
69038904
65658232
60723208
66884876
66180996
64317014
65519284
58437038
65814640
59822357
66160689
67218429
61355837
64418261
63569635
64394654
60199553
61020140
66594013
62694913
65121490
59357656
67706788
66454565
68763505
64559038
65546993
60869101
70162688
58913803
64777719
66373218
63704024
68120332
66315299
65256078
63264215
62569965
63633967
64203392
65906010
66022749
66146410
65026110
69534245
63329661
65688215
65415217
59427168
65191815
67951082
66116570
61913417
64373694
65791276
63540550
68641875
61956633
64284890
65454200
65349198
60046146
64214987
60778084
64588912
66460720
69086973
67393916
63047637
65277815
63879366
64979604
65529468
61000500
63655295
65310233
63671185
61319369
66599497
65513350
67451190
67682514
61905617
64336908
64912552
66307371
62635139
63883955
65480529
67637755
61696662
60438639
66324149
64823656
64628625
69768294
59197935
63956230
60810105
65644346
61178635
66940455
65228610
65992833
64645514
66356844
59521794
58762198
62429771
64692293
62758183
65425604
61137099
61744794
63092613
64762371
65438516
66985271
68747459
66295611
67787687
65592810
68371101
61247841
65159934
65001190
62762860
59332795
68530464
67556486
65185766
60939455
63506979
60188514
65424639
67303125
62315582
64559768
63235454
61044923
63814423
66778852
62181422
61845344
63650299
62879895
67722581
63242037
61420340
61505041
65853216
64866862
66512304
68553693
64747517
65377372
69259225
69285625
59720406
64739956
63121481
65972790
65045487
60064411
59447375
67160631
63386515
68348991
62397520
65974916
65828353
61453629
67120944
63762200
66934286
62893207
63468191
64947190
64225212
61788708
67203791
61529005
63166227
59381895
66317501
64702354
61997290
64441296
64066517
65714947
67466022
59535481
68767446
66678836
64835912
65975943
66077988
68928302
66415512
66124704
64728670
63886981
64651533
63054373
67091916
66414354
66490711
64836350
64253622
60440207
60185374
62228059
63394556
64441168
59997455
69415520
64044401
61300630
68921566
66185215
65357290
64786983
63782007
66514205
64428317
65320196
63428144
69822348
67260133
66357332
58407137
63323357
61329150
64893689
65890035
62857374
62744273
65215931
65678811
71155939
64976829
65964200
60669456
67813812
64398211
68881367
64837160
65497495
67410614
67015716
65290800
66396039
60646794
65104341
65542646
64763556
63937783
66238948
62776295
65123658
65638096
63998575
63259041
60016314
63063867
60135624
66295576
63634225
60856344
65300160
62201367
63769502
60511657
61219039
66923375
61031990
64566287
59938767
67855728
65231487
66338543
65709940
65728364
60515610
69700743
58689933
65307747
63677370
62258609
67877682
68830159
66192584
63449923
61078254
63478139
64407587
65156412
67400285
64897877
65953503
66944471
63455239
62275768
66110558
61516969
63846696
66398353
67732074
62219785
63870941
68418259
61653457
67443407
64313093
63835021
63781349
66236057
61030466
59177616
59654198
61259804
62691426
66967193
66426777
59056274
62782538
64217248
63739086
63290725
58480336
59336944
62805106
61068386
60474734
63731922
61972626
63862402
63397083
60275260
62929011
61076845
61089626
60776166
60146438
63678053
59571750
57794273
58139224
59293918
61678573
63693842
65907165
53186379
60814254
57421934
59474867
58534147
61718908
63051809
60181589
60384956
57759157
54783509
60485245
59174635
59527660
59978080
60478720
55999687
57941125
58448603
60663301
63393093
61543839
62993625
62391112
61622060
62988542
65434716
57083469
58916086
62271999
60895321
54798598
60563180
62830790
59550525
60424470
62910035
54661096
60723639
63831598
56445857
61706717
60263442
56876582
59752352
59851102
55686219
55884651
58305957
59139779
60168745
63154776
57374467
59979366
60595722
61038793
63351734
61412558
62247084
59512238
65354313
64317458
57211745
62692579
57276201
63100743
61781512
58867222
57226755
63931830
59000484
63605433
59437038
60970988
58298526
58952534
63040607
61402956
63851153
60837619
62992013
59508867
61878267
60402507
65209267
56442983
61169552
55316045
62832530
64372453
58427142
60623400
61869000
60140141
61662652
57866462
64651681
62778584
63468469
60725596
62090401
64806970
62586828
62912206
60261630
54155460
60384637
56080493
63715738
63261030
63985476
59036363
60261901
57492439
55107715
59231106
58378027
61587267
57775128
65921534
58754037
59329171
62621383
60798125
63585303
59777442
61492843
61567435
62178201
60864752
59394750
65967964
67367360
62582235
57724404
59285145
61872307
63184529
62373186
59726918
60341547
60066360
66316987
65443912
61470513
63706493
59961037
62371163
62499156
63155983
56611514
61589138
62132009
63218015
59139927
59828360
56819940
59282151
58978745
61591561
62071148
58668573
57018751
59917954
62235961
60691948
60452048
57676025
60082554
56966781
60891094
61129357
55104340
60598650
56049127
59859961
57256213
58972338
62072757
55847100
59205571
55459493
63626274
61145038
62766876
63491029
62636032
55987732
63940883
57137600
61293850
60232678
56696212
62671725
64428675
63196026
59727722
61289323
60766778
59700426
62217503
59853082
58921942
61214314
62954946
57105336
60663425
61463578
58232729
60432594
61510725
60374837
55088326
57107812
62603852
58210061
64953163
61531558
59881845
60565998
58481259
57844357
65394944
65818134
66683823
66114185
74221352
68488143
64685546
67645937
66751474
68309072
66789968
63847256
66602244
66379095
62478134
61861068
69107409
67981458
69598231
66655893
66623239
66289045
64761005
69052600
64380397
67488614
66122331
70447795
64559365
61502228
65563267
66534024
65420544
68548214
57767598
63581321
62592424
65580429
64150513
66392106
65460613
64201151
64493686
63031706
59255849
66686175
65664213
70514227
62997834
63840470
64084725
61075736
65087762
65983803
68016853
69161253
69153637
68898704
66688323
65115124
69848320
63179753
62613227
67789734
65805012
60045337
69660685
67696224
63267167
64962989
66082640
61431830
67551574
68983311
63894025
66509002
64263530
63214254
67839149
67444449
65147702
61934618
59713714
61583886
66423284
67139140
62557427
65113984
62599319
68294852
69671631
69139118
66165154
67467222
67968305
71162227
58943936
66093295
64720672
67451131
70741168
64465966
61132695
67529096
64930237
70147929
63028603
64910595
65778323
63132396
66161523
63036398
67211479
63222020
66532499
64492544
67600985
66776392
67496344
64150566
63900609
62371246
67875223
69077342
62272311
66181013
63923898
64182828
67459559
60231178
69370290
68356069
66984391
62237419
70028791
68495991
68429814
69972289
64726167
62319061
64374358
61447263
68826616
69497031
65875489
64059338
66870819
60633496
61715345
64238234
64101888
68392535
62324387
70631053
65778814
61273560
68954630
63625539
66763127
63650238
64704239
66622830
66381390
65675994
62266767
70553954
69814459
66985266
62514215
65612102
65808285
64618128
66854854
64381621
61705728
63904604
68386025
72811111
65667896
67514700
63046835
67624696
62917808
68782408
65965215
64625876
69505996
68394878
63819577
68132244
61771290
67279121
68083810
64587546
68550276
62047613
64230234
65581874
66750198
64412987
66864524
59948338
67809766
59859196
67536140
66238663
62851988
65625318
60717702
66143850
62837063
63200374
68365179
67003671
64509256
59014755
66088857
65398216
70377579
63248013
66063052
61373435
70298974
59690932
65388556
65770628
64221652
70061955
67839678
66421773
60833626
62150389
65219850
65319725
66662231
66889078
69761263
65862004
67881071
62194136
61717676
66771279
62324927
63433759
68744885
67873862
62822735
64229107
68443514
63058400
69915317
61905508
65113497
65639994
65167867
60864820
64651148
61459436
62784471
64196253
68396273
61958664
60690544
61872551
63976047
62863428
61298931
61997696
61669366
62945962
63149383
59225430
63651618
64495945
62952602
63853559
62369753
63943867
60046744
65892690
60005564
64498749
60641025
62680134
62260024
58264144
62822339
62280066
62738514
64808814
53981086
62809909
58537499
60174727
60512130
64263060
63228159
60610425
61364576
62210393
56579980
64713917
62252912
64665017
60987866
62047822
63028096
61226437
60512306
58230225
63165524
62194520
67135549
65044011
63774010
62082912
63361161
60358380
59820670
62424455
61576427
54528563
66718820
63422931
62871146
60575536
61150586
56656817
61878308
64976122
57409826
64161459
61212882
60220755
63188216
62660989
59294222
58109568
58676197
58637093
61634242
61953715
60484803
57570024
62066228
61013752
65051573
63657906
62572855
63642494
63949741
68380525
59067627
61629155
60185249
66743027
62786657
59178577
57384528
62411767
63647705
63729222
58004891
60331841
62365863
58816810
63527370
60579128
65156593
59817986
66207896
63487879
63208173
61674798
63552880
57032379
62433014
56728370
63533965
64519925
58359698
58910983
64430069
61885258
61207425
57087296
64493515
66178767
62848843
62232134
62735091
68396925
64656977
66288874
62796409
57940657
61089330
58096695
64059756
64329091
63452007
61345596
64609836
59327781
56849882
61235189
63464599
64185173
58636317
67260433
64161297
59766349
65876077
63854679
66761529
61596938
60084340
64187242
63315377
61853365
60267390
66747535
67086141
63212751
59301082
59329943
62256589
61697496
66183977
65014313
58364440
59210717
63672568
70324534
62447868
63193943
61166900
64833536
60776445
64393007
61599782
60204493
64815260
62857847
61582276
62074946
59336028
59786803
63414135
60349798
61058920
61614753
61192707
63693607
62780361
59720185
60804965
55080647
63219171
54315385
62668417
60898985
60016954
61568677
58644170
61242090
58790668
58158443
63868461
58734409
58316577
56637728
65779598
62465217
64035341
62214303
64256003
60389610
64148040
55813182
65303973
60541789
55682422
68116457
62883850
62891648
57893924
59698442
63868150
64457931
60557179
62742886
63689032
64632412
65337517
59711143
60867291
60464568
62373461
61744734
61657686
60842683
58743732
60949761
60618530
58203645
65447049
59648813
60154941
61763823
60165760
57792137
64068214
61702739
61447080
64690381
71663984
64662744
60315977
64176231
63904868
65630573
66329806
62508507
62517440
66675238
63658989
60007846
66896493
64674361
68476734
67580434
64706306
67000908
62373910
64650714
63384605
69663980
65441797
65268287
61394174
58155596
64864839
66730863
63827934
70905186
56300959
63950521
58938455
61598475
60308406
66682893
65710303
64978288
62136783
66313789
59188555
63392131
61521359
63613658
63096035
62873858
63152482
59215413
63975791
64133026
65832804
65073992
68705559
64317664
65775046
68011865
68837461
60040571
63478800
67275190
64877755
59552692
66867840
66170298
62791899
60842326
64366778
59204603
64808630
69072242
60606446
65234849
61992710
63014531
64153139
65427215
63283919
61299514
62355273
62368868
61239071
64566167
63412271
62417663
68013591
63358676
66873207
65254947
64224469
63991767
68776956
68834702
58829962
66081759
62897687
64577123
66689527
59332358
59005593
65952914
64756675
68177756
63929074
65542409
64257172
61899642
68057049
64024873
66086827
61537180
64303354
66534936
63233663
63016635
67432361
63235333
62781048
59155037
64664734
64506978
62722853
64791114
66021646
63956815
68036948
61020526
66671545
65468290
66268513
63401535
66557081
68481128
63832179
65211239
64415361
59187851
62122424
60674747
70087265
67038434
66015944
63097036
62534883
59433108
60854593
65481459
63886492
63896871
59722124
67434541
63885739
60453284
65452040
64932042
68111258
62244745
63498879
63515670
63302786
62426105
61061030
70995156
66452133
65794822
58833622
62751208
63810776
61598028
64614982
62986730
62942302
61212122
67891415
73052681
65514079
68392674
61123001
65020951
61812984
65504036
63241074
65234365
68852695
66522504
62947794
64784048
60437416
63988690
63222646
63993893
64710576
64644075
61518965
62863706
64465356
64237214
60031316
59369789
65067447
58599357
64105452
64699029
58645338
63995636
61573912
65046414
57820022
62457797
66940233
62467220
61010255
60036662
67285257
62922917
66549587
65494942
64808212
62527980
69384381
58093788
67347303
63250144
59127600
67906526
65487192
67402329
59851476
62949825
66343486
62164941
65509401
62856898
65238230
65551946
66512910
61114018
60540876
62636179
62144578
63166052
65601249
65623448
60652584
64186842
66383513
61484893
68596321
61600029
63053412
62319664
62254431
59307150
64185627
65714252
67316564
67599185
72504165
67750868
63085746
70075796
70928518
70489874
69955341
64730276
67893516
64291464
69113551
63787050
72536347
67932976
71809570
70396964
67543284
71711934
65254974
65454940
65571922
68676678
68061759
68963508
65174635
63734392
69614469
67310345
67299589
72360595
57470001
66058105
63980597
68454857
61157436
68202093
67362074
64990156
66398676
65323150
60499331
67798673
67773406
67011308
65027625
65711719
65377488
62903636
64683562
69284042
70086806
69409033
70703468
71166751
70621918
67102957
71761514
62767440
63997742
66976396
66623918
65196474
70999984
69085437
66081169
62265754
67248628
63012943
71571784
69838268
65589957
70017702
67180576
63154900
67638620
67319758
67952918
63478893
65951503
66091673
66421992
68947773
66074280
63977347
66672733
69800177
69505144
69908199
68848423
66251201
69135123
70189515
61725320
67074474
65498018
68701426
70261105
64926150
60919133
69601458
67950630
69386011
65176081
68819262
67280484
64785908
69993485
67246008
69727422
66797380
69134482
66113510
69182920
64927721
69752666
63677053
66225884
62898329
68942219
66807742
63824567
68451479
68667908
64508136
70346226
62089865
73276422
67009290
68547764
61979564
68582455
72130394
70584796
69198734
66803882
64601718
62662474
60809270
70040754
69422733
68644511
67624293
65778916
61541926
60830678
66358178
67426660
65340842
63259823
70292406
66481637
63162064
71866312
68177434
67771722
69701532
68602548
67198745
67269219
66745714
65857933
72927440
72842697
68144773
63524191
67980286
67566424
68003136
68182676
66731882
63477219
66406167
72501355
71689249
69405515
68439313
64710588
68174705
66851791
69494863
64135808
66187083
69201939
67611542
67410063
68573629
64108619
66049989
67145609
67194886
71139677
68360486
63541530
68166019
65655319
69449815
66261108
62332509
65751639
60943435
67521890
66629662
61421209
65604069
63651040
64571275
61805807
63635156
68650203
64007104
66741570
60175798
70672367
65087650
68120566
68382330
67633290
63350148
72345954
60864720
67313404
67689736
66738939
66610865
67786201
70062859
62887227
63643517
66499645
66147790
71760507
67809929
67931845
66419117
68208941
62875903
67625664
65787131
64337062
66193766
68261123
70849290
61997654
65696688
69037073
63712655
70778080
63082421
65621669
68261845
67844591
62932232
63114442
62692190
65502459
67803746
73929301
68311556
64202377
69779355
69415616
65822142
67425802
63524982
64884864
63763940
64867978
60826589
66684681
66278105
67899836
67899846
65368501
66555762
65084019
62804758
66075642
67668139
68671442
66792700
64959423
58868566
65379401
63805850
63587685
71213229
57871751
65585723
62777512
64710316
59514093
64227661
66941316
65562860
62937651
64002992
59398859
62911709
66071426
68384213
65771097
64535615
64032437
59637698
64415052
66419015
68031126
68996181
69272370
67387178
68370686
66808941
68953169
62292771
66554754
67902150
66233912
59030116
67903297
66400737
64543064
62581682
65787584
61755891
67404884
71348924
61390555
65860909
65648436
63221595
69117593
64717856
64427087
64645376
63235981
61381902
67257757
67710730
62422053
62149803
65045384
67886170
71053393
66954810
67562910
64147963
67009644
72394526
60164276
67042097
61700327
64919076
66980132
61512070
60168246
65825442
67023153
68302420
61529177
66558721
66677199
60799857
66602003
67136041
67878829
63250748
66902762
65015298
65589394
64345875
70693576
65380243
68235762
59531667
65509542
66733987
62608223
62630653
65604711
65506959
67331572
63352483
68815172
66644804
66724204
64505351
68481870
70526177
69320520
67439251
63793122
63830257
63412973
60688446
68459783
68730872
67717825
64431850
64833037
59778537
59788367
64768895
66975891
63635748
59794318
67938862
64457903
65516197
69250066
68417320
69885037
65805485
64992310
64174985
65818398
66502993
63127389
71501071
70752165
66902483
60048444
65526571
64141084
65153140
67124951
66034890
63704173
66607677
68277608
71489076
65294087
67873075
63493826
68066882
62216083
70969548
65972532
65565867
69031135
65027900
65489491
64798527
62819241
67083567
65374950
65217312
67586623
68333495
59974035
65413319
66318952
66556295
64188170
62991989
66878991
59705810
67905529
67367389
60404586
64248786
63673732
67685069
61259012
61458558
65431963
61886430
64349753
60206429
70216086
65490322
68337828
67834211
67364334
64403065
69703825
57154416
64816843
66693132
61079432
65860598
69306719
67203947
61570233
63404511
68848474
65350640
64869287
69258224
67452718
63901965
69123380
61526897
62986097
66370327
62939966
63266601
66240384
65432526
63137021
65596948
68384740
62396709
66797006
65261507
64554308
64609463
63098280
60401015
62341141
61657889
61130646
64549710
68736505
65986043
59998930
64519775
60970717
59701394
61402950
59836217
61456489
60710571
61195120
57664281
64215579
65860181
66113415
63541484
62206576
63852339
61467152
63748703
62788266
64070800
60807952
62830646
60451902
56751999
62964253
64725373
61739948
66285977
53844588
63967956
57115953
59403333
60147746
60089601
62854400
59759772
59302869
60691039
55253763
63594157
60504617
64919269
58612829
63916914
60665341
58190534
60759362
58947642
64036905
61400852
65202601
62454120
64856003
62642396
65149121
60609929
61277120
65064676
61120879
57723492
63439881
62826370
62017208
59376612
62756196
57862750
62855723
67086350
57900169
64222578
61734552
60341500
62678370
63764714
59229315
57841200
58686712
60024823
59917995
62605610
60027335
59625894
61667365
63259665
66502960
61500715
62877073
63521889
65078593
66702847
60427310
63549713
60332932
62191187
61903214
59710196
55254128
65047902
62282477
65108503
59125118
62153473
63488065
61250810
65709092
59704822
62864937
57950694
63269603
62117555
61124449
60699472
63450907
63795530
63055278
57392920
63017683
63200353
60575974
62729374
64003359
62165907
63042979
60093734
66821165
64185142
63427440
60894774
63663663
64926211
66033978
64083762
61245768
59698702
58788163
58645188
62372413
63477170
62796169
60450600
63269039
57188636
56632583
58762897
59591292
62305332
56609828
61842256
58785661
58371753
63872207
61478743
63624898
62590793
61506646
61887130
61330205
62206390
62466917
66515245
63561105
61781878
55829718
63043473
60576235
61165967
62647344
60203350
59175622
59035769
65471312
67692737
64315136
63075113
60034219
64424086
61139352
63993270
61465043
62034617
62584448
62783848
59602675
63688358
59929029
63338074
62037561
62235324
61527961
61766887
59538361
62664260
61930884
61711733
59786536
59097772
60940742
58135978
62956776
62053564
58807878
62530462
58340343
62433569
58535200
59443869
63036519
62269921
60369539
59632346
63809550
61987509
63128934
63828992
62532481
59766680
65757082
58368759
62262145
63660933
56963846
65997882
64949137
62317843
62187579
61317165
62380656
60121812
62002512
61441413
63260234
62922279
64715664
57405836
60246220
62559317
59695692
60193519
63041289
64484785
59005882
59809029
62640988
61385631
66203086
59881506
60051548
61489042
59922684
58193259
61688918
60056047
62251816
62397291
67093091
62718870
59947741
65462796
60818543
61899088
64278451
58071789
59335844
62701461
59997110
58632760
64583355
64144569
63531676
62004272
60247428
60441993
60645932
63630315
60293509
65988282
59810875
63162772
57480965
56235269
62714195
62255648
60141569
65205022
54754620
58986182
57940877
59651945
58864803
60867018
61238534
58030896
60018139
60682695
55961354
63053748
59740649
62734401
60271582
62718898
60082891
57680440
59861327
61500629
63904831
64647523
65125547
63417867
62960361
61675597
63925291
59100058
59660093
64135744
62100927
56205888
63522730
63107603
62277663
58197272
60809652
57690075
62032564
63675884
57322745
63652074
60865297
58882516
62875922
64134749
60279283
59820904
58174639
61037941
63457879
59308531
60409028
58561043
63170714
62915520
62431905
61961772
64451767
62028995
64773052
66346074
58175817
59763511
56347813
63310299
64139203
57153588
54527890
64414424
60597334
63006059
61414966
61199804
62395487
57643807
62717205
61335537
63498262
61619905
63384183
61768713
60289562
62214212
62199752
57212313
61801343
56729105
65131587
64154634
59600996
60305274
60504407
60260229
63046773
56706245
67392154
61265032
60836812
59563666
62540726
64022252
63728782
62475737
59830897
61279161
60602277
59225443
65455566
62742223
61858520
59975973
62859845
57732309
55471637
58653824
61382571
60484136
54851126
64382545
60954550
58608274
66091485
63871408
63559362
62193981
63206372
62124233
61978881
61112413
61988120
66401874
65207302
62330396
56344583
59362369
61067124
62715515
62257668
60679839
57483208
61541137
64673535
65023639
61113754
63533313
56999320
63710632
60546837
62626210
61493624
59367075
61365221
64107671
59474572
60773208
58366605
60387329
61245412
61002911
61916044
61157879
58380784
60974669
61088970
62339465
60967234
56094879
61941918
56259286
64076136
62111776
54380598
60997767
59840766
61468217
59270890
56786129
63509290
58283130
60476676
58399919
61973183
62682793
63634602
62087961
60470165
57085115
65801771
53559657
60394599
62215140
58984244
64340570
62820855
64257811
57845865
59961097
61363594
62182161
61997249
59450632
62705045
60751451
62750603
56105917
59371010
61351366
56754355
58750275
60617842
63552714
58018826
60520378
61659166
59749297
65587757
59196008
60831106
60871144
61215435
57238791
61582942
59606273
64052455
62984336
69612924
64601689
59427270
62487052
62356730
61087042
63874444
59630179
62128095
62310344
61875204
58352323
62680815
60538323
64222303
64250426
61067336
64007581
60821653
63449008
60692030
65781648
61023944
59833131
60501809
58779772
62606433
63120279
64979004
65583817
54340539
63370487
58167929
60742191
58705336
59617923
63263320
59556776
59000511
61729033
54269846
61268849
57978485
61078261
61497411
61310232
60358423
57851093
62027173
60280787
62563702
60444671
63398445
62743597
63617885
62952418
63132524
56554971
60533671
62948291
63163456
57039233
62936217
66114709
61335253
59165157
62355113
55891729
64346795
63717184
58843502
63414001
61046642
58080770
61197342
60999135
62046594
58132392
59224152
62323146
59304369
60805658
62423733
58688706
62505570
59026500
65312622
64422393
62221962
60963253
62553333
65197347
58912031
62248984
58556883
65683792
62526987
55912013
56574449
60802333
61650874
65855984
60162002
63186711
60969788
61591431
63042631
60323438
62820910
59962934
62227054
63027725
64495619
59522017
64230299
59346830
60322242
56067487
65168013
61929518
59463530
59902539
62376452
62476260
63976616
57176148
66576906
63446003
62583872
59642417
62348709
63962128
64158415
64730191
61503745
59098223
58382766
56715411
65982843
63424406
63404939
59878038
61035544
56996204
59653501
61357720
59580656
61762865
55157586
66092453
59375171
60609203
65008801
67565323
63433516
62896020
62343762
62337796
61866601
61230519
59571557
69946379
65664925
62904431
56295584
57302294
62555700
61432613
60426366
62500174
60237919
60833874
63445074
67812123
61057077
64077727
60331211
62035484
60868173
62680922
60307175
60937052
63894467
63953311
63857826
61750910
60220454
59475064
62329231
60220772
66687382
63250094
59170881
62274972
62064849
62840310
60146353
57882663
60929981
55206512
61494382
62212883
57660574
61730107
60554151
63479460
59097525
58649147
64454392
60135211
61175039
59097606
64926060
62272303
63001260
63881978
60870787
62386678
66346935
58651708
63022128
62789623
59073228
65584646
64079915
65236602
58814392
60497621
62758106
63868036
62528924
61499466
62136302
61293525
63643934
59432285
59717521
62920176
61570366
61694648
60672864
63960275
58771498
59924827
63617544
59772491
64280660
63942475
60780500
61190671
59888697
57192806
63249816
62403893
64014117
66227830
69910249
68343625
60635654
65559369
64629547
65870496
63757543
62194266
62395521
66511218
63231869
60924250
65914146
64483098
68139468
65261743
63067109
63231059
61749404
65607471
63241044
68189553
63748559
64242899
60470816
58847773
65423670
61487783
63187358
71699213
56001531
63311767
60385057
60664219
60784962
63731320
62036344
61836266
65744485
64917608
58019209
62879379
66404864
64908787
60903443
63883038
64515479
61408328
60766406
63663922
65844740
67491534
67741327
67122706
66049919
64751418
67190863
59157025
63614252
66430771
66079100
59054902
65798903
68107265
64372838
60769218
66077506
56849870
65527857
68037611
62132209
64066499
64093068
60927368
68073375
64608960
61679371
59599506
62970106
60250756
66276158
64417084
62288481
61469021
65671508
61903606
67756067
67090384
65639086
64142603
67032799
70215302
60921745
62199654
60445299
65905529
64637022
61223670
60496368
65268250
64472851
66155741
62740638
65389325
64601532
62493937
65604980
63929295
64044025
63585350
65727040
65667622
63982580
62872604
66365040
61408166
63644488
58377693
66351242
66795190
62475338
63340232
63512289
62719119
66057890
59252456
66220389
66808158
63776743
63220567
67505332
67401774
64498750
67663389
63374221
62020752
64645252
59519740
65746259
66276503
66755618
62834204
64929890
58805569
59399758
61824185
63960284
63659287
60683463
68805130
65189897
58942265
66905840
66243601
66521540
63708473
65529708
64513626
63881624
63070758
62511168
69458129
66608760
65415270
58905243
63962066
65135684
63344795
64851213
64759067
61176163
63955494
68886353
71188889
64076268
67661074
61787770
65440660
63579407
65196238
62799659
64505943
66546144
65793749
63331088
66607800
60463751
61862411
63781775
63118565
65083872
64655125
61106734
65592440
63820460
63217518
60481774
58572868
63602898
58803488
64034253
65926884
60185982
60610433
62817377
65398002
59513283
64597559
65793744
61640733
61371239
59173149
67905216
62379478
66848365
63966973
61908939
60895001
68802656
61061887
63186661
63141675
60992344
69056405
66719381
63356148
60966932
61394466
63599200
63500168
63410727
63621660
64447372
65112462
66428738
59947133
61317751
63154545
62136988
63999571
64102109
66575689
62013452
62402980
64452003
62172582
68651851
61492317
62676758
66460212
60794671
58896281
65801880
66293774
66319532
69058973
73565890
69327402
66033465
68152171
67190965
67295890
68057055
62626645
68837168
67034458
66733172
64491384
70544812
66904732
69227381
67135577
68142071
65671172
65549712
68197475
66744707
70076033
65698125
67482406
65869921
61937516
66080738
69091862
66948256
73325942
62976569
67053843
62923930
65897679
62610294
69574396
68882766
64044230
66559245
65326757
62162922
63973489
65513238
68560056
64717779
66010373
67279199
63536863
66149874
65645328
67534190
66606881
68819601
70316186
68818921
67471835
73401534
61762429
66349799
66376764
64374589
62506509
69021016
71980684
67934274
62901240
67498248
62493809
68668457
67789425
61118137
67133097
66237934
63631200
68265390
67706962
63420358
64595303
66398531
63669930
62363836
68515130
65610291
63774474
65930990
67774995
69349616
67103497
71605410
65189419
67493137
70948581
62777367
65354817
63310572
70071443
66581070
62916760
62894832
68402752
67285272
70725180
67444697
67250491
67810389
62924050
67314672
66032947
67145436
62559358
67747759
66913525
69651634
67108029
69796987
65067865
66214324
61022197
68211125
65241398
64798711
64623773
69258292
65948875
67378641
63477406
72333843
68204014
66005024
66181688
65981035
70625609
70064095
67002184
66525111
64259076
64966281
59026029
69301926
66880327
67167723
67313220
69343168
63851980
62241177
66480074
65358416
66681776
62948115
68759996
64725016
65035693
70570510
71432508
71295028
68834706
67557381
68363236
67517099
66367115
65199473
73650546
71737681
66904846
64713998
66743352
65954841
69476155
64334645
64341801
66829059
66739768
69040499
71265101
68467710
66648013
64518704
70676133
63231002
68020650
66941130
64532055
69671680
66766231
65783116
66315747
63159085
64597742
65110252
67995420
68167438
67141067
64189871
66236821
67095574
64783172
64920845
62360160
65424333
61758215
67425190
69379686
63352229
65317733
62720914
67828524
60806660
64925705
67694633
63118698
67533177
60361844
68677030
67121543
69320891
66132680
65526944
65443611
70175721
61870085
68834514
67145752
62468300
67130577
70749115
69258731
66064009
63180772
66376330
68668320
70011957
68932216
66059682
67682994
68833230
65467420
66326146
67047234
63966050
66556327
65445830
69370328
63155752
62838089
68127113
63511089
71178641
65486857
66265986
64241111
65019656
63339343
62526339
62192931
63387981
62999747
68790524
65275779
60788722
64849549
64951167
66219365
65731821
63134423
63058881
64125287
64096299
59023755
65020450
63764393
65741496
67024518
63347295
64520767
61841403
62667582
62352187
64532470
61860806
64202960
60688751
58520594
66915496
63139338
65135463
68241340
54509151
61264418
60640394
60665347
60082594
64241260
63639523
62311475
61424147
64828327
58706524
63156854
62720144
66875790
60787640
64063540
62606407
61098337
63406840
62289491
63957398
66749829
67919665
65383501
66264295
63575838
66662243
62694541
62934829
63911184
64868213
58353082
64400821
65925759
62780667
58106276
63437389
58717099
66777761
69463773
60524296
63376959
64457029
59947421
63470909
61969409
61947503
59281194
63600022
61076233
64852361
64926694
63077606
62148577
64668536
63897473
64249510
67192684
66681525
64202065
66073506
70977866
60976897
65009021
64182988
61912560
64925249
60952811
57120041
66486180
64546782
65470639
63144932
65586607
64083457
61743573
64418106
62186393
64657750
59993054
62946937
63226866
63877719
64292737
68026321
59410728
63712336
58519704
64689253
63910432
63365773
62174261
65364944
64432956
65292841
57487885
66107896
66697755
65583839
63040046
66451289
69981694
65236998
66376830
61088127
61524638
62800087
57176017
67425697
65490012
65069714
63837964
63583557
60778426
58189058
61853893
62540444
64212536
58620887
66457310
63966203
61008657
67767565
64375815
67949235
64729511
63229443
62568471
65412975
62333688
58579522
66770334
67817051
66110713
61888391
62066157
65149040
62104992
64095699
60804150
62476982
61630129
69590330
69506721
66017708
67614386
61870437
63999149
62528070
67623177
64305302
62242955
68631329
66371414
60835696
61599177
62057660
62226681
62452636
61510706
63772085
65227532
60664722
63316072
62972365
61252844
59962642
60850729
64890030
55994575
65106265
63331747
60700672
62261295
60152459
64805384
59332742
62275192
65731543
61702996
60704583
58974596
65856136
62107875
66640297
66559571
64306224
60920223
68373681
57991994
65035312
62789327
57718056
66878427
64978847
63914237
61067362
62386719
64938783
62408453
64109893
64200639
63938053
65677700
66515012
60198892
63789202
62112587
61659272
62657688
66023497
66544667
60323434
62566923
63843558
60559270
65241129
61352890
62313834
61748800
61186114
58465958
68141980
67068729
66948971
68922419
73969472
70614320
65333805
70872241
68820331
67058972
68020172
64301461
67248050
67978355
64929281
62424884
71349884
67825420
70545107
68852000
68646965
67074555
67327885
66471397
67768732
69324201
68286643
68372151
67788186
63242695
67563847
69126327
64384178
70126032
60411861
66290304
63393490
67149145
63675781
64573718
67734480
63870227
64561431
66336362
60262928
66986873
67693625
68128427
63015700
65826672
67432045
61531892
63936228
68735696
71726123
71130722
71148692
69129586
70371590
69063603
72580990
68079643
65788382
67799186
65579364
62278013
69385831
68502238
69942150
63020318
66725936
63980716
70845008
74053664
64696310
69457955
64412288
61964432
69109292
67561765
65895508
62457019
64244432
62653749
68012406
70930433
62230755
65710999
66729710
67318116
72709945
68809281
69285259
68090354
69919700
72050375
63953482
67634377
68052666
71566578
69897946
64123357
61333074
68038599
66567712
70279185
66220790
66341330
67639432
64325273
72434785
65682570
67093690
64087757
68208457
68138561
66797994
67301162
71440317
66937810
69100696
62133826
70034349
67263020
64385680
67724082
69526708
67754108
69582011
66407952
70603059
69900036
67838626
64924031
66130845
73508983
72137972
70815920
67771928
67834539
66790614
61232936
69039315
68899013
68016406
68302363
68925664
64663611
63167109
65823485
67174565
67132232
62440772
72584954
65199318
64906061
71198277
70271476
71998372
68932108
71198365
68656826
67920777
67476754
66157905
73461910
70868556
68010944
61625876
67542139
64380479
66940789
66982393
65769364
64907398
66738820
71956632
72007051
67574881
68372154
65956948
70200604
67963960
69239006
66228661
64705159
68324099
67948547
68703083
68095218
64273530
67331556
66574573
68831331
67338235
65335996
64174563
71407393
67508920
65072557
64961092
64130280
67356478
61770497
67603969
69796222
62216095
65982132
62977819
66539073
63864456
62626262
70952334
68234131
67852192
60600065
71338658
66785059
68638500
68578807
67043344
65441246
70811908
62114546
67557879
68128389
62747121
68214045
67433037
70827118
63052883
66876981
66201340
65786305
68614432
69967469
71198600
64480242
71072807
64020749
65950690
65678378
66325663
65859192
66319379
69634879
64030588
66153980
68320739
63406943
72614163
64749231
67635698
63199300
65596639
62885162
66187262
63326473
66736918
68555494
70963310
69934244
60964640
66847433
67315270
68317859
65302013
61708930
68026530
65268496
64697874
63247559
68016321
68160281
65934145
66319059
65403723
66442927
63559943
65787563
65442221
66509897
64589159
64809410
66391489
59919943
67439008
64743980
65452064
66439885
55100364
62993243
62373417
66753855
62266453
65562008
64670996
65609147
62856113
65391583
60221479
64186177
64045291
67352360
64541013
67061780
65052612
63721285
64770143
63301505
67251876
68774282
68493109
68431947
68150178
67291388
71173566
60691549
64425461
67305543
62938743
60243145
68174249
66859431
64871963
62933546
64928444
59638355
69422584
70126125
61353740
68344986
63096620
60592321
65091597
67066499
63434936
59784252
61778623
61148660
65479887
65349540
61083562
63415416
64753251
67657201
69652900
67022613
66495137
64128913
68476206
71016740
59922406
67164283
64952742
65412941
65064215
61938833
61181470
68071513
64939727
69009658
62862392
63804945
65098224
63323860
67828189
66293149
65999671
64062018
66568537
67328811
65294972
64110205
66931881
63119143
63659624
59650267
66537629
63491823
61525128
65938177
63194150
65380296
64529519
62981550
68244842
69059506
67172705
64455373
63504522
71105408
66574680
66480193
64520210
62446193
62310654
59810887
69290654
67748516
67343412
62798858
68210887
59496933
59726749
62348079
63584351
66118602
61563984
68207842
66267016
61796823
68202292
68692037
67978395
64381576
63794787
68975173
66646318
64531993
62437624
71329272
71136582
67255650
60563823
64733797
68626112
66278456
67172165
64349958
61807216
65753470
68992335
72993057
66247628
67882582
63476623
67155525
63114882
68398260
64137656
62208012
67820266
65949517
63636003
62710322
62991755
64913154
64308375
64049953
65873373
65594028
64296205
66681176
66826107
64564333
62328079
60436462
64850696
59951219
65550393
67353591
60378983
66098178
60432354
66119155
59623653
64813264
67611603
64864534
63194193
58377449
67643567
64174064
69054501
65533059
67709956
63964324
69743575
58360737
66760700
66246959
61042935
68662044
66041754
65350154
61847340
65009038
66386130
66945028
63764369
66461962
67720822
67456644
67942375
62194981
63956316
64934311
61177912
63974322
64774643
65991567
63322832
61964662
64651802
60169736
68964471
61428985
64595764
63086258
61344495
61451960
63248492
60262130
64048451
61855717
67901462
62510340
56900326
62083855
62544447
62799569
61270834
60451717
60726381
64837488
59959525
59177453
63215620
60100479
63480063
63866256
62939036
63821247
60978282
61919257
62003389
65713718
61050333
61702099
60809800
58253732
61250023
63947334
60565874
66635816
56423027
58699437
55602950
62869701
56821908
60692193
60530333
61086368
63014335
61192824
55764151
60641475
61684416
64038651
59834493
60803940
58578039
57288639
58560105
64029445
64412190
62706615
67062260
61617757
64650846
65064597
63575689
59607004
59954852
64522586
62180885
58399177
65438233
63166425
61816786
59671777
63271286
57017014
63438642
62007545
58522087
63252223
60237684
58513463
62999424
60881226
57639860
56318879
59279421
59853039
59778281
63980550
58241348
58591063
61834397
63975146
65240332
64199840
62151755
62964349
62271393
64888813
56676336
59705574
59107740
63571850
62200238
56398598
55520247
62434195
61558765
65275328
59032209
61361972
63949225
59046605
64274789
59532402
62432385
60208715
63402663
60295870
62232512
59788076
63469758
58865083
61006992
57747114
63974740
65414660
60685631
61641332
62834049
60457704
65681094
59365394
65741336
63355978
63745545
60171641
62440720
66267114
64634694
65735118
61329225
60908086
58467072
57452429
65084434
63556264
65084431
62061075
61891547
58625091
58335557
61613272
60941501
61739070
56635693
64327913
60364920
56901222
65296949
63676779
64782487
60013458
61969446
62068117
62235676
63320399
58420515
68616079
65617415
63636240
55407335
60742685
60632305
58647698
62304787
61327989
57476996
58879091
63300246
66037499
61833484
64205673
60480327
65118882
61016208
62621208
63458574
62045032
64303437
62983785
61547253
62783282
58527783
62296566
61199449
60107029
65188645
60034143
59932998
62973145
63706761
59489232
59184927
56673024
60619090
56587714
63340103
63354764
56429487
60006194
58452900
61084972
59082930
57098815
62949213
61629860
59928330
56082195
62904192
59656836
62895603
63215957
64769662
61075462
64929116
58136804
60430968
62894110
58603135
67347746
65150426
64120513
58732368
57924930
60569110
61350638
61560644
62652326
62010562
62717739
63179401
59135008
58574520
59829092
58718019
61167108
61476237
63867480
58530216
61634934
61129456
57793775
67999583
58757191
62036828
60516861
63233676
54944366
61476283
61314237
61687669
62653700
67425683
65225449
60985538
62879310
61603766
60946733
62801054
60961137
61635538
62121145
61075982
56410853
62603738
63804326
64024020
67033170
63701352
65012981
60815918
63617750
60763897
65483024
63640173
61856035
60545504
56056429
62448114
64045876
65157445
68704146
56032375
62481357
54614196
61975038
57821923
63197670
63103348
59348645
60163147
62855692
57175781
61592242
59932552
63128681
62784432
63739036
61338452
60344831
58031507
61365057
63332084
62082224
66871100
64853726
64632011
62633763
65806498
60990368
59912718
63247875
63585280
58081063
65601640
64596333
61095121
60263137
60733555
59070790
62077939
66366573
59747553
63518283
60206999
59523705
60525763
64608051
60911894
57964469
57576510
59232479
62063635
64007989
61295197
60570190
61183560
61183493
62514697
60499904
61857473
62726315
66089131
64042299
59422572
64466297
61340214
65087750
64276594
57972363
56015607
64112842
59032669
64524984
64388688
64692970
63215974
59160335
66294984
60472126
63072450
60923969
63861551
63448898
65906634
61514499
64928342
61716370
59746828
57705574
66160752
63430522
59677055
61310064
64720124
63646129
63743892
60870643
66418828
65195345
65547780
62039051
61181675
63557226
63131664
65306736
62251153
61640621
62368046
58700565
67739179
63748918
62830469
60345897
62403161
57248852
60139947
62234142
63712294
62801302
57343805
67372815
61008747
58844218
64949517
65063355
66330533
63580220
62520993
63301533
63230138
66247279
59750308
66963538
64766982
62799079
56397569
60875687
59626291
64167347
63193629
62520292
61219230
60014399
65043296
68093343
63043899
64145223
59092946
64629851
63040560
63442473
61573643
61440373
65384260
63699975
64110045
63800710
59972606
62287160
62391536
62444147
62236672
62799617
60345833
62250329
62853210
60840974
60773840
58384237
63034598
57337737
66483191
63142138
61289802
61121702
60257929
63938394
57622203
57015527
66262428
60734553
59506442
59480455
63110290
61410102
64551616
61899864
61410653
59096584
67859643
56056982
65746279
60783410
58274951
67257741
65272523
65358044
59924068
60696363
61070589
64009075
64993680
61288984
62589791
62967679
64780613
59773995
60963347
62522562
58630424
62449526
63714188
62966307
60067298
61102962
63937464
58287349
66097067
62637519
62004178
59051038
63122103
57289478
63222264
63145134
65214029
66228821
71948553
68127559
62024315
65510837
65500258
66141933
65460772
63141444
62028746
67488943
61268362
61112174
64813757
66500052
65994071
66786185
65974684
65401638
63372404
66848429
62681003
67716643
63726214
65645079
61803928
60026188
64183690
66172108
63258955
71206337
56706172
64163714
61682588
63583650
60002291
64854743
67003635
62295172
64459509
64739668
59695816
65041671
63409651
69730950
64144848
63683209
63294654
61102841
63686359
63316420
67568671
68432231
67394441
66214022
68109387
66862899
68672880
61272106
64277789
66308171
63008631
58892136
66215811
66603834
64600072
62315739
64727770
61772532
66662172
67850453
64122419
64004848
63177427
61804511
64242635
64680855
63784227
60301729
62339068
62822545
64450926
65589573
61872649
63734418
64884051
65468149
66141904
66204220
64649397
66840042
66348814
67804231
59560751
65753924
62754973
64994821
67085611
60693935
60492786
67257917
62366851
67386089
65350018
64172785
64893672
64627842
68736759
64593131
66369004
61302411
65390502
67067816
64102327
62619127
65944038
63008929
64422121
59604824
65734556
67020765
64913299
65659238
66149602
65699666
64588967
62230326
68532434
64552096
65012975
63398793
65827297
67628760
68323310
65568204
64772512
62092798
60621014
60008179
67060157
65608085
66146492
64435781
68563756
56726337
62803117
63592044
64163053
63321835
60137807
69100835
63898009
62356486
68114722
67385258
67325445
63109819
64296884
64343244
65079255
65412009
62045001
70009754
69500842
65200719
59227156
63499177
63163181
62717306
65933113
64092280
64032496
63709758
64912065
69387855
65409172
66166050
62435164
67337003
64597093
65729569
64606811
64586766
65167489
64727222
62961045
65149021
60290790
64952147
65997917
65719931
66999688
64046703
60930718
62964956
65323494
63781771
63593792
61888895
65989925
58287157
64665315
66943163
60013162
65347581
61880853
65979639
60799994
60568912
66707792
64251741
64823516
58897347
67652924
62718751
68355976
64371635
66191999
60814759
69442265
61547331
63493854
64868180
62642351
66033503
64576675
66743527
59991631
60840799
65580919
66723804
67007433
66497115
64887811
63216631
63529201
60776770
58040341
67088810
61053541
62974555
66150851
64220427
58299057
64859293
66106935
62427182
71258847
61943419
64677028
61898249
62835039
61390574
66275174
64246625
67562451
66266964
72038422
67304614
64033308
67891191
66153503
66560514
65975580
64762246
66063129
67946480
66192359
63721252
67819031
65885966
67469142
69156807
65988655
67108387
67023011
66488680
64158444
68954609
66380121
68163684
63800314
61181983
66169733
65287595
66341456
72102841
58429316
65443039
61684121
64602051
61956407
69040843
66812753
65457262
65492385
67697314
61224068
67625327
67335635
70411196
67306652
67389256
64990644
61990876
63632094
65883914
68100709
68002769
70724011
69781561
72061238
67893620
71472317
63226399
65512151
69190429
64913442
61376989
69603486
70001050
65713389
62209446
66256123
61988540
69209902
68842751
63637868
67451783
66289840
63320393
65874574
68220683
65787234
60551940
65527740
63715599
66693480
67410001
64986240
63098811
65032816
67557912
68995374
70819648
68255088
68049832
70118026
70257423
62985212
65688770
65203181
66527798
66662305
61655038
59611661
70792076
67503238
67781192
64435388
66954781
69277755
63624027
68448260
65508625
68311634
65783920
66906446
67957921
65718815
66628594
66297745
64625811
67982515
61986229
69471492
66423596
66133680
64636758
67438126
65699045
69300071
60900141
72090827
68504967
65518339
64440161
69106189
70576753
70176349
71315004
66811266
67229180
65143409
62175055
66057238
68453725
69325114
64745446
68790063
59868423
63052403
64398450
61564457
67933740
60818600
71777485
65904251
63275699
70017914
69655640
71858857
66602833
67999155
67677732
65561085
67181211
65508300
72409426
69283379
68202685
61057259
65386218
64102235
64314000
66929345
68047301
63450787
66174384
69548096
71965636
65462521
69978643
61911088
70336522
65621192
69878373
67743704
66217104
68397677
67797257
69130124
67196784
63871538
64204501
67493113
67216446
68200363
67440120
60629467
71839328
66835149
65642827
64150378
59866488
67269235
59872555
68469700
67479250
62339079
66208134
64676788
66977942
60687677
64412904
67934428
64968470
64334125
62455260
67764518
67273392
67843986
66415471
66633500
62706894
71488054
62906759
69281411
67371188
66481979
71341462
68317908
69967824
64148918
64844988
65786322
66951993
66758525
64739114
69513230
67003563
69651966
65118411
67272310
66558317
66000352
64710194
68140674
69251544
63357951
66824715
68691360
65871931
69872703
65084274
64674261
64953821
64293182
61338353
60071999
60563996
62804876
62379766
68464425
63173373
56657864
62473154
64375806
63608227
64260489
59716015
61417244
63141012
61304330
58223019
64347191
62486621
64795208
63534701
60656018
64874642
59678738
62330694
62391149
63261050
62178456
64893022
59850636
57735119
61628694
64580829
60813809
65507771
54843908
60911040
57097943
61956299
60707450
61778050
64770691
58728668
60961559
63838778
57435650
60414072
60772612
64251943
61227799
63937676
61239744
56757082
58969210
61275616
63365637
63918979
65403528
65074023
66390853
62627860
64530121
60321969
58508784
66408600
63581384
60193781
62534919
64414876
62394710
61046843
59569595
56256392
63470520
66510748
59706741
64778661
59072375
59233114
61400100
62356865
61697472
58695125
59295257
59051402
64692111
64226258
61289806
59116552
61639660
62153503
65211153
63155653
64185449
62443622
63444843
63932870
59497408
63850348
62456616
62734862
62318601
59907827
55531273
64495854
65279547
65583465
59399908
62187862
60960988
60529183
65459160
59707025
65085037
61425638
63589049
62069048
60684285
58981725
62817944
58717747
61686320
58846617
66592138
62714512
62954455
61244128
63218292
61242027
64472285
58516900
62836603
62154322
65262555
60164548
62557448
65269246
65121661
65466561
62486511
60218064
61382762
58298408
64319695
64743726
63011266
60113423
61406271
58455050
59589446
62668461
61733587
63241336
56551993
65675891
60693546
58043576
64860146
64613190
65131300
63415637
63621323
63508435
60829233
63462788
60747486
67510676
66018766
63437752
57531433
61172093
62650962
61653078
61679734
62432968
59760792
60716996
66598455
66268643
63605073
65052770
58716589
66232303
62470600
62298805
61385255
63415014
65237298
63534176
59816223
59518764
57324145
64251335
59938707
59729393
64193327
63176373
59960090
60686722
60231942
61956533
60323614
57134962
61993961
57580860
62557149
62158201
57330001
61459156
58024554
63399991
57060616
58994608
64313050
60747393
61366764
57582723
64065651
58460452
64391593
60792345
61365453
58517328
67797333
58250166
61803553
64267359
59449415
65617290
63099153
62090695
57896029
61191963
60875680
61636000
63690837
61090034
66130150
60999436
62743653
58425885
62336667
64548231
61162567
61068973
63033214
62554337
60376309
59391822
66650363
57983712
66079780
59882531
63051909
61016465
62085644
58393880
66957529
65056575
68041976
68335415
72947229
71115921
63554602
68390248
66919828
69142530
66494471
64849196
65490995
67793748
64826877
64875343
70332903
70219522
71013597
67607826
67065543
66114212
65377066
68825040
65854553
71267662
65663090
67113564
65225152
61271128
67032324
68517592
68975209
72463243
58817539
66066761
62322043
64798750
65192969
66256916
70216668
66249028
64481294
66370590
62379536
65911105
64148008
68410180
64214681
65286067
63417777
62659160
64132442
65448109
69180895
67565102
71630207
68332360
68298495
67446319
67673803
66320177
64219172
66586673
66902115
62578563
69057697
69595977
68099719
62013844
66436374
63881937
67927042
72142824
62386595
66090029
65009697
63932013
66561773
66509847
63799104
61942994
63386347
61993568
66814790
67219518
66146158
64389384
66831139
66277008
71961386
68698223
67672965
69872932
71414602
72716608
62360404
68643127
63358773
68477259
67648771
63453813
60484751
68834624
67592207
68461696
62790249
66938585
65136809
62425417
68772726
66464004
69298189
64641825
70402505
67670244
63734799
62800988
66260275
64223435
66844335
62338290
69015040
69186817
65738403
66683400
68692544
64463584
68614069
59726287
68760688
67004221
68807642
63936787
69739077
70070496
68975128
68808426
67993019
63270507
64313736
62515914
66471357
69111990
68612054
65986709
68251293
62706722
60414695
66746850
65979185
64770405
60553472
72444482
65885418
60820470
70372238
69648333
70174181
67197573
65386539
66841428
64171798
66682630
64169856
70119530
71885970
65757987
61339042
65255542
66387245
64443561
67949861
67237278
61986377
63586851
70434980
71577854
69047529
67983878
64380278
69514806
67478363
71822674
65464095
65716486
68146247
66304928
66494565
67169026
62966694
64310627
68529845
64465694
70393946
63717628
66232364
67861579
65135454
65502604
66028855
59802142
67693793
59217878
66987107
68528576
63891123
66328199
62181096
67579355
61705191
64526543
67370322
64085870
64754002
62887600
69537888
64945957
69701544
65090971
66518278
64170292
70453202
60549084
65762221
67357534
61866074
70381581
69904812
65854453
62502825
64944015
67134618
67675741
66147367
66447251
69564178
66532126
68655315
62107932
65235176
67570791
65522412
66004791
67566028
67081899
61565441
66836240
67326753
65728859
69940448
63256947
66870805
66310398
66000538
63704135
58979805
58529747
57876654
58299259
66245810
60413980
58849219
62352875
59279450
61308395
60765086
59867412
56227982
61347789
59681282
54990328
60520605
60027805
58218252
60666836
61858274
56648049
59914570
58918454
59426471
59368002
60032327
61802274
56942378
56407875
61526255
60254036
59315909
65070786
51173465
59466075
55948661
59061966
59435560
56854008
61130743
57069896
58267192
61012275
53132037
56609759
58032108
60130433
56323295
58299520
59237046
53429347
57024835
59916774
62865808
60114616
65070762
60010911
65919090
62171570
63550739
56580247
55855272
58796133
58389518
55352439
62155570
59402541
60138355
57095302
59472206
55151127
60533983
63023446
55975615
60804850
59978359
55600915
59240092
59716930
57081740
54661296
57421274
57351025
60164326
59844181
56004604
57003964
59762134
59068224
61251235
61667964
60445264
59766594
62589706
60623089
56223848
57833761
59226862
61532808
59414810
55503571
54542720
60238962
63387789
58602981
55662799
58289994
58342991
54823374
60239219
59306938
61379021
57567859
58852357
59450368
58549084
58017446
62740619
56616510
60476264
54321310
59474165
60310051
56473237
59672656
61093949
58541925
61056284
57235056
59215675
59412505
60609502
59533960
58795204
64815261
59309481
61026339
60261124
58630753
55120850
56404685
60836516
59956426
60044943
58441959
59618847
57282543
54925195
61080585
58037805
61744768
53034781
64145374
58526323
56454553
62908630
61508158
61079008
60355577
58909521
60902781
59999418
60121738
56716270
62532685
62323956
58305455
55818396
57298030
55744480
57604531
59652584
59037346
56150527
58245943
62037170
64273722
60042589
62259061
59050972
60010184
57673431
64482762
60794906
61849807
63183033
62758456
61244357
60459350
57372705
61389775
60110548
58453602
60322105
57287038
59126428
59800320
59292504
58338838
57758137
54452185
62717290
53269081
60233433
60281471
54611054
57481264
57702996
61545601
54943226
56120201
60800523
58380365
56685697
55418370
64653651
60888371
62242893
60890684
60338770
58255668
63032186
53973233
60165544
59114290
53892911
60947204
61866796
61510866
55230347
58241671
56942676
59153914
61940410
59378534
62605966
58838953
61642322
56758452
58319492
57937398
55658687
60004002
58709684
59589222
59363383
57069868
59576053
58421941
61170865
55240719
57810964
58049002
59555191
54680625
64230126
64930623
65646774
63583642
71504997
67197798
64908154
67157738
66465332
66280233
63760988
64461400
65586456
67113794
64546999
60749568
69722612
64817712
68289510
69201766
67060183
64182602
65345805
65340384
62552300
65251904
66164331
66183266
63724860
62426611
66264704
65411615
64803603
69697166
57457462
64729365
59941318
65759074
61399287
65774290
64666949
61246320
64406191
64361418
59284094
64192618
65181429
67849097
61237636
64670062
62426010
61086568
61323689
66047955
67638157
66970273
69460133
62694891
67682225
65811224
66156064
62008152
63814455
65744002
64848010
62668181
67534559
67270609
63273977
61624568
66477563
58085204
66604455
68389431
58912523
64662697
62253347
61501148
65611534
65177229
61190567
58901097
64356768
63902148
63652483
65987645
61031326
63420661
63840555
66097137
67836556
64948379
66447915
65454651
64944718
69893816
60934723
65439315
62229360
67045041
65570735
63534773
58208102
66536101
64019508
67569139
63423232
66600501
66350410
61972456
68115855
63130211
63623100
62514416
66667749
65382231
64571670
64380235
65889411
64148064
65080208
60610035
67221466
67303204
61803952
62548285
66020101
63409612
68327246
61652774
67194424
66506183
65263308
62307855
68399959
69294575
65847006
66620222
63851291
60770281
66773583
61487690
67724106
67857473
66617431
65522971
66355130
63023843
59301823
63092323
63301079
64996766
58636232
68320155
63411718
58764377
69341673
64964056
67572489
65336317
65102395
63516037
66141536
67189326
61217380
69906873
66747125
66208276
59432047
67563704
65414908
64973408
64656280
62896136
62742364
64970808
66808156
72930121
67887813
64664327
62943627
66333710
62588672
65059316
65659807
67783595
67221483
65549565
64761708
64865966
59528134
63192320
64475050
63598864
66038906
63729084
58709294
65934706
65156771
61963989
64572222
61032058
64395521
58955360
65106227
64992605
61247473
61251020
61548023
64024388
61755322
61002880
65929991
61788892
64575625
57584999
67289468
65755125
66907038
64628108
66433694
62353705
68124284
60026620
66266505
64591388
61140907
68101302
64686302
66428492
65534975
63518351
66096588
64932518
64031536
66551242
64417201
63589541
68622190
59598586
64088441
62762519
62639644
62511362
65110835
66073271
61799143
61409346
66736197
63485256
71309765
62785687
63568553
64907930
62478705
59613931
63238957
67065884
65747758
66019366
71543577
68177966
63163383
69763068
68184635
69575468
68404087
64656031
65742159
66466894
65612693
63361099
69148817
67919708
70872204
66674781
67122224
67497395
66716850
67543682
65568823
68565519
66918725
67735080
65577707
61641194
66060018
65521813
68395646
72788723
62321161
65010373
62337923
67473535
62116697
65892343
68524514
64764805
65437874
66593463
58518897
65045850
64355613
67189738
64877988
67200926
67947752
61886228
63409477
66495780
67915098
70011629
68643220
70985133
70720391
68277289
70043545
63332798
65126790
66675201
68165071
61359252
68640551
70930840
66491641
65274044
67696819
61232462
67964713
71089161
65105767
65936197
67240898
61715239
68195930
68112207
65422495
63622285
63485659
64930438
67333368
70813904
66768465
63769818
66840662
66563153
70159797
68239308
68743947
66727133
69968274
69609428
62834898
66126324
66763559
67014537
69036274
61195660
62803534
70196404
67996837
70191742
65824060
68098419
67567654
61927728
68774298
67784683
66936899
64969388
67452402
66168898
66788357
66122854
70174050
64933962
65868521
60361772
69575580
66121177
63036572
67372430
66264748
67269807
70141074
61580546
71533541
68381384
68453767
64641068
69863443
72558346
69477693
68437627
64498374
64259794
64403783
62627215
70174910
67442967
69408126
65353450
65944358
62591169
61882594
67286093
64973137
66221619
62207572
72601390
65047155
64025125
68192338
67694013
68313208
68740316
66677524
67955495
67829284
67007187
63392223
74230295
73678197
63767032
62185469
65568472
66314126
66420604
68503268
63734343
65923482
65751409
73682964
72754008
71317534
68585853
64138184
69848858
64233720
69255937
66946999
64005811
69367928
67985548
66359870
68140168
64102603
67066692
68221054
68373401
68262265
65594314
64839405
65755090
66484431
68381028
65542519
64076748
67194580
60468815
67509397
67530449
61679129
67007141
62292039
66055730
62059389
62860893
66851076
65256349
65497563
60197577
68610465
66140009
72181466
68235929
67660796
62006624
72308605
59153534
66591987
67454665
64904758
68472525
69432937
69176302
62756999
64666543
65145673
67293497
69125353
68180520
69333470
66060591
68867428
66606716
67408394
66755710
63971868
63517152
66385000
69561805
64741135
65637592
69434948
65218913
67981733
64245727
64871450
68959185
65100100
63227720
66322913
66722400
67285632
67193939
71893741
69916615
65164776
68023072
65254225
67197486
65955770
65791016
64006035
69949666
67384746
62056239
69349252
66273728
67554682
68989590
65245390
69345716
63134346
66096470
65344576
69894504
67328195
69033859
64777777
62225874
68945355
67759928
67047286
71065914
58897863
64360687
61519922
65291503
63828932
68446369
68038630
63222446
68232043
68573968
62596046
65422964
68279835
70035186
65703885
65388147
64185117
63413334
64111504
65999614
70038796
70453027
70279112
72281238
69868239
67588663
72434800
65768900
63244401
67634921
67985812
62861440
70866803
68156159
66323488
61826784
67783341
63286853
69222116
69225986
66078018
69599405
65341036
64693513
67383076
66977155
66493462
64616770
65323442
63937358
67742753
67080214
65362179
60949411
67618195
68948459
65561781
69228075
70410304
67602841
70680832
72430170
63545648
69398200
68363499
67157647
66625132
65547047
62860412
69921798
67397506
69286498
65170414
65761896
66679144
64571049
68029316
64541817
69382864
67139073
68444584
69036136
67050448
66858880
68634762
64510700
67287065
61377041
68604352
66527230
66112762
67113802
66129675
67255569
68531298
63910373
70460311
68147027
67654461
67017100
67648604
68828879
69917141
69229461
68860267
63664136
64057737
61141838
69319388
68940082
67916489
66909685
66984755
62938843
60877606
69151791
64992164
68024541
60074041
70009119
67145155
64020744
70697677
68924542
69865228
68701293
68388749
65542648
66292620
68473147
64657820
72767603
71271381
65885556
58422318
64991505
64647454
65939958
68311193
67203681
62650919
66302192
68497236
75198981
65160554
69436082
63456647
68585294
65848554
68975483
66674613
67015598
68701917
69773879
66180114
70281121
64055878
66656929
66017587
63670010
66789341
67981150
63621268
66801397
65009183
63754925
63236185
61002414
67840939
62980110
68055828
68664723
61634855
64920040
62853227
67850883
63817800
65019318
66180196
63408658
65070723
63279033
71357753
65404032
68599062
65014850
66123596
65203336
71119655
63009130
67681800
65687674
63045031
69529695
67285512
66283693
63633386
63750407
67743779
65883277
73606641
66351225
67934366
67763854
68166260
65010416
67446390
66915150
64791006
66209258
66055731
67254422
62392835
65292313
68300454
63933213
65870593
63840757
67301430
64238685
67680744
62271364
63947952
61140596
63916494
65166604
68666476
66526652
60678670
67048409
64305532
66795724
63717321
62461477
62025109
67839723
63048111
62326861
65388631
62316570
66208844
64822021
62588684
64297031
60907106
63615579
62624113
66876181
61602591
63231208
60495064
58592258
64400165
65443958
60380727
69714808
54061017
62827826
61270718
64648821
61838620
65597961
64747429
61096350
63113227
63499532
56489052
62736306
59326162
62881815
61740014
64100534
62543004
58491400
64562835
61947235
68656420
63994702
66179945
66240159
65590796
65229627
65698042
61518922
60628750
63177330
60524426
58319502
66384251
65233098
63911228
59964043
63297652
57164424
66668673
65869659
60755880
59940452
62104762
60152564
63370226
61376348
62880863
57824417
62804931
60508853
60807328
65555629
62787402
60899756
61309048
66922642
66297883
66290310
63314488
64487761
62272335
65725308
59903401
62007389
63430511
66676536
62183170
61427461
59078534
66886561
64156926
66367955
61639620
66176010
64678921
61849907
64187623
61911922
65960794
61856443
65424037
66066044
61844203
62871075
66599456
60064759
62539555
57353688
67034877
64625007
61642393
62124316
65878874
62534624
64706833
60077308
69537940
64100854
63388911
62945210
65504381
66661828
66358323
62862362
62611797
61387686
59019564
58187113
63806579
65576914
64670777
65968948
64321952
58809393
58973751
62044847
63609174
63261196
57055883
66558859
62810343
61468582
68061576
63679307
68591017
62137313
66512890
66792416
62419783
62257573
61715718
72990718
66740914
63465320
60067713
61519812
64080453
60192627
62574483
61406719
59836424
60944054
65314168
67486801
63192483
65859764
62613662
65254686
62893266
66129323
65063937
62043085
65150626
63497750
59857726
62726606
61024912
61555124
62936647
64486847
69912927
62153999
59826378
62228573
62329619
64172780
60964363
55670708
61924376
57508540
63236805
63478527
60164051
63980527
60626371
63762166
59442482
59703869
64877326
63369080
57925109
59207382
65915203
64926712
66079523
64356603
65280617
59601334
67111119
57677893
62158944
66470700
61985615
65755884
65510438
65552334
59802741
61112883
61512993
62501334
64649875
63370875
64913410
65817507
63741870
59432276
60557267
61112375
61244743
63016590
66165819
64773655
60411403
63362458
62421034
63924442
67964944
63152814
64806597
58731675
60902904
59289993
62606748
61665154
64250300
64606680
68487447
64501854
58085866
63835422
64395303
62298040
67409661
60237739
63348472
62874007
63040021
61930079
66552368
63601228
66115069
65646971
63209704
63504418
62663198
63346455
64043292
69666343
64044014
65635664
61261930
59486493
64075315
64612445
62047780
65507098
54988139
63144492
63023682
63837018
62499709
63887550
63788758
61603177
59672904
61890869
57309856
60978219
59623203
65223376
62007223
64277836
59297235
59891360
61433105
60241039
66957239
64518535
67329472
67338523
64646844
63103070
64294005
61400029
61907916
65736853
62516764
59024157
63304088
65871099
62185327
59969324
61761036
58803084
64252433
65108714
60003875
66606565
61610919
60290268
63361792
64698616
62343337
58935796
61688388
61704774
63124928
64283751
63117836
58168157
64219225
62300682
65397887
64836025
63786663
63059206
67640430
67431414
57311322
63049251
61153009
63249751
63152283
60070868
58358054
62301288
64475111
67189302
60288425
61894892
63833985
59677984
62792316
64161188
67562550
62982281
65087355
63718129
62976971
62922792
63449647
59816058
64153099
58464720
65265166
64057871
60830625
62591424
61650913
60951557
65678208
59557678
65568973
65432621
65178586
61863357
67424961
69779116
68556981
65502928
63103771
62331833
60392438
59052379
64754755
64625988
64622565
63978359
64117440
59524036
59253955
62780871
60057690
63135688
55237126
69764318
60671834
59105296
65528711
67152075
65878260
61933301
63866836
64896115
65300733
66920250
62418166
69904981
66391063
64993150
60202589
60145882
64630055
64291993
64912836
62043204
62203074
62361947
67441648
69693713
66673560
64599592
59206989
62683092
62788377
66219414
61959768
64608255
65174383
65115611
61587765
65228110
62382672
60616421
61885407
62278623
66716929
61804317
58018032
61065236
61286621
64364366
61738510
58305392
61212776
59594452
66797225
64130177
57609609
64269994
62504359
65184478
59373636
61041781
67178688
60445414
62202594
60789110
64520444
62521125
65774967
65318992
64386051
60988328
69011691
56243786
63567601
62964622
63046558
64413372
66532691
61576133
57257088
62537600
63533753
63990150
63483244
63487328
65445197
64643019
62826454
58496818
59455491
63229544
61663109
60330534
62279080
63576425
59787441
61392390
66131262
64231316
66825027
62371953
62780109
62170950
61551133
58072931
64496427
65053058
66918236
67954108
72375550
69499867
63716141
68159558
65490333
66641166
65195788
63683078
65002571
65655372
65603712
63622121
66888407
67339693
67577418
70065597
67002331
68334319
64131235
68376768
66320586
67982166
66936433
67132807
65695322
58531736
66387567
67595150
66763135
73079886
60563116
64332084
60608754
64173501
61953965
67123345
67405621
64964261
64774486
67277703
60755352
66318795
65063225
67918280
66450066
64966045
64595099
63004297
64685082
68189845
67294027
66004868
68379599
68561050
67451840
65840373
69109379
60877951
65040428
67252186
66552086
61486413
69403833
68362511
66438388
66430895
66354728
63243851
67762531
70905155
61002897
67481526
64346591
62582882
67868863
66344079
63123383
62318076
62294503
63857810
65960548
67258676
62749893
64448045
68302942
67702178
69177915
67800842
67972557
66306545
65867800
70604151
61848697
66949244
63063109
66645223
68310807
60762400
61588957
69253082
65896837
69134822
63995074
67444073
67979639
65467808
68262197
66260388
66667226
65792419
69099339
64037822
68403767
66738143
67976977
63836794
63885263
59973532
69780358
64488397
62129710
66480155
65904168
65262341
69072097
62001099
71896455
65633528
69099336
64163228
66383869
70091940
67552879
67181886
65785251
64813611
62598375
61784314
70554304
68595452
67815996
66025185
65319586
62373466
59517883
67648493
64392652
65900274
63017319
72365774
65438295
63156410
68555274
68601361
70224751
66443970
65874718
64392245
64882394
64889426
62487558
69758632
68739297
67028221
59601685
66322213
66823475
65585399
66956627
66961549
64303081
66159229
69911804
72652068
67271508
68809662
62608111
68185370
65197370
69659352
67692847
64782806
68925205
65128698
64285717
66862457
64362131
64290341
66595988
67985540
68386205
64137631
62904697
67681229
64780735
65747044
65033092
60468235
67741161
60464141
66414178
65060009
62223056
64293668
63427305
65377468
62675018
63143038
67285632
62737715
63626780
59650847
67852372
66309189
69488692
65941802
70493500
63410577
70693799
62644049
66241026
67387231
63007601
69383460
68601668
66367111
61836397
63943748
67090368
66628339
67226373
66734224
66240993
67180929
69254894
62848363
65619203
65720201
62393640
66378896
65187363
67952439
63994765
65726059
67188946
64181093
68452758
64849261
66379257
63534506
66631690
62851876
65534567
65886334
66336225
68151922
72360827
69448814
62995503
69234644
67025685
67562005
65645578
62061901
65473178
65580385
64195434
60713438
65288476
67032079
70325062
66719734
64046115
66959954
65936419
65495288
66263558
68946603
66081577
65036393
63681627
61307293
66101372
66622192
66083512
68421826
56165044
66035080
60782000
67344928
60084357
67041861
67784799
64027189
65357733
63550324
59326787
65253694
65917627
68088246
61589385
63973877
64659182
60702154
64122884
67157087
68608561
68634556
69363494
67799773
67947511
66748120
69911163
65600678
62441135
68248363
66575290
58267928
67826209
68009530
64829916
63290679
66442523
62578738
69680638
68712463
65853814
67571012
65925486
63062553
68562316
67357340
62425177
61396569
62428812
62562473
65428061
66208074
66356767
63526864
64189532
66392450
68423580
66632250
66777051
65710857
68255343
71568709
61491533
65622651
64717327
65709305
66983689
61587354
61120888
67570531
66537907
69225524
63599768
65207219
68030169
62064857
66543922
64595776
66645640
61518157
66592822
66187954
67037340
64586809
69199602
62607093
64334847
60160123
65870896
62363041
62325211
65423851
65939321
68298555
68836925
62325071
69051738
66910069
65994815
64929529
66944782
71377758
66969855
67374300
66388723
64439071
61174855
60829617
67256706
66774153
68428433
66880950
66564248
64217106
62362577
65985363
64472123
65177628
60772181
68606217
64242109
63066184
69199273
65991426
68603556
66860190
65262086
65990507
65651359
65645841
64507349
70363176
72624973
67723456
61708788
61206505
64607306
66328145
66375283
63664898
66191502
65113792
69534389
70660384
67056646
66902278
64695781
67825369
65639757
69164200
65749565
66557304
67773319
66949252
66923377
68288242
61837944
65668298
66442106
66055115
69361851
65715640
62226089
63628180
65586930
65226986
62814139
61861759
67643198
60613920
67811400
66757747
59714189
62271748
65244537
66969947
61312235
63666101
68097218
63940835
63699843
60582464
67986607
64383697
69500510
65672330
68654284
64027284
69957559
61900248
64035933
68174602
63794211
68400311
69650047
67475643
63171279
64645393
66244846
64710397
67583907
64527273
66974569
66626237
65386383
63688450
64404204
64082775
61259807
64109747
65442156
67887022
63891313
64048536
67588290
63609055
68921066
64611585
67108103
62721768
64537622
62556748
66225697
65741969
67496395
68709586
72847110
67224337
62910343
67751538
68186533
66311033
67934788
63490066
67746437
66353390
64264637
60438518
70439424
68841601
66671556
69642137
61957544
67258102
66564613
67508837
64684028
68379877
66358275
68064799
65083521
60112492
66559429
64474877
67876035
70863618
58721793
66157761
63169938
66450741
64332443
67555885
65890185
62264399
68434912
66410175
58212325
63720506
64655863
69562379
62228368
65479778
64180487
61446632
63593648
65922609
69593011
68694684
71286043
68962497
66824775
66983966
67046917
64095908
63764063
67062992
66243200
61813081
68521667
68973063
65373667
64074128
67437766
59665151
67220714
69365592
63007546
70045113
62757971
62020288
65859795
65814381
65788805
64238079
64483887
63430831
67974936
66559043
66041363
60602306
64660548
66165278
68017852
69088309
66057345
65413968
67472173
71039098
61885164
66013202
63371102
67607112
64412494
61472921
60119452
64586088
67255765
70082264
63572081
63636009
65914657
62786377
70249681
68270015
68155240
65812914
67968427
66090081
65920883
66609274
68634940
65092896
66052350
62748073
68395865
66447139
61585371
65054047
65267966
65100909
67228773
60205580
69006783
67408590
66311047
65812457
66789106
71231476
69563998
68096219
65750148
63983568
65802162
62650973
68465301
66040883
66511752
66575981
69693877
60701924
61153698
63166494
63818167
64721762
60943803
71369742
65715316
63351239
70230353
68995340
66332548
66768679
67160296
67932656
68107392
67708304
64151325
70850268
70688657
67126911
59884338
66244542
65254410
66105614
66721510
64151040
63804537
66031772
74174262
71447592
66399894
67892839
63866311
70768120
64772320
70685366
66435985
64249858
68772533
70154639
66504110
68615724
62877609
63037331
67976438
66261986
68536762
65424887
62156189
64530478
66520551
65998803
67098633
61678080
64083833
59622149
66987399
65676063
63445265
64990553
63345175
65511635
62063151
64833941
68432079
61866027
63290091
60642646
66377550
65704151
66289798
66283133
65979828
61295182
70292579
59442671
66969958
67245957
64181444
70517162
68099392
66726819
62300374
63317584
63332682
64473255
67368143
66716374
67257004
67304647
68357767
62517572
63339335
67407238
63358790
62793774
67308442
68896914
61785356
63175268
68314902
63321326
71033348
64843243
66695047
66183081
65689496
60383502
63304247
60726227
63787499
62248136
66729383
65913691
57499865
65280789
62557466
64356621
62564045
61379433
62612582
61579242
60871281
59346209
64974107
62401966
65956109
62757563
61277648
60595748
59898199
61951459
61892089
63148554
61681323
61104767
57632796
58093201
63658867
62975796
62059447
64413208
52194247
59859147
58246585
63725183
61287196
61280337
63308321
62108727
60771480
62508441
58765686
60242291
62502337
62330914
60512782
62057189
61190896
58489577
59555876
63408161
63414748
64646167
63977081
64942357
63582533
62290499
66846761
60341342
59345707
63931673
61496881
55542155
64564920
62030908
61720086
57143853
62104199
60173183
64910711
65723522
58653866
61307003
59934902
57624164
61725352
64311840
60730994
60260712
59868995
61918900
63724809
62116560
61165082
58655204
61509281
63553491
63673476
64201458
64203345
65196520
64135421
67351236
57431129
60709081
61357046
63352529
63005909
59853394
57799605
62559628
63403855
65072132
58528319
60064487
63463598
57179589
63802600
61069240
64624239
60492465
63936988
62872905
62643855
59443880
63092617
59308793
61516035
56116540
62513064
58749782
57947247
62639919
60170493
60380929
63718971
56366870
64352873
66136198
63368154
59374261
65677946
64743612
65228739
65205566
59819171
61907023
56404411
57068267
63871324
62415690
63950225
62393526
63835372
60662265
56649952
60085147
61589017
61530800
59850749
69212610
60136400
59957837
68932453
65307678
66481039
61052631
62989693
63569712
64021245
60920497
60467681
67182601
66106670
64407743
58855842
60239545
62519457
60144717
61933939
59210793
59791739
61326307
66149934
66250291
65956873
64238606
58754716
64738846
62797559
67978251
59743453
61883105
62462111
63420225
62949433
62167922
56737926
61675147
63439129
61978225
64838937
61708015
58592280
62390331
60934598
59357365
59876497
59020749
61557119
59389650
64282365
60519488
57662909
60169457
59218243
62408753
57129508
60586458
64200231
58023268
59968273
54907972
65556408
62741561
63220899
61422558
61663194
60596916
65301747
52959625
59851453
60968735
60252851
64520397
65300832
63431143
58852176
60405366
60429427
60200258
62683581
63087107
65214432
64390346
62302582
60339201
60035699
62418700
58615787
59464602
60694307
64711322
56739334
60109949
62582417
58592545
65526654
59061923
61505868
60095508
62767316
58522184
61873228
60490540
64517129
63180448
70263762
64924209
59896916
63007822
63700456
62435433
64330571
62537357
63898710
64666197
63568579
57306156
62748584
63249147
63655262
67190963
61841142
63495978
61071873
62530570
62960050
62630503
61469077
63594039
60549652
59667063
62233402
62826982
63373891
67230468
55107002
61991734
57914831
62164890
61167267
60885966
61726356
61067727
61898570
63369513
55470882
60135458
62641888
66057538
61479652
60018448
59930956
57678393
60368406
63016893
64452199
64804270
66827658
62650410
65601558
63024715
63987270
57963390
60828360
64228376
62197374
60048728
63774491
63952416
61608134
60441342
64790140
58876846
64769056
65627501
59002983
64113213
60162786
57390366
62334738
61557255
57693141
58770253
59467401
59492873
62793954
62593609
59412075
62390912
60334183
62479874
64005225
67352714
61778894
61650879
65089381
65639862
55904392
60890942
60603329
63300682
62994154
57096250
56239755
63817320
63588661
65421797
58920946
61478550
62973000
60556310
64817523
60121321
63478378
62607957
64990493
62739960
63318983
63634530
65226082
61271806
59654412
56469870
64803660
61589926
59794819
60343255
60468315
60777631
65071041
61237820
66281557
61487222
63168286
60089332
65046517
65586236
64604978
66834639
61636280
59554596
62134375
58963459
63796262
63130076
62475531
60726395
63353305
58189013
59371845
62148747
62683162
61047993
57616085
68498521
61786061
60675866
66071597
63975155
65572965
61756095
62546736
64407112
63306922
62990615
58898737
67617914
65257742
64239012
55990554
60678920
61337673
62357814
61037685
62147243
59430129
61843584
67988252
67440460
63365267
64735099
61318934
63299087
60463421
64078554
61188952
59876919
66357348
62280321
63457616
64038646
60725354
62509619
63566748
63091937
64476584
59872570
60253989
64084130
62071907
60512572
62281572
57075214
61896390
55967155
64138155
62636076
58627483
60778035
57445364
61761166
53976013
58396212
65464287
60018935
60908105
58638372
63529384
62328203
64219244
65131877
64615013
61357724
64981493
57129604
63930736
64144626
56675425
65185569
64632796
63697589
57175448
61046027
62795894
61780757
65553084
60692133
60646083
64306582
65843426
61778804
60506983
62882249
61261546
59105153
63017507
61762611
62112899
61799014
60793662
58638072
67386946
60344928
60755413
60541048
63122154
57254920
60622989
60164710
63037773
63786705
67877116
63587968
58022070
62415975
63634251
64309639
60740985
58964254
59942628
60284804
58970735
57726937
62349764
63244488
64630365
64956740
59267373
61054652
60465042
62053694
58893313
62859587
62054613
63666568
62088654
57549580
61557259
62486304
61835573
66020119
53601581
58680612
57818437
62723829
58675967
63215305
63233336
60580056
60679894
59733213
53619896
59710850
59185802
60678033
60927822
60406632
58850868
57851634
58373949
60541788
65571530
62587217
65837917
63242872
62096365
64626444
66202985
56011630
60399564
62686027
59644009
56971476
62611019
63084680
60280039
60121414
59857288
56561132
62500442
61995844
57940974
64016167
60167277
58125218
58591250
59795584
60365162
56188218
56431396
59285004
61530411
61042643
58112096
57046237
57414662
61111919
61979942
64361583
60480446
61183192
61276261
63894244
56496537
61291710
60990273
61826160
62149504
58673010
55440452
61752841
62131777
64718639
60373513
60506926
60565145
57186091
62504282
59385780
61980485
62456499
64877262
59626812
60043269
56898776
65274542
59639698
58900055
57114985
61374157
61527418
59894416
61407580
61834540
61195387
64280723
54492467
62010034
61795038
59814462
56854520
59873846
64445708
63168237
64268199
63264335
58448134
61074686
56241929
64198437
64144316
61772305
60909222
62778250
57318458
58276779
61334615
62290943
61002880
57342154
64366402
60310256
55773401
64028943
62400755
61474921
62721986
58364072
59957612
62305284
58903635
59480643
68207494
65168040
64179251
56426959
60569374
56968216
59481036
63859435
61431493
56921772
61287480
65405353
65498212
59712882
62023558
60053894
64611343
59558907
62253419
60833951
59553587
64251687
63009598
60910289
59642783
58983956
59348396
59587483
60767801
61604268
61741283
60069557
58283702
60337675
60253256
59528242
55838151
59272091
55389163
60721393
63167113
56024501
62918716
57343448
59199040
56320675
58879354
62757042
61533488
61371321
56381453
65411921
62444371
61576140
60682194
59640921
55187164
66219799
54906846
63142444
60198917
59093344
63511084
59293559
64537760
58900910
60189649
59399510
61390203
61002726
64929447
60480313
62628432
63476627
58878428
60704529
62817592
57644007
60220009
63121859
62159482
57050435
58477625
63058511
59259732
64412271
56311999
61486542
60072096
59498111
54662348
59482062
56758852
61960929
64483922
68479380
62746787
57530310
63153259
60693243
64427689
61523916
59157912
61011064
60972442
58893381
58662153
62143681
60761931
63610532
63743319
60089599
60928325
58360980
59199099
61683501
63537711
62234677
62841550
60197313
58201134
60836058
61188462
62990697
65708641
53605226
60482186
58238615
61670393
58506748
61511480
62891632
59835002
62797092
64085868
55861771
58025958
57667505
61155205
58026983
61556922
58410286
57350562
59657749
59284873
65006736
65388728
64400550
63445359
64826018
63771015
64160258
57679482
62246029
62181514
61627860
56237534
64037995
62655851
60004375
58996720
61698322
55173094
64676054
62034379
56962035
62915059
60732841
57671464
62358645
61528255
58770688
58808120
58911024
58611612
60155865
61526677
60032554
58096143
58662536
62029054
61702307
63559912
59749995
61758186
63579551
67133026
57686088
61675523
60792996
61792819
60336999
58061181
58016013
62255452
62036547
64456386
55894594
61512560
59852896
58867110
61381051
61678949
61734260
58896137
62516149
64658522
62140218
60168452
61910068
59096513
62472494
56857137
62729364
61811494
58058384
59318429
63465107
59177977
63646867
57737582
62459820
60266207
61837434
60027036
65124340
63868666
65536482
64542163
58548981
60276646
59988262
56322185
64313495
62617063
62206946
59764513
60732853
55357676
55759804
60973418
61270613
61758791
55234514
64025216
59056824
56232208
62928612
63864738
63643461
60893519
62118352
63182313
61933399
62079848
60370087
68568530
65908313
60855216
56863587
60401750
62109413
59016144
61123914
60307893
58366640
59693080
66335162
66718417
62379627
63594273
62275949
61397701
60135224
63513320
60457570
59661532
60888151
62709011
60863826
63836047
58299060
59501141
60487144
60963355
66531357
61099106
58700477
60535483
62342897
60959365
57629369
56834904
60382634
56310621
62254297
61064443
56573079
61855184
58142554
62981780
56715045
59286235
61562231
59907064
58099037
58464249
61881687
56753423
62903888
60756305
61445420
59681075
65380220
54869923
61142954
63319659
57894500
66566535
64833127
62302256
56208495
59103874
60384805
60931192
60862802
61897147
61472563
62616019
61162633
58787769
59484768
60358832
58346292
57491548
59638009
63603617
57619731
59912916
62972894
60290198
64238657
57811723
62748230
61530239
60501903
55702811
66334233
65316002
67192303
70328814
73065481
70246968
64085397
67898048
66598448
66938969
66546538
65105922
64957947
65422542
65338369
61434195
67680528
66933424
69047425
69278979
64814176
68023220
64559378
68414500
68166887
68041557
66578860
68017292
64795699
59832780
67074524
68279711
63824445
70133226
59208431
65941336
60321825
65624343
65124182
67479158
68862684
62817134
65549692
67529460
60806833
63817990
65316219
68706812
65849987
65970180
63153464
61341995
62639865
67139703
66912897
67610590
70899708
66926228
70749499
66819058
71641806
62340147
64587408
66410589
63249425
61928412
68746810
67589924
66359385
64875067
65177455
62287863
67871035
70833463
62207148
66461121
67371692
62029308
64636964
65716970
65804741
64054386
62344550
62539587
65962218
69190774
64423111
63415189
66838723
67840937
67605039
69222184
66738676
66632968
66522421
71425129
62641943
66788569
65008177
69423645
66650827
62533140
62136608
67694386
65213512
71012357
64470039
65298755
68055808
63371653
68769104
64430216
68533723
64699282
68906934
67979327
68283291
63366729
72206224
66203858
64987379
61755656
68075530
64520903
65069481
65614798
66401359
64956060
69067994
62614181
69343582
68279588
68424793
65180464
68047439
70413402
70123279
66945093
66891539
64495575
64865844
62011244
67361191
67565222
66737078
64467509
66779347
63117802
60498296
65637304
65818056
66462371
60522051
69495176
64187031
64594639
68052065
68231136
67379855
68297060
66529240
64875313
67175900
65066178
64316114
70097259
70430518
66677907
61964230
64841665
65795966
65042687
68048991
64937663
64821949
64806287
69504616
71910949
65332728
67351149
64256387
69660490
65794235
68891447
67214581
67262677
69627892
67069945
64042314
67771280
63767278
64961228
67649798
64196315
66636174
66492639
63618181
64243428
65338615
64191657
66280731
60961980
67358228
59868860
66412009
65799860
64673362
65471018
62767977
67465745
62783838
63095154
66198630
62459947
65203256
60376657
69624826
66337577
69281398
66113345
66822950
61278507
70042827
60886012
69018891
68420821
61997296
68879389
69445598
67082203
65868626
65290824
66845880
62895861
69385325
64629476
68720250
64761781
69309429
64237776
65082944
68601388
63085127
65410964
67451653
68328318
64031452
65796853
69700246
65050337
68504352
62488086
65613739
65917637
65914273
60469860
64297804
63457088
65744777
66593471
70429432
68814287
61052050
65889517
64170270
66114328
67354960
63469879
62655987
65455885
64606823
59312856
67636180
65442451
67741839
66783789
63681361
66601005
62640956
68279973
63045359
68261153
66159158
67204416
63084382
60050330
63289587
64854223
64249528
67292522
56331868
63694369
62127754
64325143
65449393
66615859
65671042
62594166
63471177
64375571
57636649
63554403
65886904
64899176
64185986
63508131
62816686
62810160
65255693
63088343
66623799
66382998
67189739
65331716
67011890
65226547
66054296
61090982
61353077
67220201
63459040
58802410
65384168
67532215
63325296
63875440
64486298
59282895
63389777
68141753
60672887
64353905
62605049
62002653
66958957
64085384
64772479
61745821
62523511
65742181
63180314
63203798
64261450
62130197
66664505
66490468
68579189
65705929
64938902
66849862
65504920
69680614
61115878
64468806
62534832
67395364
66660697
61583033
58059218
67852517
66540382
66644310
61493775
65388723
64895106
61987173
67732491
66439702
67405515
63405225
67532486
63662861
64111740
63827825
66626941
62710226
62271011
61401410
67314400
64785218
61588068
62359420
65131540
64977743
65967885
59645285
67633937
67394993
63984382
62573049
67459314
67763668
63731632
68239496
64980708
61274043
64008712
62922787
66300871
66738176
65999379
62955881
63232873
61135789
59349277
63568659
64764183
65012772
59401281
71603217
64681102
62275981
68698683
65141307
66156224
67779144
64985401
64139272
65289032
65221809
64276062
69076249
67513333
66609754
59356257
62857028
63312806
64331795
66912548
63375048
61655634
66108244
66548294
72075288
64938066
66193279
61057922
66548286
62972132
67017658
65881389
64679940
69036654
67765792
63913397
64465457
62835893
63765774
65248324
64991589
65820712
64418560
61227014
64663951
63690604
62756435
63050196
60137281
65243472
58187461
66029840
64741818
61404344
64282682
61286402
64170968
61640099
61931327
66910978
61274380
62505880
61262895
66726808
63425430
65230238
65744108
64510752
60065458
69383561
56336203
65455735
63513731
63971889
67502636
65710691
65580805
60588853
62786553
64956672
65937099
63717710
66229980
67390811
65158665
68082211
58124309
63288633
62275475
61183464
65451571
63608173
64883620
60390117
62044935
65846760
64268969
65456877
63224789
65421577
63299413
61795378
57724942
61720055
63586071
62745778
64483270
71664084
67738595
62302590
63863709
65119167
65739244
65934093
65981766
61728150
65153287
62701168
61350518
68175369
61324943
68916544
69073518
62697841
66445720
66024011
63997135
63409310
66087953
65022132
64367293
61868124
61878647
65112231
63056565
63584835
71887837
56792521
65017847
60196133
62599678
61206669
63269049
64423352
63187240
63397954
63930892
58907897
63779233
62638348
65740896
64655527
64280872
62874365
61355596
64378218
62368546
67005019
62735566
67150031
67295890
67668572
65878580
68666992
60553405
62060769
64063394
64242790
57815004
64517563
65457430
64039844
61431044
61996490
59154422
66317398
66642288
58960493
61436458
62495826
59320101
65824752
63636905
61746585
59685797
59929750
60196240
62401481
66736483
61116286
62449742
62431578
66184133
68466637
65218169
64067728
62981161
63888497
69382598
61600623
66177491
64480658
65355085
63973934
61514842
58745779
67092699
66652373
69651150
61777852
65315153
61424260
62078792
65225585
61491189
64184593
60564409
64785044
66096353
66086275
63883341
68271733
60425080
63829714
60698905
64695505
65443416
63127288
63353602
66255579
65560473
68571498
59934068
69661108
64061274
64630899
64068904
64571627
67664762
66672268
63641011
65458901
64677159
63851379
58460438
66214293
64985517
62679024
63820355
64398009
59678920
60971746
64526731
61943040
63573410
59882300
67439518
62442540
60280231
65870770
63582082
69289634
63745084
64317793
65251126
63560678
62591515
62623112
69729939
67971895
65799655
60181620
60674964
64083328
62132580
62785057
63104481
61550507
64471929
68215662
69093042
65481529
66924149
61739986
65402116
63445595
64580943
61479847
62530053
66124243
65224747
63847546
61872520
62835288
61812373
63582938
63497651
65662620
65582723
61227359
64521284
61264167
62812177
60978242
59240854
65325536
57122698
63717421
66037373
60551814
64108789
60359958
63144202
59361691
62638388
66303624
63575084
61275883
59317057
65936230
62802786
66481783
62908127
63222297
62332316
67393683
58614901
64801279
64582459
60535551
65029479
65930234
65946046
59845605
62753045
64209313
66689160
65068521
65907801
65238845
65154727
66660029
60771723
63555892
63192459
63882471
63553502
66945041
65421255
60629452
63304108
66168799
62722387
66691516
62876377
62734250
63641556
61361444
60591272
64315413
62305616
64619825
66925681
72904208
67011710
63072951
69057197
63458779
65143107
67406121
61870490
62018819
64643413
65249907
59732856
66534991
67343464
68786378
68235048
64385812
67159873
65095871
62778603
64143282
65796600
64885330
66824125
63563016
60260957
64977710
67330875
64394617
69840909
56956619
63867288
58354237
64096893
60490314
65439333
66511333
63366462
61634820
64035237
59102482
62194833
64416811
64273377
63972100
66297842
64244755
59758127
64352336
63145274
67920083
67060369
66969916
65424763
67635922
66664056
70029724
62932791
62504966
66585363
63518811
60447205
65609622
66893196
66430748
61591010
62764229
62606965
66759685
68375826
63123200
67509256
64196152
62519237
65435884
66114160
62743303
62485761
61138312
62535069
65153839
64487741
62041183
61555833
65584124
64110612
67048003
65914733
67708583
67518278
67893847
68801510
61340888
64632127
63658936
66451402
66684728
61709712
59982138
67034273
64698137
69362227
59638997
65753918
65070293
63022027
66007422
63361411
65108309
62934973
67665309
67609514
62225675
63861104
68290670
64501624
65942039
60206625
66201457
65540242
66515803
66887422
65895956
67114428
65815587
60342971
67032797
67861083
64073732
61454960
65499917
66452270
67065041
67462487
66804163
63823784
64280527
58903896
66671915
66174624
66746003
62787786
65748856
59299866
60350739
65554688
65041951
64487842
60221979
68530569
64546308
60880212
69839332
69505054
68910279
65971235
66178646
62608157
67076478
63558440
64471615
70863977
68687840
66316936
60001147
62684037
65569325
63564394
65311890
63290040
63312582
65296066
67588093
70829638
64383394
65855219
61997078
68465233
62521743
66965368
64993174
67461765
65588443
67217586
65773133
66012771
62869256
66208581
63166146
64041440
69686069
65639576
59916640
64937582
64364751
64972541
63461583
59844642
64515527
59216679
65606715
65506213
59135066
63197700
61115991
62795416
61740701
62165978
66098313
62082388
65012585
60707336
70894428
64022529
68464191
68053884
63180279
61948276
70365942
59927498
65164498
65530014
62467911
65218732
65990327
68303718
63082336
63560961
64851109
64763242
66061808
65068784
66799628
62250587
67650661
61646793
64738100
65296092
61098528
62514401
66731096
67154360
60920998
62571606
66780751
65736626
66056016
60875934
65879939
63398177
62919420
62270690
66807636
64401577
67770480
68065789
69610952
66663157
61878221
66385318
66341142
66745035
67021504
63281762
66447516
65947922
65870914
60582026
67265429
68183779
68322360
68699878
66808977
66350533
66490224
67079105
63599390
67312329
66149031
66210826
65985468
59687950
66992480
67578545
66241465
65623449
57011165
66028257
61630189
64952116
64490029
64997154
66161387
61472532
63850017
64908924
61281776
65057420
65143022
64983317
63285307
66377373
63210562
60455296
66368616
65433926
66509547
67345026
70452722
66161664
67847818
68563915
67511146
61654616
62172942
65986308
66024526
59692930
68684815
68076563
66696491
62801280
65045533
61406380
69435368
71116178
62709107
66447067
65458292
61571277
66719883
66582804
62572952
63393143
62640750
62993398
63635569
65699580
63146801
61952191
64669696
65226328
68108202
66247852
68587253
66419977
71538050
70054927
62794186
66295996
61524621
67742392
65645813
61815470
58097202
66887443
64512165
68038694
63444958
65001670
65420333
63050018
65454128
66288358
68344956
64861109
66349577
65494902
64683326
65734949
68886463
60903980
65805228
61552298
66692437
65478882
63314265
65105174
64669849
65558221
68889253
59794661
68277542
68145213
64957830
65499387
64331771
69037566
68671354
65601209
64534504
61564639
62464009
60843030
64795353
64394066
66708021
65178835
66472876
61145693
60211213
66920140
64625029
65292300
58880519
71379784
65194031
61078519
69651440
68070348
66758370
66617265
63406964
66808678
66157310
64051963
62730664
70378694
73087003
65279150
58751517
61816212
65521860
65081343
65656141
63028267
62414974
64878032
67894901
70655071
67052718
67806936
62342865
66382677
64448064
66445229
64116780
66167605
65670899
66871303
64113773
65550296
63973345
66149714
67930432
63440011
66594119
62887895
65766385
64681549
62102051
63290922
62789172
58979640
63237658
62683160
66390070
65250381
60557127
63509633
61476381
62360886
61163519
63945778
67459576
62231121
63778006
57396113
67069885
63687499
67420526
65013699
65528391
63126056
70655331
59848094
63377635
69117505
61920259
68028216
67369850
67867380
58750714
66419298
68104977
62948401
65951101
65705271
63758623
66882055
66085200
63223519
62674274
66305206
62475955
66571996
65439072
68437412
59510718
64000636
64659495
62647763
68017311
63570748
66210278
62954005
62688935
63037663
63279075
62506967
64207967
66951684
68635931
67193252
61962718
63728549
63949793
64934834
66477293
61593245
63429674
62689569
62027935
58506619
66527312
64031322
67542197
66993856
63783537
65651813
61769559
65410621
62925738
64778558
62472852
65039977
60892690
60544705
63102431
63503259
64502871
68654163
55877063
63896521
59359955
62781781
62798643
63337326
64099485
61489133
64235175
63873430
58040541
63186937
62848020
66696248
62425018
62823940
61758841
59227480
61890144
62187862
66829495
63758653
65462365
65630242
66074094
64072858
67965219
60489781
62088114
65210883
62049896
59577800
64558914
66288524
62687041
61308741
62754349
58809009
65538293
66942552
60269800
67859591
63586259
61060067
67282192
64313751
60397365
58727412
59251395
61446330
63827084
63429559
63628361
59785739
61673303
65510893
67157410
63386037
65296809
64799810
65979938
68698411
57910028
63589957
61303318
62881437
64576385
62409134
57623294
64697197
62221674
67963661
61074265
65169392
63253725
62079324
65142116
60908015
64009230
61551602
65138567
67321496
65828836
62235227
69477363
63098241
62910231
61016026
64803025
66126008
63090202
62656955
64065946
63907319
65848599
60002423
68823681
64374277
66499928
63306817
65685061
68421465
66803912
68460337
64208699
60798103
62974865
59511043
66919766
64301651
66467581
60272956
65228312
59724872
59364452
63395755
64080021
64071940
59853282
68085371
63688718
61087895
68092559
64845078
64649692
66808123
62818661
64446498
65082827
64081994
61043750
69154445
67007958
65739457
58899450
60761800
62939139
62214429
63537513
62595682
60082147
61710628
67519610
70710809
63808303
67204535
60279430
64804242
62947464
66461726
61937880
61896584
66930309
66239540
63378980
64264488
60716678
62364732
63481102
61626328
64419856
65511603
60897859
64500796
61225130
65786743
61715876
57201610
62162377
57964396
61957486
64415980
58088975
63295379
60493374
62717044
59029630
60550819
63751778
59853946
61166169
61685428
67344038
62600698
63473994
64896078
62798273
60558369
68872628
58836151
63303825
63554825
60475496
67929452
67549742
62419872
60212255
58126627
62886109
64870360
62814482
62679090
64781864
62240657
67784409
58143639
63218680
62635584
61114563
64649934
64209555
65627925
59726443
62741077
66645715
62616121
66048029
61014914
64224178
64502396
61536149
60267502
65046720
61978206
66286056
65134894
69967591
68150240
61874826
67487004
66317043
65882639
64712170
63104353
66014413
63238424
65873945
63179630
67348448
65425667
65174911
67382666
62440710
65770815
62704305
63109946
63672485
65396962
64202180
65948814
64026532
59313373
65615875
64100421
63125275
68307857
56386077
63839560
61624497
65336428
61633508
65245153
64228049
61823918
63602114
64506066
58018995
62984493
60923229
67138405
62574981
65502961
62033402
60236591
61315417
61249531
67646642
66341790
67039074
67466916
68056188
67557328
68881010
62205687
63778593
66273043
68540326
58800393
67416502
66193052
65262964
62884923
64534772
58203704
64126783
67664128
61294247
64823950
63737120
60876679
65236757
64989349
63488949
60271526
62958409
62299584
64606454
66225379
64592418
59898651
65315167
67371990
65292959
67269815
66306796
65467093
67016304
67350333
60211895
65352785
65746907
62169744
62742527
61298696
57721764
65241221
65187923
66337399
59163294
64707504
63711495
61003313
68280573
62941348
67051160
62600331
65441881
63326691
63282334
62900943
66926883
62519331
66701764
60299350
69667338
66384991
63919018
64291175
65882133
61797748
65402139
59884193
69003912
65166382
66634476
63873497
65973402
66734428
67517917
67057438
64127584
60885503
63846663
60893917
66644234
66435719
65138233
63063729
62978887
61349453
59678685
64091608
62350637
66059224
56661604
68414166
63155146
61900183
66060113
67419342
65812499
66369837
66078484
64338838
66000150
66442642
62048257
69426344
69227296
62558157
58068854
62240130
65879561
64235382
64744216
62870164
61033393
64398307
68334932
71263437
65312410
67060008
62214679
66510512
63543802
67925267
66512805
66540009
66226943
65131554
63995228
63667431
62270987
64195949
63992003
62832613
68112405
64491462
63237594
63865870
63637619
63275840
60909737
60444937
64901164
59580201
67706280
64628947
59642149
64962675
61457750
64630346
60183575
61995030
64467441
62601741
63650881
60126423
67130169
64108354
67720184
65958523
65455798
62341743
68599958
58295263
65453398
66278236
61068874
68867453
66809193
64206857
61790965
61648513
63036128
60774716
64089695
63807968
64512355
67699145
68722956
60921219
63284669
66286499
62920255
62824154
65817336
67198675
59640241
64808627
65870931
64350733
67639942
63663400
64511826
63494267
63967911
59666392
65599520
65871702
63466517
69969421
72291701
67975660
62504131
68514973
66940817
67622234
65021795
62954881
62832287
65122532
63807548
62588852
67746745
65340112
64811278
67784911
64837319
62427706
64400480
64791878
64754483
68145947
69451309
68504503
62845479
60690619
64721871
66985191
64203317
70978815
58108040
64550754
62804301
67373643
62065548
65035360
67074458
61541638
63444176
63583364
58016664
64141289
64349188
67122076
62488031
64642060
62327865
61130533
62060106
66044633
69287122
65983116
71781958
67650977
68872849
66759499
68816793
63046518
64809260
67246425
64742245
60640298
69935728
68266156
65402627
63321459
65272288
61705013
67082557
68483667
64133250
67695278
61942373
62490123
64733557
67595016
62676055
59352484
61936284
59435122
66358066
65533889
61180887
60857531
63976013
65644435
67814688
66738276
65211510
65672365
66830073
69057691
61053515
66260171
64481863
66186821
65985654
62496508
58952959
66661536
67009275
70272204
62632931
65134685
67060547
60766146
68039631
63813067
66926512
63457658
70102373
64352873
63895648
62608598
69451416
63492009
65456961
62415082
68396408
67943030
63945624
65508900
64985319
65401726
66971821
60826591
68921723
67714930
66989216
60962045
67360319
70305136
67259081
67421552
66371837
63729326
64535786
60638116
68645184
69424625
67420704
65204472
64746628
63141545
60421565
63640190
68048303
65403650
59236974
73133007
63839041
62746995
70598316
68078742
68080750
66158297
69409501
66845685
68191297
64246406
64211868
70098436
71326853
65478715
60682309
65215215
65519056
67093000
65706692
62362493
64549442
65280692
69463561
68184873
65893839
68075711
64308762
67710499
61986969
68807476
65622150
65745885
68660636
65405693
63697720
65954824
60397709
63877004
64626157
64366062
67187646
61908971
63257291
66713268
63990499
64460444
65955308
58651625
64753761
59699579
68185038
69286227
62759089
65017375
61008154
65516859
58149286
61223866
68481990
63508243
64322143
60772838
71019425
65756489
67194747
63579679
66071249
64344125
67449883
58836280
67512930
66690404
61711783
70336484
69011051
66417276
61716679
64617290
68174570
64411756
66322896
67173110
67936233
64745285
67537695
61372698
64247456
67416870
62016437
64762822
63673193
65663766
62157756
63895249
66038034
62803545
69999055
63724510
64548191
66018575
66318229
61582164
56879123
59179080
59910325
61775694
66331515
63862408
55652737
61432132
61921646
61327800
62213074
60751405
59549197
61004124
60193285
58503335
61232429
63659775
61244167
61990208
61468576
62345318
59731480
61562234
61499890
62712873
64369437
61715634
59317894
57499122
59924043
59973040
59743165
62463423
53403838
59885676
55247631
59762282
59873343
61728436
60281879
57811199
60647208
60717844
53722296
61700956
60065038
59799257
56244033
59775291
60006944
56434835
57016522
61943968
64255992
63369680
64498797
62367003
61920017
61935321
63592051
59668471
57315972
60222710
60165996
57458298
61851381
63417466
59999673
57138360
59346357
55474241
64317682
64235036
57065056
61789888
60033444
59312874
62433008
61208816
58268378
56687938
58982811
57989739
61712290
60575642
59607267
61703107
59694817
60852013
61487366
62709473
59850844
57858226
61222801
61879450
52415791
60093854
61231551
60837255
61489796
58369163
53858292
60539019
64641687
63471554
58011640
60788270
61379200
59153606
61032889
59852094
63890069
59988532
62522972
57356537
62149837
59887347
61214851
57469132
62908928
57528908
63346441
59409187
54652037
60114636
61691172
59015267
63989599
56893855
62523670
61785296
60401830
58909360
61431622
65507689
63741650
62120536
60970788
57967110
60420645
58812905
62084650
63938259
61227807
59909181
60014836
58809973
55204945
61660209
59937604
62617567
54426079
65293830
59722773
57431814
61654993
62997709
63529433
60834556
63907074
61999970
60051408
61955521
56213341
62005262
64178870
58685892
54503511
57121395
59460532
60213321
62125527
60591584
58488659
59996486
62826951
66229783
59883309
60029049
59712996
62182511
59951523
61602941
62514140
61365370
62617353
62713650
60134143
60716418
59046262
63227852
62251309
59934491
60500309
63510651
59167379
59033404
58943622
60806980
58395762
55603409
60904449
52936049
62079520
61467603
55855422
59554581
57446873
63661472
59025918
54422702
61502880
59169217
59404332
56152598
63406447
60954882
62882799
61236438
61582433
56172393
64578620
54623304
61742007
59676216
59366918
64570984
64523366
59215294
54277266
59570075
58864971
59711335
61128135
60559683
62495820
58781238
62344507
58857731
57266458
61463423
56210054
58085479
60486320
60696670
59482585
59282307
62763823
59914637
64616033
58107000
60582183
59996091
61271101
53795108
67358654
65806751
66304493
69169995
74316772
70673827
63153264
68304350
66428356
66927986
68216515
65582172
66650145
68211801
70787479
62710516
71332682
67348287
67223714
69373851
67973299
69638955
66858888
68663309
64203103
68819402
64440654
70399220
64078600
62061606
65258088
67822972
66378081
73053375
59609970
67337385
60079061
68343982
61691042
69400883
68188069
63013779
67763193
67604368
60530531
65376506
68441578
70021563
66498649
66872581
64455822
61901427
66942537
65623086
70761723
69114908
73571405
70244038
69327718
68208672
72118633
64107678
63815711
68104831
64014748
62701630
69448899
69679181
65362986
65157776
66481251
65871215
67516375
70030605
65035863
71801664
66849868
64518479
66377811
67235810
63564100
63130606
63236713
65619588
67601771
67273054
64955620
63124972
67714189
68280028
70211736
69978529
67550850
68360271
71835878
71616634
61226976
66549622
64430493
68811199
65857899
61942164
60971201
67467446
66281900
69803490
63722269
67848837
68126457
65328888
70621638
64455762
68473561
66335146
69465398
68418631
66182464
65975741
68358949
65192987
68082247
65768277
68777794
68815840
64876303
66328554
66159208
67115010
69090218
65029616
71273142
67772051
66849985
62873062
67433817
71700224
71221467
70745630
67117996
65198332
65970549
63889660
68598637
70344810
69981108
65615858
69188690
63362630
62604936
65546821
69050713
66772464
61510216
75237239
68323415
64220617
71731252
71566259
69572374
69799271
66830173
66719077
69554288
66958611
64818518
71558917
72329756
68140127
60580799
65450052
67904802
67717873
67201076
66914002
63210610
66609427
68618990
71497672
62357436
69307883
62249461
70361585
66257343
69090326
69048623
68370979
69999993
69925828
66921881
67446926
63776781
64728405
68795786
64450901
68173470
68707394
65095909
68396072
68345537
66079176
64705727
61610276
66156422
59978832
71066410
70817559
61617063
66331728
64847221
65904965
60194800
63627628
70147556
64262033
66356126
62043230
69906546
65712283
67147131
69801231
68495635
65523839
69266931
61775200
70825384
67414402
64932747
69544027
70420803
66583197
63195981
64428735
67367191
64628775
66785759
65616236
69003692
67148828
70720224
63166611
66883704
69344499
65388795
66211016
68180975
67755206
65553592
64834949
69596516
67215196
73275921
62997045
67925864
67421261
65918343
62641571
61105490
61083697
63616552
65497748
69048477
62672920
59292313
63649850
64829544
64504281
65939915
60319292
63363678
64394925
59685092
62025657
62406264
62591415
66297365
65626603
61061906
63955656
62008187
60567598
61631258
65169759
61824797
65146742
61054740
60485236
64250559
62253051
62186290
66763749
54740029
60306514
58222399
62342448
61153714
60984557
63181065
60493054
62856131
65284513
56455278
64589978
62707430
65015563
58276358
61513800
62744059
59981643
61445125
63369458
66303079
65047684
66900911
67190824
65282243
60693721
65067921
61262083
59763713
66231232
61475785
56612351
64831231
66032940
63779372
62065845
60786333
57943907
66981517
66311613
57972186
62417757
61504111
59196182
65546480
62243481
61677445
59487488
60424522
61448636
61109414
63386956
62983477
60061384
59725072
61211420
65831515
67682497
63122558
63736797
64380228
66120604
59951345
60713584
61870917
65306755
65583289
59517517
58071875
64179676
63671588
66097896
58454950
65431868
60586518
62392368
63912480
61871987
64195684
60571671
66270971
62918657
62256420
60302638
65529788
61134473
63984342
61402421
63951013
62990688
59888836
62902485
64540013
60822844
66958559
58362723
64402168
66359072
64012288
62534136
66765188
67562546
67067461
64063189
62324147
60805659
59925268
59768371
65863885
66417266
63772566
63697878
61948354
57345802
58992448
61715173
62070462
63374842
61090641
68140137
61072402
60391870
67155487
66025392
67273209
62392089
64183008
65008825
60936557
63456791
61675955
69338542
66553430
65228752
58723813
60094556
62796075
61966195
62436532
62734421
62138057
60804073
67955214
68375491
61898609
67300659
60739134
65390345
61863564
63446611
61551553
61475505
65149524
66596009
62867288
63282609
60241555
62361523
64818110
63321796
64719756
64844968
61291981
59975907
63274780
62134106
60123181
55677159
60720247
58137426
63131142
62019621
58139628
62467295
59967624
63130905
60016943
59410703
64156272
60861776
61460582
57948073
63538863
60756160
64057559
63119598
64156818
58719152
69199833
57844462
61043899
62333436
60190253
66174625
66378871
64313361
58834310
60542760
57822320
62335448
63104639
65721903
63197095
61991237
63939947
60046722
60913056
63974602
59914850
60661605
62272704
64451155
59226334
58860325
65157047
62431883
67181631
60456493
65273827
62458788
62348331
58970912
63580466
62435525
63471287
61096030
67100206
68022002
62180442
65852348
62885964
64377902
63708511
60609381
63465115
63225030
62796960
57063143
65938817
62094790
64494303
66207250
62174276
64650516
62561788
64146549
62957857
65891363
61207979
64184710
60560663
59088272
62761119
64686875
64239422
68684950
56073613
60626749
60952216
61592537
59758252
63678198
62888973
63364412
61471393
63033597
56156586
63505139
61927216
66928487
62692488
63027961
60204042
59591010
59263258
61243064
63699429
65121714
66651829
65036419
68505502
63417788
66511869
60142554
63537142
64572252
62541700
58793965
64906065
67069363
64336867
59787840
63873410
56581303
64717715
65748931
57579462
63110634
60800062
60573206
65011508
62972329
62254762
57356591
59361142
58072323
64319707
63100030
62250807
61091206
62817435
64964780
68528795
63526605
66047500
63523515
66527928
68717624
57831187
65253415
61481928
63791074
64627325
59870555
60140737
64079406
63667788
64195221
60441084
63357974
63688877
57327135
65352774
62302160
62967977
62023266
63625132
65350604
62069019
62628401
63405688
60660497
62905959
56373012
66979201
64256239
62904560
59862620
63311598
63586326
63549113
58823087
66546740
64383975
63375080
63129067
65072534
67683218
61321554
65319267
64609580
61621355
61068885
57560007
67843312
65120318
63511293
61137511
62518094
58429988
59826540
62780897
60241447
64308930
56022864
66500654
62032442
60342028
67441002
66903378
68033362
63242262
61740202
61541784
63254208
61383675
63174696
68750333
66062806
62955404
58903924
63370276
64531321
61077434
63688562
62548035
60681441
63351775
65710590
68975279
64464628
68534797
59163847
63153413
61553870
65380901
63832596
60522218
65365227
64736354
62906279
62376339
59225493
60362670
64291789
63237553
65477059
60436733
60138732
63957301
64139912
61082991
59747853
57879704
63464404
57021264
63122453
65987088
57935030
60843872
59593850
65522802
61477009
60393009
66237264
60577195
60891764
59727568
66422746
64651928
66487464
63071605
63061365
60033509
67443952
57204620
63101453
63681421
59824052
66650343
66232844
63191961
57036805
58644342
61478951
64636685
62720184
62439414
64208464
62759951
64341783
61188688
63794347
62221130
62417969
61596473
64425463
63689571
61366671
62294385
63974414
60238106
63306537
60966780
62555626
62231709
60343445
58526504
61227820
60774736
63532190
61603047
68583549
64053507
58284479
61634279
63908001
62450899
63142898
62117582
63808232
62575638
63975687
59008301
68190439
64274410
64938474
63556907
61782988
64861399
62202178
63301993
62442981
63844273
61953490
63022746
59273067
57886774
62864816
65105363
64240880
69405579
54339858
61294322
57776893
62723092
59174283
63223433
60807859
64217787
60545546
65171979
56108746
61548857
62833514
65722712
60180086
64422550
61686957
58795791
61555785
61894324
64682821
64980619
65936955
64348834
64794318
62851058
65875916
61563057
60975471
63886939
61685322
57335024
63827069
66150521
63659255
61893006
65339200
56488109
63185645
65818905
59506284
64588353
59798099
59138872
63786435
62265838
60751026
59671108
60541402
60538463
61952479
62707219
61006005
57982204
60624363
61832100
63546868
65563240
63620078
62083048
63115114
66496436
59049708
60949774
61603790
64423119
63685024
58494603
58407299
62443158
62159865
65052038
58844797
65206214
61856814
59641926
65883213
61643435
65047313
63751506
65463605
65096634
61333345
62729872
66066325
60751444
61435658
56754111
63102257
61814544
59605578
62723769
62915688
60534981
64790092
60438462
64672112
64817373
63302247
60309087
66641055
66802554
63690846
65831532
60464213
58104725
60596864
59748800
66460527
64348403
64759935
62759800
63524363
58002078
56851445
62045185
61646062
61784818
57906807
67736127
61456632
59332920
66235273
64671155
65729334
62040194
63923739
65332402
62641200
63713054
60718840
67839140
65509235
64937111
59039596
59961353
62251812
63716311
62367375
61310337
60397229
58359939
68682803
69751853
66212525
63126000
59677216
63970566
59417931
63034531
60398317
61838591
65543530
65080961
60959329
64009259
59028936
60952919
60739461
64721571
66450299
62858148
59521686
62646106
64636967
61763210
62685439
58596552
60812724
57045254
64090479
64925981
56336457
61028502
61409456
63961051
56268951
59924624
63706791
60077637
58585881
57673221
64972452
63721306
63697798
64256091
64902085
62954696
67292640
56267448
65099087
62269129
58593539
62507225
62821349
65231135
59847629
59828731
61013498
62167447
61593578
62208091
63102069
65815781
64396676
60028964
62258589
64030538
59809237
61215491
61332841
64045382
57025948
62182865
61558821
59052477
66797841
62240098
62044142
61081812
60083202
56991171
62002029
62825685
64768244
65385251
70044846
65410234
62562565
65560556
66720620
66018269
65847006
61386709
65080524
64301050
61547894
61812904
65213682
63810249
65970489
66909737
63082344
66812904
63177739
65452299
62965650
65672259
64635139
67770401
63234113
59199717
64958381
65640190
64948684
70228551
57483202
63323742
60625685
64248220
60856291
64110837
65982546
60874840
61458596
65669423
59114476
62301285
61598332
68053374
62329693
65222632
63071362
61368219
63153301
62337379
68100667
67763019
67608443
68477253
67460812
64855229
68055804
61337537
59418736
66396818
64804892
60494031
68029643
67674707
65232274
62707472
64853763
58046141
66526085
65142957
62799898
65282609
63122665
60368520
65089191
66661489
61388894
60378795
60799065
58617374
63785191
66395167
63464336
60697555
65361460
65209119
66933599
68044086
65911701
64447871
65488881
65813361
58610383
66667254
62133065
65079498
66392568
61575498
59573718
64656086
66051844
66769199
62363396
62086917
64958783
60826502
67261939
62295904
65918371
61310497
65391932
65255374
63934507
62793760
66750210
60071133
64427056
57875718
68727129
63464379
62282062
64819765
62713898
63021734
68543869
58405601
68068965
62350381
66212628
63325638
65930281
68861819
65647730
65276947
63797653
62896968
61593977
59411959
68122151
64766503
65093992
65162487
66493466
59584104
59216273
65365988
62689006
64947893
58309771
67552306
64709426
59230688
67915284
70503614
69171053
66258792
65773673
64313281
63743464
67717592
61918802
71300616
67110565
63075033
61216758
62805253
65977029
62543830
65427529
63586592
64351079
64524421
68237237
69316345
66606096
67005412
60831394
64232988
62004651
64968615
65315153
62012969
68125228
64937155
64433007
63500166
62773187
62885132
64892438
63612526
67133857
65474378
63000450
65407805
64115816
63433442
61700648
59812105
66428785
59123277
63889970
63966541
59556104
62263492
61549446
63455784
61970096
60190553
66516091
61885826
61467918
60366264
64154547
64002147
66283062
65825748
64611256
62380828
70919161
59578948
66237352
66404366
59576531
71443321
67825010
66787006
61432963
61631077
63211457
64676791
65792591
63158772
64168614
64203485
65508687
62078303
65078463
65260269
62060909
62857034
64797235
66686915
64177821
63256929
65196517
61814568
67185297
61597508
63676370
64822668
65488890
60085775
60836023
58865063
61203458
61917400
67871384
64244300
58799566
62079665
62275968
63877628
61342713
55750419
60877374
64017801
61445459
58379837
65198291
62714615
62860810
63449455
60164076
61178129
59576957
61853689
61695264
64266903
59268981
60922036
59910038
55911745
64851184
65691348
64004205
64986557
53274809
59545691
60844473
60877651
58761105
62081439
64061313
60338744
58635659
60361236
54949953
62375959
58827092
61830309
60975762
61802569
58599968
59053340
60673553
60032682
65223305
61931936
64367463
61797117
62249933
61611819
63041862
57173115
58369451
60315834
61853994
57058734
65488441
64114772
60401591
59418451
62194042
57228934
60976458
63440939
58564596
61962658
62400172
55222693
61616835
62533440
59432492
55946328
60744620
58844360
59580876
63348455
59416828
58347128
60647766
61806469
64732759
60781347
62606160
61937100
62011338
65331699
56704054
59965878
56475171
63636788
64171910
58832999
56150023
64261276
59283031
64089184
60212455
61562532
62951292
59571884
64564827
58644693
61133470
60596791
64673564
60634319
60280949
60533632
64224128
59417265
62538556
56203550
62879426
62489006
56798324
59761849
62148324
62480610
62744020
55388334
67344659
62108050
61750191
58806815
59322812
64459023
62837970
63931026
61473087
58717412
58111983
55856031
62852232
62826961
63312231
58714799
61096139
55612337
55776141
61503403
60772370
59334775
58619058
63561029
61820386
56623276
65170887
63066560
64950754
61115718
60947239
60765182
58369309
59316660
60197900
66924804
66135938
62570067
56389575
60039656
63087859
61035062
62136087
61049167
56813303
59236763
63271295
67109149
61936087
62806899
59741463
63003777
59686135
64308155
60731460
59422282
63568159
62209013
61041205
60043035
58023933
57680699
60744905
61142501
63669483
60471874
57630840
63160772
60916473
60464065
56987916
55402436
61838946
55367954
61966860
62189996
57465223
58238287
60070347
58305065
55683003
59884838
61233507
57325731
60274502
59089133
63438801
62618630
62072905
59838133
61593111
59123088
64833498
56169010
60613104
62212528
58827153
66404028
63230585
64108172
58886764
60724061
59635143
61886445
62321447
60466565
62507918
61191256
63850056
57185439
60921880
62588056
58709644
59905571
61096078
62750712
57470996
60993436
58214762
58864488
63987517
59186837
61087522
59652158
60083697
57744942
62996318
61844125
63294265
66563671
69098188
65789560
60792880
66115923
64714526
65110030
64818800
63455962
58723850
62988175
63578752
58946300
66052236
64760504
68770272
66156727
64271908
65038369
62076944
63934622
64683211
65275760
64699795
65713109
60987413
59501057
64565929
64686626
63901625
67480324
53920898
61682239
58327358
61400003
60853475
62495076
66465095
63811152
61296148
60514330
57527766
62460847
63677279
64264493
62458078
64224469
62778956
59258689
63674301
63330800
65600910
63444151
67277722
63985689
66630722
63093031
70045880
62335676
61616073
61223745
62568091
59498567
63755487
66691758
66434191
62395834
63211552
59034021
65707149
66872617
58864808
63143031
64085816
61248014
67140714
63422477
60721510
60444815
59912014
60715023
60654059
64181700
62699292
58851905
63731884
63018734
63851438
64513767
64623832
63986433
65594067
68059691
59396904
62517917
61396869
63799729
65177196
61744833
58761964
65703835
66368741
65705171
61187786
65287048
63054378
60807504
63962622
62164127
65777807
62430743
65623048
64191482
63777887
61016640
67699135
59901585
62336117
56570952
64966010
64320051
62110798
63127640
64208845
62904360
66348477
61032630
65847306
64935056
64028582
61548542
65805398
66639501
65348982
65966480
63725432
62111858
61728910
60643119
65362625
65139691
64726483
64113559
61189176
61589163
59301787
62639815
63401628
65131634
58758531
66961224
62843341
61224579
67112130
64655992
65445521
66083133
62500358
62581839
65029098
61423756
56482215
66321061
66820576
62376222
58244701
61723632
61291617
65386295
62978930
62065307
61165195
62452334
66625194
70725621
63924949
65016453
63770208
64838505
63980797
64343405
63365198
63381782
67266077
67525617
64099572
64342299
59387930
61996062
62696778
62552795
65212813
64204291
60035769
63985190
60191614
64052472
61667342
59116133
63821007
58392877
66403707
66032601
59441872
63268810
62005411
63830682
59165745
60380037
62581729
59654361
63715195
58705175
66286797
63019601
64665050
65919436
62138850
61815585
69068559
58073522
61959292
61688221
63091031
65338785
67350601
62907487
59215994
62304946
64962085
63710442
64862438
63641636
64525917
64261336
67515384
56786727
63814060
62766185
59643031
63979961
62994436
63462938
60115644
60962408
63431484
59743352
66027205
62770465
63354552
62213732
59600416
61265694
59033823
58354581
61075418
60488451
65810371
62135603
59221603
61121164
59497239
60295088
62030501
60595043
61305339
60204904
58506788
54987421
62663740
61288157
62404132
62958757
60252562
61761519
62088925
61409239
59323925
63127123
59532655
60439925
57752115
55692676
63210521
62566454
60740637
64067694
54817903
62479324
55937384
59040113
57056308
62692246
59141577
56126672
57167742
63306318
55639339
59231503
59111921
64404221
57815123
62579407
59528709
57715730
59563931
60038436
62675655
63983817
63312400
62725309
63573601
59908898
65457244
58881473
59989060
64535458
62605335
56544632
62301630
65520366
60128361
59300366
61757158
54963092
59138615
65703173
56688787
63774142
60727109
56326068
59268704
61629376
59922698
58229608
54332624
57395010
58966959
60219799
58968931
57132505
59456582
60446910
63667344
62813489
63053868
64559241
64714556
64056783
56371547
60946220
61390767
59722138
60724839
59111993
54766026
61935282
62177857
64992095
58545535
62463431
60829764
55597387
62172135
55735483
63000714
60586900
63462096
60186308
59492494
62330436
61120849
57355292
61735283
55032248
63621576
60671740
61212350
59525379
59356684
62859273
61103412
56608599
61836641
61921207
63277212
60116282
60535258
63289421
63651373
62953874
61137789
59664339
59416290
55555837
64320748
60391627
60598456
62270299
61013287
56308070
56458630
58566998
59287267
60905503
55456033
65553641
58692702
55875229
64342486
63773645
65257200
61159005
60455486
61791154
61246581
61033079
58581484
67926316
65180801
59841905
55893561
57283182
62002140
58958235
60469715
60689163
58384926
61260749
62969416
68452412
60807095
63951399
56210945
63330861
56857677
61272746
61334341
59218156
63542513
61586286
61074360
59526220
57629462
61642454
60382872
60049300
59974950
62103824
60929458
61482832
60599719
59685146
60589398
57897899
61532829
55335508
63015361
62536729
55970494
57316399
56572717
63431560
55401702
60278116
59949901
58915173
60279828
54878919
62902191
61955170
65567877
61509096
58831424
58351638
65391303
54397100
61400852
62446718
55150900
63217758
64995418
60773147
56265858
58421313
57236072
62054495
59661317
60861627
59657574
60214793
60116866
58172903
60006561
63076690
59129434
60623152
61787373
63372621
57316730
62131050
60983791
60235610
63442830
59543754
59840439
60529202
57976556
55148800
62000810
58597453
60317938
60311425
67565507
64618503
57949672
63474583
61623661
63501353
61196610
58403496
60966332
61714950
60626543
56535214
62236524
61413118
65348330
61596681
60083341
62277047
60261826
61696625
60300818
62029728
59709817
61582244
57833510
56769499
60811033
62322238
61417171
68585061
54024891
59594132
56465889
61696798
57156952
63366140
59690296
60433996
59202160
62011086
57193476
60432071
60928869
62769855
60520024
61837765
61923963
56432153
58115757
60351312
61787397
65514219
64724021
61752712
63728183
63139329
65660618
59122593
60076882
62484489
58462430
53419200
65311915
64104023
62141629
59937150
61092535
56813463
61450835
61381546
58544671
60311388
59895298
59551763
61546370
60542112
59844545
57176457
54564709
57416845
59701490
64505824
59136716
57885414
61581978
62150160
63605612
63839579
60563433
61179807
64498610
66761261
55896576
62060756
57717233
64522853
61261205
58935716
55517310
65069666
62325769
65137996
57758761
60872305
62995098
60538032
62443224
59746630
62485142
59036732
61743482
60789053
60713855
61813671
63159660
57759781
60257092
56460479
62723208
60091301
62368721
60597360
62044340
64018604
61823290
55178176
64409245
63609817
61629080
58727577
62924229
65524281
60801596
62587480
61868185
59243315
59791760
58016416
63041838
62882285
63375029
59519993
64769816
56297296
57725427
60025043
60685953
58682149
56359888
64596127
60897586
57802432
62720216
62681457
63206620
61322551
60526056
61888054
62604017
61556025
59882211
65903747
63943347
63047683
56582028
60651843
57781890
62046531
61620173
58867907
58805254
62993979
62599689
68868783
60347554
61928185
56057990
62217064
57652150
63715581
59849965
60821398
65700354
61321521
60139735
61479290
57202791
59951447
62501503
60869028
62540143
61581179
57620141
59515006
62169472
57323318
58759363
56406120
60235897
55990979
61575967
63338337
59291211
63256731
56890761
62837812
55461172
56258444
63434686
57841396
61269798
57175640
65131409
63034373
63053540
60829160
62938395
56689520
63896163
55974712
62982646
59304938
58361623
63662955
62708771
64301636
60118003
56532491
61185350
65020931
63405283
62356347
62729441
61528559
63832958
58424543
60675191
60864342
60086024
61540605
63805871
61105418
56708489
62821744
59515672
57580034
62398838
59558765
60284101
59123267
58257087
56814466
65322006
61870904
64329205
65948711
68928209
67923986
62622553
65863083
65617419
64082357
62596835
60832345
62626611
63999241
63330194
61153040
65682007
66693423
67982795
65160246
62313681
62836804
60544229
62567098
61759841
66947091
65389523
64368744
62126466
58144089
65474999
64183017
62015313
65862041
59676928
64526242
60559140
62446708
61803080
63779494
65030061
60903290
61722194
63629835
58806874
62732856
61739028
65823080
60966149
65607825
63769172
60028428
63039933
63584526
67048671
66487283
68055361
66423489
66681520
64839313
67018997
63858747
64238106
65403511
65239371
58212424
65649976
68887845
65166091
62427533
62112643
58291793
64164874
67340515
60118594
67384337
63044267
59877775
62187685
65423478
61900294
62049583
62823071
62303580
65256937
63412366
60387188
61291121
62768572
63979624
67814540
63589811
63561415
63392246
65745166
68076490
60233762
65333819
62638896
64995778
62560975
61555058
55489762
65847122
65123538
66652023
62626633
63945453
65869553
62134371
65897684
60814019
66214964
64508961
66092189
64068388
60210125
61047872
64692410
63958003
64177461
59150037
66715130
64254260
61748859
61140619
61770258
64879062
63623546
59624085
67147099
64961258
66418945
64149395
63245118
68946391
69538177
64279538
66152069
62529531
63351804
58745942
66398474
67012655
65335807
63036637
66934542
61352408
60082853
63334700
63631725
64645096
56617969
68523021
62919064
61193940
67844768
66979906
67611804
63557744
64251076
64681658
64523527
62835463
63341287
70289496
67330285
65762726
57419702
62449450
62347176
63609058
66686046
63996513
61400310
64781743
66239816
69045629
64548153
65404960
59432559
69069597
63226777
68191511
65354865
64331262
65598319
64330043
63331270
64768358
60070054
63043950
64417835
63876434
62822279
63719304
60758395
61478746
64700871
63921741
60480891
59029329
65122318
58480895
65713191
64253524
58795328
63098695
63292507
62205954
58659657
61617030
65757740
60679176
63693870
57999905
66967688
65825219
67045269
64472802
63234676
59039152
69980760
59355079
64133158
64675563
63003319
67167658
65878743
67571590
61431521
62548946
65146346
63553296
62018141
64275959
64138290
62221407
63131769
61224960
61345642
64264371
58779927
63578455
62255545
66426570
61252994
64202467
68398239
63006628
69357019
61046948
63283156
64683387
62970057
58498400
59579624
60213532
62485660
61598343
64356407
62890573
59944827
63391899
64856409
63536369
61921894
55650249
61619910
62793414
59993933
57461371
62701584
60891136
61101216
62829778
59062743
61379052
58134443
59789475
58786872
60288684
60410700
60968275
60801107
56881223
60449760
58102576
60042663
66468723
52928429
58732689
55315186
60765586
56925096
56972790
61396074
58587242
62115230
60792257
53391330
60366928
60276023
63317269
59484535
60411090
57115148
57752770
58062150
59489434
61449630
61457680
63929243
62922719
64143886
58635581
63941701
57746001
60467599
61870395
61696943
53695257
61756307
61924725
57036240
55958821
62286210
53827048
65158003
63466631
58148427
60809357
57371792
57617699
61607660
62890463
59254074
58304041
56140184
57943239
58233119
61169865
58937251
58019773
57357400
62490116
61569357
63387829
62239004
60033544
60162665
64068464
56217035
63597365
58780739
59691886
60677190
56119383
57278775
61616594
61462763
61528769
57197909
60582583
61964987
57534122
64132202
58501583
60890489
59683900
64374990
60382127
63506912
57237043
62421084
59315242
59329668
56151319
62380818
61168431
56449108
59816014
59140694
60224711
62710636
56877024
66210503
61253592
60965116
59930488
61861169
62360403
62890425
62585172
58305120
56414234
58795305
54733673
64088448
62768651
59912741
59161568
60228823
58433339
55327276
58402052
58909566
59478632
55137697
62563000
60925049
57909991
63848545
61656607
63652775
59671405
59999586
59758243
58351568
61896116
56201514
65618115
65224152
61338787
55287770
61284694
61230701
60471477
57946945
59314780
58291752
61100010
65336633
64196642
60036401
63501567
59477461
60508209
61338830
61023763
60261635
57024905
61532659
61119886
61767021
60339734
56180667
60271233
61665082
56447692
60449377
61657215
57747970
59607025
58806620
57869460
59646883
54599927
60016596
56476941
61860424
60963442
56142187
58584918
55592319
63101120
55966762
55628222
58350507
60167452
58741446
54347192
63524310
56749067
61840248
60174720
61355512
59644494
62518150
56673849
62126580
60711258
54599229
63562305
62118831
59700079
55491360
58307875
61753275
60029068
64072292
61420016
60913152
60571548
64082072
56479599
58003372
60314776
58847251
59348297
60163161
62696391
57263021
57675785
62930833
57005496
60924508
61573761
61836527
58436517
60558689
59306457
62279909
63225920
63609436
65115711
68733807
64103390
58736464
65507328
62208500
64595032
61842981
62337473
62334731
62779274
61127257
57620117
65990750
63996300
64498126
65026747
61470350
61508857
61351961
63667273
63803083
64820525
62238509
65214069
58828981
59087612
61901312
65183484
63987651
68526037
53736291
62602204
59066537
63367201
60518165
65236861
62983438
60365353
62416893
62348372
58370729
63177235
62407441
67886500
60234783
62224109
60765921
57918672
61378019
60534659
62441907
64519908
66973092
63134568
64944058
63901159
68117760
59504978
61327285
64595794
62712161
54637578
63063442
63674768
62133537
57538810
64943236
58836290
64691696
66797016
60731460
62449167
60792836
58537171
61824823
65432188
61602305
58507596
59710104
61165458
63327676
65183589
60489691
61886410
61178427
63736436
65745928
64409636
65910966
62872464
64296338
69050505
61046737
62219557
62925803
61924396
62945900
60042259
59453508
66496943
64034525
63752356
58857925
62850120
63473767
58567638
64019708
62571242
65375284
60108878
64127230
61864620
64264493
60932726
67001720
60337575
61900267
56976085
65320577
63234449
60001267
62182595
63970902
62704949
64459151
61371552
66739183
63769609
66005685
61710887
63568861
67834202
65165535
64818327
62208283
60151299
60613457
59682516
64724512
67482026
63879157
60248337
64417417
58826894
59296346
59327758
61646896
63569591
56822064
66282929
62694175
59612230
66957240
63170627
63753759
63150686
61418597
62515270
62853601
62569274
59880339
66866998
64983937
63166031
58389073
59760108
61346790
60724246
64309062
61347885
60482751
64578285
66479182
67587357
65434597
66367341
57547495
64873289
62300593
66558950
64088242
62642836
67125231
62156553
62094960
64386159
60547881
63794834
64950762
61023002
65925164
64199077
60124553
61532994
62799360
61569824
62146444
58141478
64182012
57204814
63651910
63816149
58408989
61420615
58814332
63545160
58691754
61542635
63686244
59042127
60798604
56649085
65523033
60781156
67793396
60818177
64771117
59739501
66257563
54657852
61603160
61114320
58431945
66955657
66892437
61959472
60275496
62580105
61904710
63421689
62187577
62258071
62447969
63926705
63960619
60261075
61177591
66022173
62827444
61726073
61324242
64455387
56935995
61229024
63728521
59710863
65794197
62297534
62530717
62094991
59024660
60970863
62647444
61985465
63045868
65246141
70482783
67436648
60878215
66739140
66020848
65238613
63798603
62347032
61760347
65311363
61698610
61868717
67564490
65358373
63879161
65516606
64382399
64214494
62612663
67316549
63683897
65732510
63194441
66793731
63477338
57976053
66191022
63804626
64382807
68049055
57170652
61944424
61606456
62661620
59271788
63782432
66281916
62327354
64543877
62282897
59228438
62480164
62485366
64763601
62635141
65124394
63392502
60377836
62043526
66181930
65560659
69207792
67609435
66992850
65177331
63867162
65914007
60658938
60073585
64590962
62996346
57966461
68629943
66414643
64075159
62358896
62379310
60084812
65990560
67450528
60608340
65528782
62193084
59965983
63916948
66187437
60977223
61091303
60661625
62102214
62138337
66037397
60382585
62851276
63092171
64392419
68395807
66273804
63417243
63915318
66733556
68302117
59137884
62847198
63299302
66321598
65335767
59729560
58082967
67484989
63520363
69212095
60450393
63151640
62425334
63157534
64382435
62637106
67857555
64900139
66760672
60521875
62530277
61438563
66509840
60314938
65950994
59619977
66670006
66014362
61697665
64957546
63565652
63925355
65554423
59048683
70140998
64649681
64313029
63714874
63794754
67080008
66430245
63714236
64178603
62548441
63609892
58103604
66973180
64708926
64185456
63211673
65889905
60759565
56897409
62072690
62231935
64402840
59768270
66369695
61335527
59687298
67463018
64684011
66657105
64638044
63898322
65673713
63724138
63834367
61878337
70216441
68540312
64052273
58774706
63183130
62198026
63250579
63486205
63579624
58486179
65869275
66437498
71457993
64732697
64042762
59647145
66931481
63413647
64236131
64783633
61631589
65189694
65124929
62427643
64529488
61065286
65613561
63095139
66103867
63151944
64321151
63427038
65588576
63719809
63234042
61063270
58924638
61682092
59406843
65823233
65050503
59793868
63223743
58364147
61834799
58396064
60549497
66369804
63090132
62299049
57227937
65783013
62913798
63603235
63364961
64086122
61247064
67896634
58241607
63425340
66574786
59426600
65781566
65146314
65924790
60592817
64221239
63256884
63678590
67527829
65212983
65825756
64556196
65839950
61285950
61733114
64840684
62549630
61852205
61422262
64706684
59853697
62020274
64181083
60574159
66403672
59652934
64421677
62716100
63967725
59136091
65864241
67248083
67630871
66462922
72228356
70572433
64682814
69756901
69179380
68727067
66813574
64939684
66912208
66138612
65840979
65000556
70780173
67975070
69766741
68808635
66094986
66029851
66551959
65741062
64471415
67800981
63833099
67668810
63277347
60243137
68226919
65701766
68263001
71913077
57937536
68412701
61225736
65676001
67417318
67917273
66979675
63946222
64658742
66293254
59571483
66343453
66711562
69080289
66748047
65792221
64486265
60955353
64266961
65366755
72558261
67341157
69507690
70484774
72066353
64795094
70404782
62170246
67222973
70051714
68742841
61273115
67747321
68594059
65466997
63868050
67349715
61379464
65586688
70632897
63550438
67620144
66822411
61579893
66233591
68627536
64002039
63950562
64263675
66701271
66154051
66066998
64433633
64235375
67982545
68281742
69245171
69143905
69496330
68415035
67513139
72806431
61619559
66754846
67342557
67731296
64321277
64969747
61073477
67339695
66931217
72025557
64114626
65433642
65597592
63753477
68563316
66273979
71005400
66033309
68101635
67819078
66253744
64528373
71017120
62544756
67296367
61500120
68730248
69098410
65074939
66523412
65964968
64053644
68597378
64739213
72981438
68381996
68222381
64426088
66800890
71514574
68244735
67402013
67173429
63101714
66911366
62415829
68320297
67789847
68803657
64249044
68692429
63672113
59064815
64770954
63516519
65992447
60668264
71374774
67456278
61512580
71335807
66697389
72235910
66003952
66808210
68696708
66550285
65058216
64244052
71081900
70721584
66528223
62288811
62112320
65690128
65481194
66657433
65061867
60572222
65970166
71449063
74317406
66730307
68273632
64510254
68417129
63736160
73462068
66387211
67859133
69062804
66612394
66403519
67152068
63227763
65824312
66027572
65807730
68480408
67331533
64540651
67220797
67709904
64742964
67333988
63574147
67876226
62299395
69832147
69738021
62100717
64917478
62808924
66351391
61943696
64344989
68999038
63446638
64892656
62229930
69621101
68619926
68475714
66312041
66271108
63196480
69094086
61154735
67279503
66270719
60816675
68888898
67667495
68543979
66319305
66134137
66205638
66538919
65938642
65931731
68036872
68875366
69706125
61634415
64407818
70363292
67088084
65993255
68577592
66023340
63496127
65498424
69695136
66767468
68994927
64799415
65440055
64800843
65029207
61953539
63313259
61557381
63071961
62499396
70135059
64856843
63937235
64930692
65032887
65835619
67900714
62400090
63366222
63798342
63573002
60965699
65730769
65820620
63626806
66649620
63616728
64826907
62440958
65594134
62718186
65666992
63361930
65885598
61957293
60947886
65479666
61565855
61674909
67179578
55649150
62606764
60780179
65592539
59700398
63308427
62361943
61461471
62177891
62062043
57929910
62523291
62742249
67090894
63514535
63936621
63516217
61635285
61491576
61029310
64488365
67440925
67683206
67225365
65458396
64015788
66459677
61698648
57455500
63894400
63565435
58713552
65178293
62295977
64816606
58524197
61702391
57690415
65891104
67070916
59678183
64934465
64124780
60620573
65564417
63160080
62186689
62212274
57252791
61015117
63426045
64692260
62410281
60593263
60443437
64180347
66032559
65771981
68899813
63918797
67152782
67388421
60383277
64122931
62600141
64085812
63669768
60649746
57976869
64704937
65376746
68159706
60591294
63091072
63798144
60475207
62451136
61683079
66703932
62063085
66076010
63023038
63269424
63501218
65800501
61155141
64930375
58866895
63838163
65252697
62688890
61580318
62581006
62627090
66902685
57590454
65200743
67180074
65499375
62628438
67938982
66009602
68005218
66189897
63814482
58795371
61613106
58310635
65458803
64726434
66217281
62249323
64777386
60191340
56875487
64383947
62362442
63753394
59861747
67792886
62100005
60093793
68005239
66130732
65737477
66198592
61449673
62971897
62468932
60935587
61008273
70640407
67716139
65874674
59927861
58954173
62945809
62834247
63694608
60092883
60006503
63857658
67610086
67574054
63957038
63333997
61028773
64592043
62112913
65330425
64007737
61956746
64535697
64351168
60350626
64750361
60236117
64981219
63940451
64017194
66026684
63784813
65809629
63342794
62360246
62729144
63171094
57714049
63205993
59692439
66751659
62833012
58305839
62797679
58424238
63119740
63134269
61659871
66225921
63388618
60246790
55210916
65686547
62785037
65171854
64023486
64636260
58603765
68306161
57007775
64662403
65618948
59518649
65101224
64828485
63976318
60146213
60617830
62416552
61660154
63018027
66638570
64258918
66638623
64029005
60826327
63905395
65885692
62979430
62302253
64793339
67492176
60394156
58870902
64721074
60993123
67401690
62997688
61554016
65067157
62279979
56897373
67741786
62726029
64824053
65773404
70753043
68610735
62653780
67002397
67448123
66724452
70059257
62979455
68222540
65759335
67855178
61892981
67882925
66585156
66167801
65899085
63932466
64166775
64471475
66539546
64327181
70948825
65191616
68446535
63963734
60703309
66007551
64751879
64664554
67967498
55882237
66017241
61507288
64126946
63783172
68155340
65567004
61884766
66405710
65509716
59319130
62697230
63459516
67019260
63256702
65040683
61771010
60636802
65833278
66479557
68479134
67495426
69124161
67379340
70007385
65985579
70347315
62831268
64851233
67067130
66218794
58699185
68465233
66410264
64745798
61848973
63966953
58194186
65445477
70668252
61960362
65678994
63041441
61370269
64649123
63339440
66803399
60838205
61716759
62957585
67160425
66510418
62455037
63095250
65381751
65498996
66808381
68924577
66068005
64577507
66013304
69948202
61260974
67149275
64514589
66966175
66015171
61194302
59105322
66879333
66385356
66781169
63747029
65379018
64233117
62502221
67484641
65711894
69432948
60683941
66364624
67808542
64062411
65697418
68217754
62656805
67422206
59407163
67936907
66510792
64050472
64334936
65076858
64502465
67184212
61823223
68709196
66987123
65830963
64054183
65757958
66862284
69089641
69672154
66416719
60421299
65084934
61096322
65692158
65760481
68053469
63574851
65979799
60958560
60041843
65172866
66637374
67232470
61675388
70821848
65102473
62995409
70452236
67499533
66196997
67344689
65778698
67289862
66217782
69065193
62015821
70853682
69483872
66692498
59604579
62900875
63655401
63108942
66842144
62385584
62208454
65265230
67382641
70534995
63908201
68378415
63680791
67874899
66200621
68217663
67726762
63506427
71137536
68308433
64414022
65459616
59984538
64474640
67233896
66990063
65551402
64665793
63422845
65306704
66405010
65332560
63505021
58902820
65829891
58154257
66510208
63701704
58939468
65120366
61196241
64034243
58831449
62811598
66537218
63993780
63477722
60308654
64164420
63741693
66641999
64437767
65189254
61555915
68765707
58737722
64705054
64703359
60358641
69488726
66738534
67258798
61648482
61747622
62801154
64322622
65977537
63549958
66776870
68479960
66187067
61101458
63944619
65868149
61913119
64158829
63745162
65545105
61741508
65417518
66015024
61883611
69190872
64311464
65982883
62853285
64986287
61878030
58316583
58073919
60089252
61859178
65745966
64482784
57603274
60002260
60419562
60781933
59773349
61879424
58702011
61736506
60250308
57059289
61500650
62889025
62801240
62612843
58703459
59589771
59307190
62527604
61543801
61243983
61372804
59643558
58595798
56627663
60856283
61424297
60116444
66176685
53990867
60285035
54848435
58620937
58141759
60408272
60596853
57836486
60440704
61518394
53473120
59356945
56696330
59452789
60107155
61996404
60251723
55256001
58419165
59486621
60649283
62536475
63232758
61194305
62549807
62099852
63961769
57632062
60806805
59936183
59623324
56377749
61660704
63711302
59975337
57651754
58859952
53778537
59524364
65133702
58190747
60560753
60723541
56690865
60262178
58841103
58917413
57183186
55634734
58266956
60862522
58442882
57690674
58177704
61566323
60505134
59866788
62780059
60198627
60815338
60808352
63170769
55943613
62240132
58640154
62267631
60904348
59875484
53185754
61967396
62728220
63064645
56571008
59500414
57886971
57700870
61857196
58628571
61258717
59230164
60823810
60923675
59615812
60122851
62334672
55717829
59524988
54298361
63348480
61286624
57940943
61501700
61238774
60908998
63558247
54331915
62917159
61118360
61283048
60369444
58692125
63274081
63542957
61171013
59273414
55815004
58634986
55693026
64757751
61066517
61391940
59922710
58606652
55377673
55096600
60321150
57693246
63456336
56227378
63984649
59564376
56756430
61815621
61242453
61870701
60182755
59918198
61150055
60088645
57708747
55398926
64925965
62898972
58961599
53289450
59567167
59670244
58995766
60216133
60350840
56873214
58866527
63573933
65298213
60543029
64367062
59594279
62793653
59835918
61693123
58904695
59104194
64185819
63632766
61034006
59819324
58378543
60454620
58977706
60495861
62466653
63060703
58608870
61269722
59388528
61408139
58335182
53238255
60976500
54591134
60218546
60123543
54779907
59342905
59734478
60974983
56039280
56706506
59992832
58260255
59313602
56164559
61636136
60726034
62090106
61793469
57145797
57959230
64447388
55301059
59242238
61032445
57572458
63218023
63799132
62485826
56605143
59373798
58955839
60427161
63308939
60805977
62096410
61219841
62449940
58399418
60789668
60829209
56069382
59559422
59725486
64941448
58941296
60753597
61664807
56384246
59695563
58122779
59874697
59144862
61576398
55661500
64037548
60191123
62995127
64454844
69473342
64758687
61113407
65412635
65596416
64439279
64648855
61323713
64028085
62081527
62613761
59995203
66900195
64616741
66939235
65348992
61729986
66386048
61406796
64359937
64580982
64087557
64786505
62420889
60468715
61626989
64615384
63651402
62549096
68449493
55597009
61831278
58957393
63116026
61461553
64427897
64725248
62101305
63727535
65644726
56108641
64643195
62422976
65426211
62683488
62488357
63744361
60259878
62462503
65813980
65630931
67046523
65682105
65843119
68091501
62424690
64461767
64892553
61388236
61727750
65424835
58911602
66117132
66285397
66475270
61771826
63749134
56698512
67362478
67601135
59645617
65614149
63417073
61234511
67637133
63947042
61995273
58729742
59948406
60974769
65473430
61363240
63420624
59471201
62190943
62985720
69448307
67789122
63477411
64744413
66773813
69240744
57294098
64944671
60403807
65486276
65634490
59856652
57536080
63089253
65233533
67409260
60390300
62487120
60597080
62165153
64632584
63804521
65415326
61595036
63092456
65381972
65171869
62094083
67559774
61091721
64556091
60565121
66678893
64335848
58369462
61752431
64380172
62170656
68263006
58238459
67343539
66369373
63789408
62279901
66148208
66792743
64944883
65985224
62070115
61076806
60771034
59036302
67275676
61675751
66063355
61575415
64575977
59267065
57378525
63630466
62671689
62316127
58208611
66039187
62296185
61400447
69160646
66753352
66192306
65843983
62882869
65093208
61831134
61085864
61789328
68403448
67973840
63274234
58908107
61383518
63379476
62333900
63402623
61140832
62517622
63508755
68632483
70968642
64026841
68518874
63981891
63886221
61080549
66446781
62353359
62985057
67404480
67826520
63499142
63933839
59739115
61702856
61938086
63586189
64965055
63518162
62264731
63604388
61604850
63453963
60078298
60158933
64355280
59045141
65151296
62617304
59086870
62220107
62290449
64644176
58515012
61629761
63947818
60488447
60505190
58790453
64658014
62208690
65343007
61126606
65132158
60098884
68315667
58903863
65065305
65203576
59851723
67079283
66492273
63900429
58235213
57518151
62698088
61886589
64112339
65063044
64958629
62048078
65307470
58941847
62894705
64229640
61263339
62929040
64306809
63677795
63094650
62599087
66582809
58777892
65839242
62904095
62285462
64032954
62930384
59099056
65109840
66499784
70726542
70140620
76066918
70772632
65817501
69132657
69000749
72953370
69467354
68042494
68250190
70773264
67521570
64671709
73073033
69215904
69223169
71876569
69110090
69985178
63818613
67179484
67558716
72079628
69631437
69749920
67242245
64030328
70488844
69226136
68059417
75782145
62922719
67706926
65457998
67492781
63921319
71682628
71299612
63413971
69626003
69592731
60446040
66481598
68664812
71549332
65526967
66282164
68323281
63582324
66941830
66520565
72004742
70059345
72954263
72322414
73613605
69307439
74844070
65967889
67043184
68587679
70609034
64788565
73486729
71605276
71197893
67684887
71516513
62696946
70963117
70267683
66318644
70019431
68010707
62633275
70684733
68302519
66940521
65672231
68602616
63706750
67795941
70382832
66365222
64466463
66743185
68742282
69949029
71135140
71920596
66039980
70861979
73552273
64197570
67369406
68873298
72009719
68970615
66135137
62141694
70618262
69712252
72286703
67200356
69916082
67588528
66850316
70661581
67678348
72919167
69592025
71183319
69556179
68790897
69682040
73146772
65772620
65213403
65175532
74830699
71075472
65725912
69686072
71325820
68148556
72920195
63520523
74446901
70787025
73109062
67336599
70703630
73716093
69107876
69010656
68968137
65524361
63219859
63045233
71350565
69046137
70752391
68217461
68593564
64273307
63795811
69555471
67780742
69986468
62506443
74714288
70007135
65978881
70681215
70907099
73320497
69510611
70519882
70812846
68048438
68236056
65966673
74690258
73267959
68438214
65737729
68962344
65673764
69626408
67825235
68407885
67304858
68376308
74572397
75679359
70379602
71805277
67604696
71236897
66193291
72389772
69239558
70722102
72898256
70584824
69448747
70590542
64582778
67610932
70386762
71101638
71845938
69116154
65192822
68631586
69114918
68287329
68313741
63448434
69149550
64079321
68516695
70962919
65651874
70360556
65389413
69320963
63012379
63709138
69239936
66691196
66913844
64894616
73565495
69977597
69390965
69109800
68963824
67904896
72986746
62938475
69842767
70673390
65595555
68982051
71514919
70317561
65123089
65417736
68715336
69177007
71017473
69350504
69905788
69081372
70493653
66676980
68468945
67251533
66120054
66942940
68628615
71195810
64700743
69636073
69192036
66481641
74447205
70027286
68320491
67179844
69317376
61318293
59817427
60675255
61325617
61047008
66524652
63744216
55810729
61251105
63722379
60191391
59134762
62135280
58238511
59519041
58502361
56368355
61479182
62935228
61708746
61591199
61140243
61572053
58501162
60566813
58793441
62826530
60814505
59990234
60598659
57607998
63184726
60081988
57919787
61840837
52513493
61089214
55731222
61546858
56377192
58557633
58433117
58527801
61060861
59081262
55955897
59615880
60896216
63801397
60787614
60933805
58613677
56304283
58136695
62274025
62133744
64735868
65952347
62936152
61579674
61655858
61034458
58647277
58521248
62354023
62348654
53715414
61396228
62576373
60657889
59947677
60590920
56588243
62142307
63150853
60833437
61310118
59840427
57823641
61642061
59978827
59083044
58916298
57803777
59682094
62497870
62548217
59684802
58674986
59095234
59792201
63297181
60391365
62200920
63431420
64014730
63950181
57451031
62581150
59534613
62600768
59971848
56371585
54893055
63595806
61475047
62795258
56948707
58337779
59351308
56849375
63985071
61139526
63627675
61143630
63821319
59093241
62371432
58279239
63201372
57862316
60430356
57760819
63128860
60794983
58376374
62456788
58523103
59627109
64230142
57961486
63776781
62709302
60883778
60853711
62754965
62596897
62592093
61897288
59731733
56437994
60590007
57880560
61884343
63278854
63560708
60692397
61089201
54963054
56412348
62156584
62065122
59921160
54512368
66062594
57762405
59478469
63666323
62413669
62831540
61151810
62351750
62287802
58720654
59106982
56641305
64325820
63404784
58825347
56432610
59221816
57611969
60427454
62325951
62333056
57379863
60671048
63183134
66206244
61698971
64372573
57577151
63170737
62252987
63020995
58466672
61547265
64382762
61049138
60148188
62300282
58483465
61678965
59935930
60202573
61972798
60580697
58439298
59116998
59738415
58782406
58821229
56049086
60695278
57371319
61940546
60263166
54923529
61124555
60454708
58463465
56565465
58079204
62780593
56734488
59310138
53935876
61968445
59627495
62324402
61394539
61340228
57668431
64322087
56723220
59675039
60994046
58194541
61350884
61367435
61123209
55272952
60516327
60325147
59588918
62216748
60190708
61062173
63079331
60950603
58166511
58310415
61420888
56893566
58479456
59782432
62111522
57974196
60394440
62637682
57755350
63569773
59181149
61751575
58207640
59285656
55968329
58024396
61331434
61690250
60423885
66399969
63901332
57721315
63717293
63476299
61265529
60993808
60654546
62406561
62653427
59730994
57473241
64902846
61647471
63594897
63224080
60859322
64326294
62989389
62687751
62168036
63149276
61752904
61808944
60037486
56651067
64005147
61409449
60835931
68199167
55519855
60208485
57033946
59447041
57629672
60360092
64205030
62181741
60963449
60134798
56471491
60843608
59465463
62699775
60501521
59387517
60067345
57822753
58682788
61744549
65940170
61970608
62915985
63922931
62432188
63447312
66843282
58961814
58603479
60466000
63963114
57535206
64173703
63841664
61428951
59508669
61845822
57258174
63247023
64680819
58265337
63365282
60499455
59145969
63977213
61007779
61127417
56834821
57650060
60607379
61528607
60956976
58555619
56810632
59303794
59953849
64338044
60862195
64442359
61650042
62889697
64616153
54664671
60670617
58648891
61314786
63156046
58194970
54442521
60792253
61985347
67880853
57558085
61126011
60298755
56318171
63767464
59049101
64346850
60447523
62104177
61815479
63213260
60917436
66318659
60412291
61167599
56455100
61258025
60070703
57909848
60725945
60595392
61739679
64039887
57921757
64376607
61481788
61283535
58536201
61905234
63266502
62846274
62317651
61953769
59613773
60055884
57913377
61921356
65012388
59356389
58731963
60509398
57095268
57244206
61250627
58363123
59821755
59070142
63179528
61637571
57137783
64047230
64051547
64318047
61175763
60036041
61787429
60198815
60087049
59904435
67332777
62634633
62261100
57140005
59491809
59146862
60080294
61406299
61354950
58634762
60803490
64070385
69280608
60872708
62211270
58972737
63913639
57639068
63041252
61066254
60286973
63936354
64124740
60561315
58204136
58920101
61702028
61206857
62191292
64867719
61012143
56574450
62204221
61112919
59332368
59082153
56808605
59426927
56101758
63400369
61220321
56438726
59869587
59503236
60090434
54563796
60112703
61775029
58641824
58990026
55261482
62386260
62802262
62702734
59288168
62128217
61699388
65087812
54811374
62188489
60671884
56467711
62165326
63132720
60213350
60049069
59410040
62582537
61127361
62702888
60995969
61047311
61204231
65395997
58241709
60621049
61244848
59802726
59230032
63527979
60821689
58313197
57253703
60564782
58613270
63723071
58757522
59874838
57710120
59204344
58174515
62844928
62914651
63709459
63242229
68541540
66583166
60050403
65910424
65978248
65818586
64227094
62527794
64503129
61532422
64231291
62632430
67999881
64139389
63777148
65068903
62015958
63101778
58402788
60881996
64008952
65548356
64407715
66472466
61245622
59249288
65690903
63994553
63597750
68279924
55226422
62591473
59986407
61807562
64289896
64632243
63067400
61494319
64349710
64197813
58958630
62782859
64414262
64637544
61140448
63965442
60766424
59650955
60773463
64670993
65619524
66572870
67037659
67095158
68110841
65196587
65967139
59054300
63854929
63324841
63437429
56480480
66487576
65416142
63979913
58326854
62975349
58425661
64664388
67881641
56825932
63575009
62902687
59261282
64312306
63254899
62807110
61426504
61472980
59709636
65669268
64001340
62666607
60251161
65310506
62499827
66820505
65123071
67265654
64647480
64109008
67974346
58839529
63619511
61230360
63335049
63450793
61162522
58055526
65247183
63256129
66120120
61764999
62146438
63318393
63493510
66836649
65584284
66506335
61002209
66719267
62759172
61968834
61239477
65430107
62423469
64706926
59734450
66141473
65753130
60129701
64731588
64603421
60227283
67194608
58160075
66641700
65584424
63907608
63241203
63247517
68297757
66397018
65600297
62685171
60941582
63045000
58724623
65849677
63844737
63235296
61461134
62911408
57873533
55145739
62903337
61610684
63584878
58447167
68533477
62688800
60565798
67625515
67889835
67401380
64479188
61649015
64298644
62346055
63091092
63305346
67482088
67166799
63583444
58101655
60533472
61129876
61635726
65119282
61791892
60816675
62561546
70556879
69924696
65924613
62648131
60572260
65473741
61123070
67644662
63776309
63152703
67028560
60491469
61496400
62457995
61886181
65138036
63444541
61318565
61149284
66010963
61968399
62310021
62367936
59530242
62805441
57327119
63270711
59784330
63576731
63574237
60826143
60928915
58322443
65532227
58767070
61896683
63058727
59860908
63788693
59039081
65014982
62853650
65972970
62261630
64902714
60352138
66840932
57543411
64934965
64391212
57367785
67815468
64383032
62646028
60893222
63190617
62686575
63824279
63282254
63643026
63773869
65792042
65836301
60160448
63851107
68413902
61112557
62338813
65709977
64745556
61029221
61966010
67519652
59972670
69073511
60658264
62467995
65673799
63412555
58325498
59369470
58603895
63246160
63744221
67972637
63084825
57352450
63934345
62429840
63284185
63397521
60758979
60966348
63913558
60377088
57033689
65402523
62645913
65628008
66066148
61066389
65320806
60116740
64151367
62839529
61960013
61315266
63083726
61226444
55797813
60667366
62453765
59900847
69094454
55589617
60062910
57007129
61529376
61347751
63186671
61507349
61268640
59573516
61924108
56604014
60416637
60722408
63627837
61150526
61109923
60599432
57448322
60256773
62549013
61975082
65588235
63219712
65400183
64553523
63765522
66074599
59579113
62619296
64067966
59412517
60211918
63363235
64310978
62681481
60638558
60850235
58610970
62090174
67394808
59066156
66916634
60987521
59635148
61743442
60715469
60471255
59576031
58928295
60287983
61405101
61848354
59037412
58219004
61186328
62717599
66828405
61748414
64134483
59893771
66113313
67857464
54724729
63008479
58972776
63657147
63259761
57208538
55705730
63848375
61150972
66531502
57128974
63160745
63104404
60983178
63848330
61031611
65173749
61850141
62958679
61520560
60201243
62659025
62133093
60238328
59987753
60510722
63462246
63000806
62022996
60865325
60456165
59387825
62477795
57831672
64518562
62449931
62287817
59857920
61923522
64143506
64326583
64508289
59553796
58737587
58846619
56506050
63853089
60732342
61902269
60223099
61062119
54010834
59083343
62125946
62856347
60870166
58143874
66079931
62303117
57031753
63599357
64983356
64596221
61460089
61137032
63832530
61106677
60051186
58872388
65746391
66557562
64907692
55061182
59969545
61585478
61655998
62847547
60293457
57703649
60811143
64161473
67955613
63120708
63886779
57045076
62331943
58926916
64624915
62651712
59628108
64238990
65321283
60717549
62771293
58958032
63418857
60881825
62096694
64838571
61112424
56514190
61672990
59110609
58443887
61692016
56068487
60350452
55567051
64106048
62511315
54727071
59634259
59056530
60120423
55315669
59861675
63056153
61538465
59564821
57432700
64106484
61775637
67583000
62666660
62795260
58146516
65147490
58307630
60777582
62010889
58571750
64671902
65152668
63421193
55714659
57884932
62531435
63459276
61001915
63344022
62510914
59983857
63842743
59198146
59438990
60913336
60757220
63672201
63553954
64410269
57162011
61762697
61345149
59047987
67567785
61263352
60217870
62164355
61114324
57673896
65173853
63823610
63598429
64718753
72278416
67710501
61045377
65578674
66704411
66808103
69727993
63245813
64098821
64374151
67128190
58270508
68629438
65534870
68154124
67080493
64597026
67453688
65479737
65949557
65886405
66632129
60982666
67211332
62984591
62124926
65751392
65428039
64505232
68403496
55785770
63270446
62539922
65055422
64073074
64866780
65345187
62273366
64133061
67036082
59050112
63915490
64632020
65631906
63033372
64141162
63136474
60586558
62291249
63636817
71569644
67311301
69229835
65516954
70060866
65169396
69350138
63929291
63629704
64914689
64739666
60744760
66489893
66797288
66849895
61706306
64989986
58544589
67650364
69145425
63255238
66763597
65570142
61353333
66180409
63078535
63609550
61208297
62616029
66676015
64432917
63781958
63542122
61280858
65146312
65580366
69983309
69152845
67749538
67198818
68127125
70682744
59270390
65916877
63662506
65278876
64273201
62373978
61058024
67449899
66187700
67911874
60452675
66296585
66315270
63681819
66698271
61186026
66611908
64092151
66493521
65380477
65105674
63312117
67171294
59886375
65594930
60233394
67929348
66531545
62913920
64448426
65798897
63361605
66599920
61377309
68537959
66257666
64698780
61683085
68890429
70224718
68331154
68727841
65666368
61592604
64344826
61820404
65333359
64447081
70347523
61787508
64083860
62134864
60849010
64037053
65971997
66384842
59461578
69392956
65725671
61953604
69325969
67810192
67910588
68840120
65281873
65532016
66526930
67658528
60702612
73478776
69344110
65407705
60018318
63189651
63183608
65689215
64374369
64610503
62266480
63544844
66862021
73409633
65706019
68508976
63492282
67453812
63484652
66521468
64572925
62343209
70399357
68243694
63792997
64440781
59807461
64498680
67181304
64070716
68848612
65037572
61138231
64124922
65334909
67115615
64289730
60555717
65320332
58381731
64899066
67031571
59762523
63823483
62207236
65391289
59717227
61883765
67013650
61641296
62889750
60542230
68175483
66262271
65819396
67292177
65224582
63803794
66291759
58415875
64894670
66195443
63799388
66868716
67763361
65666233
58522723
61286044
63283470
63622577
65327734
65966727
65556168
63762270
66140995
61648414
64815970
64700515
62763411
66441582
66668742
67568615
62227439
64192684
66912062
64150482
66309860
61746569
65504179
64198372
62673304
59908311
62844226
61006421
61573584
62694042
66973381
66638690
60067520
64715214
64058732
65353332
62909580
63051471
60579412
63633023
61676259
58817323
66773459
63747656
65305209
66589543
62848624
64534346
61662683
63781891
60745809
63933629
63806511
63878521
59462846
58260569
63796612
64495705
66306391
68005286
55577192
61344177
60931687
60802487
60599674
61822741
63259775
60979726
63095560
63573930
58112586
62362953
62150168
64004023
58917920
62879089
62988952
60463912
64385858
63109635
65364170
64678471
65597490
64660763
62968254
63972983
66261796
60401964
62223351
62083565
63310659
58404676
65162630
67122456
61510230
59221773
63846515
56523772
64652895
65030800
60319647
63054359
63355123
61760432
64262136
66312157
60393334
59911631
59467428
63149159
63057855
61473548
60677351
59004778
61853138
65898721
64583495
65010828
63976578
64242917
66256235
67879411
56367339
61781111
60749947
63615576
65160781
59954557
57326883
64819638
62273415
66037761
62956920
66060614
66415974
60206861
63895612
61565260
65038672
64690443
62284946
64321377
62621153
62810310
64731000
58771639
64564921
57073927
64053793
63605620
60158785
61454839
61501908
63460439
64976029
58784117
67263479
65449032
62712870
62502055
63632249
67588372
67298163
64279592
63230635
61442652
61270901
60503783
66250013
64833333
64169483
61965019
63478852
59528102
55443947
60936229
60577945
65152499
56240574
65590412
64169310
60685547
67299956
64228443
68052603
61650529
62147148
66017122
65565728
60311898
60400453
68643925
68681980
64599483
58069856
61683913
60329656
62149641
63392046
62577129
58319917
61469672
66838227
68192303
62527919
67494346
59510391
62218793
62359836
66220854
63326252
62786645
65955185
65135979
64017134
62572849
59588920
65048451
63382576
64090766
61844180
65269278
62483419
63246378
61940477
62229061
64559966
60271510
62451394
56910901
66347508
64142929
59375618
61404025
62011881
65528708
56627283
60821097
65828612
59525330
61209480
56648229
64578375
64286697
65646401
64620404
61293533
59284487
67889398
59223397
62696540
62834044
60750050
64372285
67043844
65792451
59300780
62621096
64486724
60608405
62510648
63105781
63676922
63547993
66735915
61487480
59829126
61793464
60583946
62182237
63705882
65106043
59224983
61773872
65435458
60585962
66459074
63007033
61828993
66190497
60266485
59399272
64848307
60874039
65775334
66848875
71284091
64326676
60576638
67327067
63848225
64661410
66916726
63375995
61038289
67012293
64201245
57837481
65670235
65977528
66600194
66080932
63164427
63379195
62202602
65625557
62172248
66625968
62566775
66840332
59954526
59345213
68655286
67784233
62696092
69557188
55621974
61730986
58345892
66938579
60089208
63529889
63944075
63727425
62563930
64753736
58218873
62089251
63675227
67111867
63705112
63876123
61985089
58289013
64049833
64391217
64340024
66939118
68306633
67188749
65549827
62716032
66307723
61351619
63269293
65683574
65495073
59917347
65528401
67679717
63658235
64142000
66795107
60711725
65074936
68771860
60577834
66895263
64266375
59330781
65411961
64586675
61109824
61061340
63638098
63187375
63839935
66410200
64381540
61258651
63414222
61864332
67981399
65863127
65564314
63638380
66866589
69034347
61076724
64407567
62662039
67770667
66423008
59938294
59125871
66220006
62223545
68189554
60389062
63326123
62842258
61400123
66886531
62767424
65437535
64689736
64629649
65023991
64807572
63582390
68571355
61037721
62030292
57877399
66092692
64529300
61477268
63787756
63176599
65543724
66107518
59527135
68071566
65311569
66253781
62620849
65491572
68231361
65561412
67092427
60689241
60667625
63400974
60072075
66446061
66208892
65845098
61342745
64593387
59281583
58071442
62810002
63764228
63936353
60459543
67722294
64296355
61835379
66414021
65144170
67562026
65256490
64884629
65141945
65106886
63121320
62723102
69114067
66966209
63924901
59439466
64158008
65863167
64615366
63808650
63509171
60551284
63024603
66841438
70779263
66003977
69988396
59470924
67331927
65206355
67241966
65723225
65127360
64889432
65892260
64883243
65599348
60954497
61591275
63801334
62405183
67960113
65237044
58702014
65673646
66425415
62121573
62575106
59420331
65157717
59791285
66309030
66631777
58404775
62989707
64600314
63540089
61574279
61346840
67077417
62620259
64090801
62240739
65840222
63688668
68522374
65694762
64909471
61344602
69086809
60646874
65259468
64027779
60267790
69201024
66484894
64117937
58880337
63087992
64025190
67983788
62757538
62835395
69904929
64356011
66763992
60640028
65082209
64368615
62242477
61865167
64351494
65752165
61350860
62853293
66415876
63405053
65075872
62749706
64456780
63124126
63106769
59521048
61557581
62094228
61089025
65518772
69893810
64392362
61956923
64746702
65155034
65521998
65196943
62163015
65817431
62998171
61211817
59468092
64916567
63266269
64648227
66902802
62237461
62076983
61409829
64289607
61870197
66670526
62442407
64398379
59297899
59460099
62126147
62552480
63393731
67540236
59256039
62941674
58050608
59878413
63650776
62501855
62658586
61945424
62647264
63208006
56691551
62387859
61011163
68534576
61748115
63484033
64505960
58120994
64358056
64176151
64374810
65264985
68537126
65194260
67089217
63060284
67327497
59276231
60227896
67607621
63653176
59595942
64217648
65186656
65054472
60224118
61952821
58628763
66417792
68034533
59372994
67788426
61857323
59676483
64700998
65296433
61929550
60947030
60798037
60554795
62707561
63717753
62869149
61305575
62416596
65241382
66194956
65634158
65250681
60933465
65075541
67797610
59082075
62532155
61403012
66907198
64609581
60110042
58694269
64096433
65922023
67109521
60825908
64885379
60914026
61286729
65879558
63543040
65108769
58026485
64447691
65225301
62633044
64113203
68234489
62799426
64618344
60135968
67246209
64704701
63201983
61637631
61372648
64688875
65523725
57199399
67622501
60100843
64732699
64089285
66706350
67045729
64928660
65620756
63628810
61747965
60985540
59148969
67235699
62690756
63150389
62809263
65107932
59395416
58169294
60789039
62260506
62342724
57164050
68874065
62039254
58761046
67534751
67955962
64981435
63603990
64578483
66204461
63782955
63270520
62164589
68627276
67101051
64456232
57878578
61452553
62489987
61771140
63282691
61760141
61965269
63267994
68238498
67761445
63582595
66689331
61810065
62874303
62444183
65677749
63726201
59448274
69658760
66810656
61966712
64292133
59804587
62659355
63223702
66810078
64761595
61969330
60625325
64765447
61541651
62932499
60258452
58252714
63571064
58971718
61773136
65179247
59316192
63353880
61681838
64138981
57300208
60944444
65169224
59208706
61522924
58765713
64283642
61440425
64153323
64229961
61563543
61091022
67895139
58607559
64709655
65974685
57643887
65243986
66213286
64728496
58526462
56713177
62444020
63942365
64982323
61436125
67238321
62473505
66167307
60515742
61936376
62250034
60354355
61737987
63384192
68022820
59200198
63592537
62804202
61126926
67605258
59449719
63486808
62031336
60353918
58847229
66947317
67054129
68360181
66480904
75091859
70910905
65788912
68286050
66637061
67119764
68152869
66427127
67531772
69361023
66532062
65371789
68695887
71894478
68928514
70240822
66500273
68114763
63803090
67035398
67653156
70762383
66696696
68486986
65835281
62171052
67352442
65734731
65333095
71705786
57637583
67168014
63251867
65016887
65129269
67009426
68153788
65208187
69265726
67594071
62331783
65590946
65280815
71510633
67240114
65622461
66029450
64306359
64891239
67278760
71954747
68666991
71001847
68611808
69743602
66538279
71849668
63345945
66240110
66123308
66554518
60380793
70852903
68578255
68429627
64735497
68089175
62502841
71457883
69609345
62614833
70266392
65288665
61455351
68924590
67350051
65443144
63097359
65408364
69347049
65146939
68427486
65011632
65853461
67349889
67747148
69878659
71596410
67735003
68436249
68062100
74085799
61641164
68345940
65675207
69732483
68429161
64344462
63056786
67929735
66918639
70682989
63361496
66539281
67638126
69688135
70858894
66684279
70003904
65817082
67880967
69017346
67444333
63432389
70627595
65808786
66097159
61144126
68665578
68474074
63501940
68574598
69770780
66413194
69383415
61865200
71559338
69186696
67607778
68995445
70323486
73396880
71278844
71430374
65327988
64382643
65205920
63066676
70195173
70048780
69974197
64517544
69611942
61546040
63139667
66574745
66085392
66034134
62343183
72304692
67661830
65333952
72039547
70039644
70364504
69318518
68648530
68062345
67977658
68229775
62062586
72791291
69112242
69188932
61352137
65523516
66821077
67230568
67943059
66949957
63944363
64465284
71572570
73640355
68408241
69606631
66169627
68244163
68505352
74337044
67839753
64797948
71519249
70296182
68280302
68092273
63901185
65037801
69165875
66259305
69902796
66676432
61348619
68747325
67184915
67175703
65955428
59937799
68799761
63613368
68286576
67864002
62412615
67202570
62311186
71575476
63159062
63419936
69469413
63971969
68067470
63117826
70429409
67703180
71930591
69567641
68251905
65054903
70758391
62225320
69240270
67108011
63209355
71324175
68335051
67109371
61852558
62794945
69085306
69041358
67584244
67124293
68239543
68849245
69533878
62981354
64404173
66490806
64898210
66440205
68363049
67124320
62794791
65912243
66099110
65728683
72981234
62630722
67251917
65730406
65471516
59009260
60908064
56690137
62113120
59906318
69997976
64266455
56891373
64156352
62174159
62357505
63855765
59158686
61831217
61277420
60175874
56641281
63557988
61656968
63775964
62042926
60857636
63740139
60117777
61710959
62342533
62634281
59546371
62033615
58805998
57214868
62117894
62343544
58762807
64926827
52226914
59153069
57144473
62010924
58357593
59197512
61712230
59751063
61493981
62160891
55773937
58065782
59673793
62384951
61001913
58725540
58556410
55734305
59558327
58822911
65050986
62190987
64115708
61742723
63900560
62768342
64464763
57576647
59771102
63291209
59905458
56810942
63506654
59251413
59348603
60341902
60061400
55613398
66316194
64460036
58409438
62498214
58620467
56658282
63275620
60670708
59205343
57374153
60636386
60817719
59935110
61582296
60924066
58537371
60023050
63748514
66706712
62459000
59760111
61034882
62321769
66779505
57561042
60027099
61479061
61424206
60210641
57485311
57431957
61425662
62600996
64405454
57708975
59860668
62705215
59470087
62821380
59152406
62615535
58134795
64531529
61405098
62099913
58894307
65941655
60149173
60674484
55334981
63099102
59991016
60704225
61274533
60753568
62114037
61763055
56650937
66306485
62378811
60592949
59488354
64200681
65371713
63890324
65814836
60460132
60569071
60300183
55817040
64440014
63074373
62575080
58624925
60061080
58276907
57640895
60704830
59915181
60908841
56129581
63480310
58551842
57508522
64095668
63469036
63484305
62839777
62252774
63808557
59731341
62795925
61286950
66050511
66622220
62905672
57941603
57991924
61682354
60009667
60161004
59945394
59742248
61373747
64945592
68804241
63075392
62817527
59434565
64019310
60974007
64268538
62117273
59913595
62783448
62371027
61179214
60505160
58652572
61212590
60089430
60209111
65265018
59811894
57868327
61325884
62870052
59604276
60443883
56235153
61024980
55994956
63755861
60917947
57412281
60549359
55599633
60169311
59022813
57661799
61106340
60340144
61518300
56662909
63911701
61564526
65419308
62601218
61861838
59632906
62868848
56912503
62137670
62290629
58028188
64717757
62090521
61475632
56661491
60205464
61250518
60500149
61346960
61199998
61873743
61200805
62592199
57522525
58394278
60062989
58787993
56805929
61226339
62553815
56583703
59165063
62196454
61050535
62667713
58548042
62125007
56896150
60719347
59175726
60006263
57299489
57232432
59241933
65031119
60959212
54814634
60646343
62605871
61185479
59757488
59439401
57127465
59072556
58184501
55078799
63533269
58079172
61942025
60256924
59735201
59576695
55690600
60717619
58629128
60540058
59284833
60348392
56313496
55201866
61445411
59655172
58097161
62326966
52115458
58956668
54373659
59973684
56010203
58556575
57354218
59866156
58160210
59874675
55903605
57349932
57530734
61143251
56630461
59894504
58878362
51574155
58603382
57202804
58613200
59733474
63011277
60883942
61405400
59436093
62647458
57386693
58107052
58673971
59792005
54689134
60499968
62950716
59554247
54537087
59182705
55132736
58748193
62447882
58465716
57937529
61123901
52930363
59095614
58651600
55244530
55932124
57925936
56824227
61652983
60104222
55614861
56792301
57775247
58806185
61898112
58536175
60000156
59654853
63722780
63663391
55560318
57726387
55051188
60836255
59029637
53055344
53067270
59599726
58241288
63563747
58169072
59207347
59179615
57342298
61218568
56833698
59396943
60309178
61223292
59360522
60818951
59310541
61925775
58635173
59533990
54066899
59640783
59510920
57822340
57147015
60279553
58860487
61293019
58216072
62435565
60404101
58579087
60549286
61703718
64342018
62208327
57889215
57411578
56807260
59702335
56010572
62563962
60837848
63008700
57300950
60655762
55926440
57422563
59163118
58101697
59348284
55515169
62154450
56448031
54967266
60679009
62276146
62307516
59190609
56849163
60206316
58856998
58504721
59508830
64199619
59936156
59672533
56158217
57170136
58589776
58596793
58737920
58492014
58148517
57800181
62094500
65818445
61693156
62540086
55290657
62591200
59175984
60978518
59025242
63435762
59105211
59568506
58413382
60624098
54008593
58692502
58788140
58624447
61670140
56946067
56940558
61100708
60120254
56599927
59651537
56059563
55050502
53386822
61549850
58051544
53041297
57645349
58567870
58880731
55088680
57561509
60265477
56485472
57419675
53011084
58199809
59347167
62163855
58044614
59269928
54925720
63377189
55388162
56925668
59511139
58135231
63659702
61822238
60913269
56953453
58137527
58691302
55256893
62357791
57749472
59293391
57517763
58269924
55039590
55490132
58365507
58653356
58413084
60591149
60499499
57544847
58306349
61360461
57020461
64155237
57375077
57963135
56998891
58208015
55986296
61020394
61838778
61642395
63624774
66169264
62871607
59665326
65663029
64822719
62569409
63166435
60097071
61162191
63959296
59378900
57779619
66063419
63397216
64051900
63502711
61110846
61100741
63377269
61642487
60728176
63859750
61328119
63529598
60531274
59036027
62918230
61762403
61973650
66437434
56355432
61662322
58410605
64753882
59601780
64815222
62818134
60944040
61962792
61716401
55867793
61192148
61435269
63856164
59439377
60018045
60070823
58677647
58966800
62145214
64740974
66244923
63714096
64446336
65079411
62554947
65395232
61252735
59589644
63189097
62603103
56228480
65470958
64150700
61625940
57121231
62989077
56980532
62153396
64980783
57859351
64611697
59910441
57229701
62071449
63348268
58723448
60214642
58049449
59344254
60775455
62655739
58452463
58877121
60323937
61980793
65314947
64247160
65667509
63778408
62164411
65846894
56295667
60950129
61442936
64777960
61849395
60033841
57326085
62931506
63210061
66558968
61312147
60825162
64115120
59597127
63032322
60004579
62881005
61307814
63304947
63009605
61695425
61522778
65209475
57938028
60575530
58245402
64821977
62799518
59650991
63747314
62601810
61816239
65424522
56994321
64336420
61703478
63437739
59800896
61649279
66040922
65060737
63109292
63579527
59695925
61712563
56458088
61986108
62268654
61834111
61814233
63986798
58739156
59443199
57837643
58902121
62454958
57328599
66643847
58981948
56735414
67137206
63979000
64912415
62194771
64070373
63384865
61434473
59676612
62645605
67382881
66035249
61658710
58618164
57763135
61498412
61481888
60919536
60892642
59465909
62019752
65373497
66771618
61797707
62049568
58896500
62562722
61143851
64190855
61834431
61232400
65729571
63286808
62185821
64703207
58165640
60287480
60894479
63058440
62952249
63917241
59111048
62201717
59063728
60843626
63313316
57252979
60673488
57218076
62037176
62603670
56728228
56774692
56745808
60959741
59295519
59573158
61305249
60978474
58334566
54560584
62642413
62583985
65853837
62972722
60397196
60003559
64285118
56223513
60380305
62168441
57034751
64933487
64246843
64870006
58112676
59130811
60603767
61978199
61859044
64642805
61161556
61133370
62259224
58677451
60310491
63516868
58936816
60235995
60241652
66358260
61707651
60474604
65398008
62290574
65984386
59576028
62655567
62862305
63686844
56771175
63630604
63060488
64799679
67362417
70940078
67340873
63680777
66909495
63741935
65230139
65829531
62287303
65233372
64711633
66357434
63045621
66033392
65254413
66593372
67445354
64590503
66133985
62772286
66768600
63003915
64726840
63669099
64106185
62097776
58758036
64661238
64472706
64011880
70986867
57836693
62727763
58811184
62901194
58875666
65385080
63881110
65147000
62530226
65823934
60574421
65118907
62849033
65849064
64297127
64454694
62915440
64247479
61653645
64681256
64524357
67463673
64995543
69377167
66424546
66240457
70483947
58582041
61259926
65714291
62392734
57000767
68140633
69380472
63830317
64571934
65771010
59981510
65729940
67146288
60380284
65108480
63976395
60040412
64443883
63668105
61264550
60022640
60132101
63551508
65664523
65513026
62922781
60287427
67459090
65320564
67184326
67034428
64395491
65375360
68366134
69177247
63285884
66134530
62108041
66098095
66042739
61122664
59072836
68390996
63609157
67463380
60988898
65243236
64798173
61470252
66155128
63096873
63136427
62705691
63746348
66052013
67618329
65245499
68634864
61521155
65406726
61420899
67512191
62456041
63650655
64867100
66303482
64605455
66622150
61315141
67896482
65816264
66676391
61830828
64874714
68568161
67553116
66293132
64324001
61908532
61364487
58623616
68470157
66027687
66837494
63053172
68055787
60507446
58146321
63774323
62820990
63978023
59463772
68867199
64609801
63209057
66787279
68111876
66777054
65319104
65173548
65576813
65432082
65382186
61384732
70475723
68034267
63418728
61179670
65836971
64610818
65956803
66136147
66152489
61197914
64014332
67931941
70506377
64943928
66975323
60594507
68370448
61866370
65785144
64076162
64117339
67628370
65200258
64007745
64577849
60897389
60823927
64938133
65316729
66958650
65351331
63815882
65564273
65929580
64749211
64428053
60160014
63663987
58230274
63357944
63723986
59253291
65314870
60874627
63069995
62203555
62284084
65706285
61645865
62248317
57819645
67475655
64880359
67450255
65943597
66950071
59399409
71091073
60057401
68745623
66337421
59576798
67493989
66761864
66355895
63453500
61150185
63175520
63796915
66049658
62765075
62599196
68386764
67952458
62475681
66589425
64081567
62849557
63501143
66477953
65331258
61162776
63009782
66108626
63547166
66973679
61441857
63556554
65221262
63828084
58961966
63860551
60878270
66382413
66340751
70630901
66490604
62615203
64290728
64593533
62297400
64259634
63000595
64936841
66155033
64974138
60889228
68108578
67608785
65653515
66331342
66312898
62467200
63434717
65761830
65687865
69382936
64692277
65146062
61879323
60604137
64411274
65820195
61126668
72030481
56381987
64269920
58775468
65279186
60666194
65054233
63947308
65437041
64173079
62798020
57073128
63760453
65260625
67831175
63135596
63740478
61614990
59988025
61741712
64342974
67401526
67856501
68583737
67328858
67384102
66706827
68851421
60281410
63260949
67133500
64718569
58005345
65691738
66285643
64325452
60823848
66026298
61360803
65417177
69299073
61545353
67839779
62698331
61346287
65109886
63886845
61988210
59848299
61500105
63113078
66220410
65703305
62579811
62024173
63510900
62602697
66789174
65192866
62497006
60881636
67559144
71013708
60027698
63283048
62888086
65256101
65041312
60325432
61464347
64767686
63548408
68408953
58589215
64952147
61315143
60726225
66872406
65204193
66655715
65154662
66188391
68575415
65797846
61142652
67583573
63700474
63371472
57553692
64887079
65397281
63460533
65978568
62262641
62413604
65992878
59888401
66292711
64499230
66231239
65434221
68063055
70057926
66284734
65019180
65434879
61403776
62534629
59633369
68664487
67919547
66232287
63394540
65770975
60757387
58156397
62480888
62747406
63537460
60155259
68716718
64089916
60324979
67184400
64921038
64459523
65610940
66656915
63722183
64561867
64672977
59750195
67140915
66245831
63629551
57674096
64738019
64552182
63807559
62662250
66764476
58891989
61805056
69001342
70219528
63790222
67036187
61682533
66637192
65156133
68796935
64869987
64274513
67981327
67249952
63767796
66857002
59115685
62194787
64134513
65600857
68621879
64698931
60437839
66492947
61844751
63122745
63237916
59010180
65595356
58974671
63680634
64689520
59623935
63828735
63214235
65196511
58618996
61056227
65475933
61573315
61648204
61481980
67815912
63903307
67771628
67197181
63628739
62166336
69542216
57067901
64859089
64180037
60914636
67272530
68635238
65141573
59604390
61659485
65060176
64093605
64853762
63521954
66531618
65963525
65216844
60268194
65592962
65565839
61815986
61072469
63258954
65539172
61247757
62780137
66087128
60717121
68195953
61763676
64327626
64229879
66205579
59084982
64412061
59345105
64150770
63234705
67985403
63509446
59340087
64353791
65485170
64059082
62755034
62121414
62985254
63871787
61002768
58924354
66347783
61889817
65203762
64052424
63775692
63309317
60063205
63504207
62049714
65180715
63222233
64980376
59320737
58335528
62562308
64387221
61069037
69506923
56637021
61981216
57113673
62035222
58210763
60923919
63541823
61532146
61224581
62165596
57903423
60619582
61883331
64745407
61067815
62329010
61258914
59176265
63161976
65411004
63787176
67314094
65750957
65556851
66169981
65680549
63335805
59768922
62320638
62001970
64520070
59089937
65931362
66554102
62257482
59982342
63410313
58312848
64761131
65194421
58425428
63690588
61643152
60479385
66120661
59543379
60053218
61533951
61076723
61236629
62423619
61261158
60663255
58504042
62392960
63052945
68216710
63639550
63138456
63308281
63006353
64585162
57524693
64646362
59447803
64850885
64824849
58249457
56261537
63555121
62689293
67272466
58419392
62371859
63274694
58627118
64351307
64275612
63726796
62858873
62531475
63616968
62101886
61073218
65618385
58276098
64193638
60711042
61922171
62663081
61240856
61845731
62973118
62021389
64925269
57088100
64565956
65377863
63404954
63304256
62340510
67187643
66924241
62192560
59808839
59950035
61336268
57688743
62074681
65272887
64692811
63727370
62008107
60603298
57930461
61241357
62085668
61314805
57344798
66925032
62844163
59508018
67066496
64548265
66262181
64248371
62369051
64613762
62522508
60714879
60014042
66891517
69735634
63790646
58095852
59158691
62574654
62559089
62942278
61085636
58081850
61372586
65901428
67352591
65318236
63842507
59426046
64773154
59185226
65968507
62215122
63447810
65522623
65740921
61177702
62135818
61257153
62317823
60146074
64281319
64722791
62083698
59021089
61612666
61039297
58534079
62672821
56904032
63218014
56941727
63857478
63123557
58796892
58345492
59976812
64344677
60670349
61504045
65659188
60526032
60010721
57514003
62238340
60274090
66760724
62484368
62063505
60310658
67809419
58336606
60230349
65691166
57552496
65605541
65751689
63416429
59656408
58792781
62932923
63299445
63343302
62829774
62744212
61275746
64134277
58818776
60646046
62904402
62411430
62654064
62410435
63034572
58277686
62286189
65860367
60305074
67216887
59455100
62405902
63921133
64109889
53616216
66890769
68991898
69324739
67755660
73058428
69612048
64183409
68638329
70813035
69428869
69565115
67012929
67708967
68377782
67017795
64082178
71245982
69544734
70033764
68552758
68208317
68581427
64632965
67164975
67392571
70428229
68363606
68448438
66323749
62666347
67420649
68245658
67039776
73794816
61566049
65872287
65032983
66777424
66323834
72180125
68238893
65378995
68447440
66915724
63701115
67128969
66403536
69238140
66495779
66595564
65197962
63957002
63758454
64832253
70256770
70007785
72107028
71559359
70055621
69505754
72049784
66217859
65367485
69341209
66343639
59484436
67875812
69845644
67641173
62787992
66298935
63239169
68229329
70839540
66064938
68335776
65881203
64681134
68983332
65232254
67744055
63536981
63012112
65621536
67296339
69232341
64813986
63561035
66630579
67045759
69234178
68125248
69982490
68457976
69059996
71742772
62990132
68974785
63887363
67179762
67499433
63072069
63052578
69661943
69492997
69887545
64350253
68507786
66824786
66125085
68717954
65384231
71967550
67381815
69651991
68725379
67983430
67725979
70323698
67529999
66858707
65202228
69858543
67044095
65001626
66562885
69300009
66956921
71013988
61786591
70415001
69043082
68313444
68160299
68369803
71333037
70237072
70189059
67579222
63130093
66557118
62076492
68535450
69279945
70452118
67936483
69935690
63281081
63716890
66480988
66189358
66787047
60802412
71474680
66963468
65048807
71332795
71055940
70201028
69812070
65689652
68668948
66509838
67676874
66367872
74245606
70689129
69052143
64678402
65977799
67028629
67895000
67645436
68980391
64753657
68348160
72860497
75287087
68848333
68637177
63687013
68111202
66025324
71822310
70458794
66020500
72185039
69373672
65124842
68967443
63272940
66505309
68120043
69257633
71124750
68139593
64302668
68226868
64066575
65204982
65551253
62823777
67982684
64104189
69379563
68516848
62416012
66549213
64737966
67556857
62243466
65547231
70364439
67166407
65320736
59992045
68301261
68383841
70720072
70188522
66686422
61843009
72893183
60791263
66813414
67179721
65773332
70419878
72295508
70405604
63619735
66056144
66820966
67738746
68948500
67253377
67616666
69373813
68863406
63830436
66135544
69061392
67468540
67662446
70080925
71132240
63352150
67532582
68081915
67335386
73730584
66428665
67482283
64007218
65770476
64031189
65829900
62314771
65858862
67019428
70070725
68351431
62030067
68060176
66827809
67429780
63776738
64322544
66274224
66689920
67133115
60325555
68132160
64251089
67790778
71410568
64609530
65633860
66592325
65506415
62714090
67821957
65188698
68438716
63669979
61670134
65190569
66786598
67439048
71595565
57459141
66585813
60183327
66586561
61829867
68473156
67814613
64423660
64897780
67590662
60048712
64934233
64431232
67446663
64469285
66901301
63177924
63093031
63008968
66306586
68255161
68146165
68021232
68725623
69133129
67603477
67555366
60503400
63726380
68191114
65266699
63594271
70728322
67713625
63944917
63896921
68507194
62039251
67861133
68146014
63282568
67330273
63698909
61096860
65156441
64560857
62672305
63663155
62043978
64826527
65685701
66142621
65110536
60568677
65229890
67539918
69253800
67151695
67558015
65057496
67215956
70514395
61482637
67380045
64368190
66755379
67503471
62004303
60014860
67532278
65346803
68432418
63446424
65383987
70839815
63869735
69644874
62097071
66951487
64723523
66848105
67076758
66311844
65981109
67856063
62153323
63603591
61742633
67481883
66067045
63934004
62236537
66251479
64495850
67781099
62982407
69088165
67745570
67494777
61221017
65414476
68257795
66672621
66598289
67865059
63039374
62846892
63072961
65228797
66605795
69183570
67143306
67543992
61070573
61676124
67284799
63953735
65767396
59015486
72490977
67128486
61671578
71315311
69710505
70575157
66248375
65730410
65232774
66231821
67136966
61557708
69835580
68825585
66345665
59852697
65693161
63217673
65396804
68375927
64513482
62180961
65651016
67664347
70362800
64380532
64287001
59941154
66145659
65269293
67588692
63534346
65959482
67911247
67240423
66952361
63479196
61341410
62860401
67363879
66633647
67142919
62935898
61004360
66513868
65354937
65041603
62194032
60723110
64316091
59383403
65485943
65392311
59862138
63943313
61552111
63090185
59774298
59883092
66180789
61401277
66222538
58353766
65809081
63611760
67130934
64260367
69119843
64436238
70270391
60641612
66022913
66750608
60916626
69464283
68007111
67102278
62048351
62324729
66536581
66529427
66923537
64607526
67824360
65795852
68996514
62197467
66838894
66515339
63982020
67457953
66536095
66496473
63247763
64479003
66631723
66662090
66027166
62691767
66010760
66038848
64711000
60473855
64840323
64684968
67409538
66250025
76093308
66867448
62259780
67348806
66476315
65280898
65738336
63026608
65437064
68037742
64644120
61332857
66637365
65373301
67631861
68954906
64960089
66960237
64300447
64937878
66831117
66707895
65546923
69762483
63196408
64435591
66195757
67743958
64065598
70112369
58537386
64692216
62540783
67905387
63252867
66026792
66897987
64437526
65690919
65629558
59327770
63599507
64389922
69368164
63994451
65810509
64291508
60323481
66632467
65360596
71307803
67313334
70691038
65732337
70572555
64447388
70507113
64589751
64278525
67870907
65086437
61185798
65334802
68849649
68327782
63614439
66539035
61353447
69305584
72447144
64664556
68953517
63241267
62930137
66462531
68267596
64427923
60106335
62785827
62069873
67380053
67435538
61863544
63474331
64928114
64140952
70012922
68952485
66613106
66148834
68068120
70635084
60455222
63385480
64788968
67090974
66433999
61877814
60600506
69034114
65257055
72499661
64896713
65346158
65902447
63533341
68856753
64172457
67426928
65663406
69349853
66283989
63684670
65094946
70231409
63572363
62341764
61877892
69704850
67776187
63707924
66120667
64366144
67688405
66703500
63292460
71499738
65323770
65610994
63022941
67935715
71340639
65782428
68295498
64249816
63121945
62944799
62375888
68912653
69650287
65187026
64196174
66590306
60638657
62939066
63864577
63748659
67998699
59661525
71103713
66665321
59145635
70377923
67867560
69506165
67680061
64682097
67141595
64844805
64272073
66119401
70855273
69331256
69436586
59044882
63747350
65245824
63220835
66633074
65483810
62801861
66259831
68630586
73437892
65174050
71337690
61603458
67569541
64268937
68758588
67488793
65265189
70613315
67055781
66200741
68066234
61688883
66690683
63939219
66491528
68284690
65150664
60943327
67317363
66994294
64529386
64498580
60405747
68493494
61477023
66767831
67360999
61242594
63744990
65109177
68711262
58576522
64312831
68717301
63366450
63881307
61881731
67835911
66266958
68242746
64942700
65767791
62401424
70844845
63021794
66608491
65889631
62199171
69840699
68293862
67225953
60624589
64371218
65110121
65737072
64678854
66653544
68471826
65952962
68356031
63210545
66241310
65861632
63368095
62177596
67325507
67697337
64893134
63635598
65751948
62998816
69568664
61183898
66717226
65913859
66240148
61444700
64467266
64358130
67984826
66459755
74275676
66932870
65869497
67932848
66254368
65689383
66902330
65306051
65469284
66050206
64129576
63738636
69187064
66554332
67966484
68109058
64021893
64970383
66094082
66267740
65840563
67318952
65972884
67896264
64296063
60685261
67187175
68437556
65353172
72400617
57655201
63520400
64870940
67478449
61469575
67345932
66039070
63813472
63629945
66573250
59665822
64289998
67399471
69197131
65962628
63912059
63172409
61593435
64615192
66155859
70163018
66638840
69474480
66697040
68875842
66012181
71783108
62190424
63816902
68379008
64322594
61198003
68822434
67891569
65785657
62183878
67181845
61365329
67386538
68471018
62169312
65934219
64571454
63012226
66109144
68954020
64599216
60072542
64810677
61780155
65849747
68247166
60491710
64233326
64778431
68486513
67758855
69168017
67222917
66773087
68596054
71969730
63076205
63661452
65407438
66193582
68733612
61126416
61444123
66510014
66708190
68644856
65360095
66406707
67205838
61162140
69885537
64938184
66527047
66122111
67482844
65520625
64513572
65373829
67759235
65470442
65176454
60514161
67731164
66967022
65778190
64931751
66471994
66735048
67168065
62085842
72074763
69066128
68393516
62955383
66007002
70474509
68110173
67556693
66037511
63173366
64297952
60704150
68048215
68694303
67204489
64949360
68150668
58437619
63068588
65254971
64875325
65427380
58674775
70943453
64336561
62722674
69103553
70106020
69075974
65707894
67349387
65558090
66475567
64228715
67210545
72714839
71732631
69540300
62708848
67994192
62841263
65942874
65568040
64024073
65751203
64847085
69210200
71188189
65546691
69293101
63345012
68499199
65231180
71277156
67018444
66021972
70450813
66766262
65569617
66673263
64147778
66353619
65520380
66074178
68403138
63713343
60931385
66841312
67885038
64592638
66611767
63901748
66642124
60119553
69073686
67378739
61585407
65468936
64600397
66555472
61688760
62643366
70220718
67041449
64741200
60844238
69602412
67557472
68730343
68792640
67974832
61650297
69754002
59106265
68586514
66210285
63845312
66148296
66603229
69511994
63173793
64562170
63743129
64941703
67859943
68930573
68067509
66659562
67484881
62984581
63012805
68167490
62681761
63786092
66075789
65201859
60633328
62659086
68191813
63595057
68710965
65386508
65987246
61689168
64751093
63128199
56723333
54287903
58955346
57794564
62370374
59165814
53638052
56985896
57391234
59166099
58945561
56594496
56791446
57022936
57502838
50822123
57893497
57356747
60402264
60248318
57283104
60645705
57368877
59775713
54764048
60202537
56688024
60066056
54621676
55966100
58996215
55115758
57549993
60787391
49069065
54732008
53593366
57146882
52671632
56919918
56947712
56523513
56357371
56991797
52296106
54894346
57389444
59632510
58120745
59227052
58192328
54578601
56145576
58218001
55358464
59266122
60475358
60032841
58808034
56712806
59210492
53321903
55459220
59501106
58478209
52061738
58302042
59948312
59976772
53967718
56642658
50914269
57489316
61440397
54104534
57917812
53733627
54310228
57050907
57285716
55515484
52232231
55740534
56786084
57247383
58622854
54775829
54982429
57769351
57241039
59863584
61038143
58668335
59312443
59942560
61472807
53965733
59121068
53954538
56606612
60006540
52999423
53395666
57321473
59076045
61523759
54155455
57358718
57381742
53400211
59873362
55837149
57628062
55684897
61415762
58474260
58272976
55679846
58731938
52818834
56949434
50642136
59492556
58325981
54474750
57283929
57586473
58623967
59920878
51380051
60411191
59059487
58324535
56027661
60720697
60658619
58877695
62677006
57240025
55089109
55865644
54188395
59916541
59109411
58480741
56133902
57087221
53294809
56415405
57345819
57437107
55842937
52409165
61918649
55703263
54735462
60399387
60158303
58109548
59616261
55702007
58196886
58048141
58570394
54668885
63719928
58762850
59154775
52771134
57451351
58618671
57461614
57963318
56177184
55575718
58167032
61216385
63334332
58111900
59573192
53076379
60032648
58880040
58967279
56784224
55687683
59532802
60380492
57584688
58263321
55108372
57363573
55833351
57373204
58146958
58716984
54310452
58260134
58292102
56632679
55428838
51914846
58211980
52495104
57965978
56843536
52208604
56070742
56648712
56974365
53348045
53661688
58417400
57129499
56703885
52891402
58110316
55543183
59632165
60485864
59645529
53207944
62970423
53743692
56614203
55025827
53133770
62273306
58805329
58307700
52200121
55023756
56345040
59793458
58627274
59115245
57637227
59056393
57061371
51132772
55763153
57295266
55476245
57020116
59981030
58713060
53602649
56723953
56594407
55237516
58446507
55891647
60431155
57423508
55987023
52295817
70280474
67725591
66788131
68645995
74856948
71434220
64262296
71189911
69734195
68716216
69830480
67145909
67032536
69839640
66193371
66031367
71889636
68340545
68870803
68693523
67946386
69870524
66207069
70942865
66564843
69159388
68038921
69997318
64079117
64852337
68427034
68157082
68591583
77041235
61222576
65474369
60850695
66984189
64450192
70412061
66503060
69210779
67499989
65532767
61396699
67818187
66772623
69378243
68585335
67602998
67871847
65299865
67043486
66571379
67515545
67882322
68631679
72991420
71010105
71195586
73482658
66462184
68107708
68509452
66183576
61611835
71065023
67968631
68596910
65347090
67575119
62794051
69592621
72120481
64938549
70449046
62701439
65899816
68672722
65179935
67534188
62017775
64441740
66819366
71871580
68805437
68110543
64395399
67185809
70193026
68785673
67843869
68908980
68325462
70190345
74497470
62276699
70189369
65016221
69906825
71326382
66893285
64121247
70938824
69259523
71255584
65456034
67425434
68010189
65268173
70030394
68064189
70607829
65362624
68350818
69574282
69305391
68447158
70950844
65082372
70390970
62585459
70303063
70727168
64692377
69056509
67628876
67056844
71058431
65792194
74029101
71961470
69426463
66085755
71580077
72472201
69956507
72574185
66692512
64037577
64201092
66233941
72665682
71566234
71826925
69259679
70266184
61630562
63650364
65438325
68807093
67716240
63889125
73474470
68282344
65193524
75693420
70054565
69620980
69095532
68321616
71601118
67866347
67336149
64994575
75293451
70533141
70620880
62812714
70359714
66506673
67354012
69150671
66493128
63781456
65605158
74391000
72874254
70278618
69831291
67543005
70959341
66107051
70921785
66796352
65536304
72931062
68161138
68201425
68424610
63238473
67894603
66391081
68124135
69223361
66650942
65398292
69831459
69221377
66677451
65915018
60381374
66430306
62075056
68023507
68461078
64749678
68948609
62826157
66972257
62604121
63206381
69142674
66313281
65131158
63739097
70747523
67054274
69637950
69340077
72645792
65749862
71634982
60108889
68500607
65697459
63446743
72990837
69732633
69043578
64818619
66868330
66091328
69007824
69699309
66960822
68664903
69088426
69390453
62838626
67058966
66730545
66012354
67167361
69894773
67475492
64633915
66048891
65758762
64374643
71273252
67190037
68416029
66951322
67162447
64422444
62314327
64169152
66848348
69701214
73573708
68591176
64661769
68087948
65388271
65790335
66327491
61519842
65407120
65218204
63692809
61670567
66053024
69223603
72020856
69525537
67208041
66257082
66695683
66836811
64378667
68930715
65100903
67039458
62043148
61892472
66320343
66704518
66032696
71466746
59878075
65810408
61567764
67289971
62610516
65420984
66250873
64527660
64071169
68715373
59542529
64967202
62060768
67780566
64817207
65537458
65121259
64597711
66116831
64950647
69278893
66411063
68787456
69455426
68851072
67049436
66931222
63707962
65636000
67466686
67109720
61338820
65608916
69277469
68006015
61444501
66755629
61370705
67588199
69628308
63488332
68267027
63814820
63992211
64849411
66965289
62855575
62827641
65539942
63031995
64512724
66637116
61534701
64099693
66864421
66744061
72611260
71982060
64573749
66929265
67737672
73201928
61364808
65932543
63909823
67223215
67701900
63093644
59088073
68840826
65728414
72399071
63198921
69349148
67107377
65561322
68657353
64105333
64601801
64477369
67737862
66540173
65226087
63700185
70097185
63008256
65371922
62695166
66749857
66337465
65010948
65274904
68133451
67114447
67704316
60454384
70097054
67774813
66790620
64706006
69562311
67308253
68193819
68489840
66522290
64108540
64543212
62080612
70775034
65438708
68375680
67360420
67788821
61978374
63118682
64710738
67231171
63439387
59973461
70228386
62873225
61361768
68256504
66231925
69098710
65645767
65981537
68113467
65143117
63669887
64064047
74104375
71220280
69961188
59246723
64898479
66223491
65898155
65726759
65727808
64733856
67096938
70161034
72959805
68180802
72237621
64051017
67164717
63765752
70719517
65060609
63599765
69901573
68507756
66362899
65624335
61402279
65596318
65223497
66847270
69805070
65031356
60960027
66145533
64232255
68194215
64937433
62816719
65847678
60729873
68061701
68663279
60520653
64493768
63863808
67349761
62209330
62305133
69010813
66977135
63770869
61995009
66575278
66050522
69123458
66674492
65669254
62899813
72459290
60815247
65493407
68191643
62999549
68733182
69999804
71371786
63765799
66758609
67017935
64719861
66390415
68819040
70421163
66813782
67409520
62736205
63717403
66915329
63281428
63590333
67756385
67257614
62955510
65917678
69395644
68008656
68831732
63875830
66291575
64970767
66831810
61334083
65232624
65410636
67013270
66549726
73202005
69228211
63832824
65116104
68415147
66128254
64327563
65657331
63607441
64105177
63885258
62642896
67086334
67052218
66944467
68093094
66136545
66446221
64501120
66194689
66011850
66832466
65831047
66529801
65069228
61226305
67602326
65593960
67971356
69822258
56496605
64987868
60602163
63767019
64929699
65633089
63874334
64722446
65026154
66360973
61482443
63829227
62153157
67167091
65129266
65888459
62295445
61698703
63105771
68073074
69509016
67552694
70173194
66883183
68378184
67217591
69498245
61658033
63300705
69288240
63639720
60016166
65997920
68356141
66225558
63732815
65104035
60974680
68653523
69843664
63630313
68149754
63271699
61717998
66131924
67001365
63828209
61019539
63646077
64224127
66535426
65918619
62814176
64478327
65104679
63858111
69860009
66330249
65206374
64615406
66592625
67890761
62372868
64589248
65287759
64812587
66781739
62491436
60787035
68056156
64875879
68836363
63462722
66271473
66562844
64282267
67370557
65255927
67915557
64892010
65178607
67253317
65924165
63075026
70635893
61054626
63135602
60500402
68887938
67146903
63003028
67920264
65203657
65682769
69084693
60074707
69657606
64860209
67836287
66105549
67340950
71168904
66325587
68780568
65381772
61095990
62180945
60812145
67887213
66858673
66295558
63620703
64919002
61788787
60873226
66719266
63873732
67794754
59372237
70924662
65433042
61856839
67972088
65600801
67257881
66311761
63669883
67946091
65102045
64874001
60545957
69432443
70331930
67073785
61471812
62648981
63472429
62304269
67217718
66081488
61234498
65405100
69400887
72216284
65173787
71366877
63538917
66035423
67042369
68605588
66973329
63726437
70460131
67244006
64550850
66964759
61646477
66136035
65979292
68323335
68254924
66088894
61733032
66754700
63428590
63228963
67007526
61292317
66871501
60679347
64262246
66871678
60388450
63845745
63970028
65514754
61429247
62884328
66743818
63699245
63336542
60564012
68140267
65707399
70445084
66769237
68081064
60010984
70394877
60940633
67816283
66664557
62349327
67299042
65653294
69092093
60024135
65648321
64670687
65882581
66547277
64870426
66420648
66260415
66129532
63931148
64110285
66925136
64439294
65807333
67299315
66024432
62087838
66289673
67554293
61893255
68909706
60981974
64958530
65439263
66722276
60877552
62473405
59372693
65843417
65779680
68084869
65527749
59899976
65008756
64616920
66313548
64055861
60925178
64439716
65232070
60635898
58962998
67286279
61848767
66061882
65803605
62729671
64308177
59377238
64515788
62562454
63837490
65439308
64451845
63272284
60543463
62930851
62955454
62500816
67045570
57345491
59073576
57360824
64160617
63004878
64538307
61885773
61586455
62480067
62357542
58901190
61793360
63239132
64597131
62233857
61219846
61114817
60071361
59883785
65007402
66627248
66194483
65932544
66223611
65836004
66010170
66387395
62347540
61156876
66259765
61760948
58525397
64812931
63922374
60945093
61184611
60427455
60529486
65525314
67127065
62849382
63157511
63472433
60366633
65669296
63575039
63234357
60373657
58891936
59883539
64500501
63129583
62159871
60265824
62790421
65798980
66257215
65284332
63842858
64530252
66041423
67763659
57470011
63532271
62401881
61298510
63430015
57187959
55733806
66686281
64634612
66221490
61629146
63343246
63425601
59011963
64647250
62528949
66677321
63116787
66475734
62108993
61481606
63320844
66408631
60722240
60609275
61357865
67107675
62683336
63220544
65060299
62949692
59555504
65623262
58275573
66813152
66372257
62863188
63006522
65683588
66607590
63162330
64094827
61151282
61373757
62978934
59641435
66996162
64435323
65003527
63937039
61556844
60739692
58095863
62249849
64596596
62740442
58354257
67304301
61793166
60538772
67456501
65490835
67841624
63346900
63755240
63272109
64007642
64466935
60471391
69887196
67360161
65773229
58775807
61329254
61197655
64363873
68021355
61155561
60898587
65265645
68603464
69585356
61764626
65426931
61350894
65179168
61058330
66173248
62373585
62331145
69124773
65670778
63294950
63605763
63143264
64533308
62124794
63016839
64724899
64421119
62848977
62466290
64798017
62531536
62459389
58096728
62119992
57803887
65105897
63254246
57629627
63149582
59143400
64048989
59459950
59602015
63739296
60211552
60654282
56987253
64565052
60493148
64679505
65156459
64327822
58501937
67682114
55141946
63861228
63069904
60880757
63947512
66453845
64600751
59468341
61028958
63071601
62235485
66239298
61480270
64259749
63717302
65880128
60382236
60854260
62909696
59549093
61868674
65787098
66553923
60803387
63147975
66622753
61444274
66272120
61272576
62833081
63367675
62938971
57072852
63517151
61727463
65029476
66940419
70038289
64423754
62032677
65285875
65055622
63913015
66610938
61927027
64602346
65827111
64470803
61719988
65741812
65064921
65359777
66112908
64466717
64898134
63882103
66509226
64755925
65054488
64616326
67777662
63887011
60407045
67139061
65725472
63625791
69200282
56828779
63550698
61133638
63475668
60884068
65335707
64288327
66014897
62237060
64113790
56755840
63467547
64211856
65828718
62088625
67198498
62570400
60907248
62856327
64864849
67371638
66357639
67466630
65895733
66474199
65725395
68136146
60245294
63374355
67236700
64894540
57153290
65797463
68136395
64319415
62557972
65241584
58269490
66396581
70334348
60313337
63922416
64323974
60180536
64963412
65916483
62250992
60894287
60873962
64406748
66358795
64368529
60570413
62141391
64512628
66154543
66271762
67490397
64906213
63679805
66049203
69410801
59805481
65727966
64456340
65813199
64534357
59540495
60009646
65923061
63060689
68041706
61647810
65380423
64246816
60673830
66250558
62748578
64721933
63800681
65102987
64488446
66378753
63838231
68132774
61372368
64396380
58086148
65637739
63785416
64993769
65034716
64171574
64578156
65347229
59022161
67168036
65572169
65329739
63704932
65089061
67293549
66666342
65142606
62378399
58713809
64265726
59769937
67690374
65028865
67619318
62901860
62699041
61074189
57440630
61898054
61931800
64103386
61958215
67376560
63011782
60340199
68566873
63321841
64457523
64645085
65171082
65365888
63155938
63921498
59358402
70742516
67466420
67122681
60832526
63471086
64293954
63138561
65595518
63398247
63324789
64165100
65478163
70139152
64982759
68033123
60197502
65455310
63028659
66418388
62995731
64183785
68587934
64415482
61657045
64754771
62675438
64195612
64114238
66726292
65632078
63826839
62102635
63514551
63781557
63219178
64240220
58842256
63673449
59138196
65604515
64720429
57561509
63418766
60856186
62350173
59687990
62879166
68268244
61465787
63937205
56520577
66573159
64799664
68059740
62763586
65655694
60985687
70402417
59713441
63801543
66700710
60866425
66063150
66457621
64048156
61262085
61703214
65050299
63105826
61598361
64616256
62905901
65929081
65302313
62267899
63812999
64759286
60496972
61405378
65138067
66283903
59614763
64209693
65101195
60374917
65149384
61769098
60978673
65584522
60455885
60901291
66763191
65898516
69255706
69560561
71946181
70581819
63658571
71231242
69757381
68639276
70633535
64414314
64606262
69577714
68168952
64918989
70426539
69828484
70709879
71894101
65782547
72552253
65107616
66749239
67082038
69813779
66579654
69205782
66384974
61156068
67116938
67621402
69265982
68546553
59731707
65710862
62514750
65626064
64773898
67887170
71044031
67910087
65929684
66703222
61441234
64357976
66851798
68557171
67090482
65583931
66012097
63558318
66523782
67610340
71975230
70713209
70883542
71166968
68614731
69336860
72643240
65091598
63294842
68050344
66593901
61815695
68339869
69817578
67237308
65192852
67953627
61914875
69846285
71079277
63926179
68301261
66624443
63504092
70331480
67238433
63099148
64193441
62921468
66290221
67322525
67398769
66913851
62763419
68784631
67836881
70517243
69798323
68111330
67937382
71788723
70133470
63477549
67362914
67962804
68395755
68250103
64879124
63049124
70598461
67600204
70812536
64113449
68524337
65759457
68200944
71508860
68106291
69875074
64496925
71372887
67494924
68237794
65444913
69152263
64353984
65159854
62395091
70545113
68941168
63777643
69188574
67614668
67223730
70184719
64205829
71025419
67384839
67716549
66438558
67579286
72082733
68932956
68929617
69660219
64423531
65390454
63158450
69163312
69670253
69283760
62902767
64442164
62082497
62509980
67710768
65395358
66742680
65046168
73342656
66199385
66097474
69241922
68057766
69501296
68927591
68468940
67988553
66927286
68424498
65112752
72396719
72351708
69541248
59996673
65614559
68558883
69494811
68693041
68282249
63613581
67529843
71750465
73652779
68136740
70766722
66154549
70299363
69142819
72788966
67311802
64218529
70515898
69527167
67556681
67829057
65378009
64488128
68971718
70220500
70194680
67211552
63184932
69588394
65756998
69117788
66397366
62633302
66879698
62210702
67692634
68022000
63196585
67619455
64492870
66579041
62142971
65436071
70933783
64201125
67726151
62776714
70875543
65401895
68671468
66818859
66667751
66110757
73226998
61442543
68196275
68037692
65440725
69195871
69471176
68164560
63557983
64446584
68242600
66432039
69827533
68891089
67670707
66117164
71760170
63850188
67586642
67403683
64816161
64072789
69839340
66626672
61517099
65644729
66616778
64796036
69412582
63533869
67603778
65597643
64847166
63789494
61662260
62312987
64154846
61894479
71445533
67224067
62726851
65529977
65511568
64773872
62926515
60986046
63948624
65891271
62439670
61501442
68229612
65981904
64845585
67238534
66099463
66136463
62683838
64257216
60038896
65644197
64641236
65061960
62165940
62103179
66064253
61833892
63772245
69354109
55309437
62576869
60625842
66502573
60844169
65351932
64438957
62785864
61350046
65064709
56399967
62415690
62824897
66645540
62088200
65298252
62185210
62616996
61463205
62607172
68206834
65920578
67898176
65875915
64561853
63273405
65927732
61363277
61308746
64436177
65967175
59157958
65129328
66196117
65250614
59814960
63767559
59094220
66374680
68082141
61584949
68241164
64036106
59527666
64202528
67139628
62660668
59398392
63098590
60685199
64089311
61191844
60626812
61159584
63404828
65991426
67269909
64265158
66067980
62637419
67209816
68717851
56782905
62709820
61231675
65523110
64240496
62485342
58099774
63807097
67073476
67195165
60643676
66247768
63030697
64458343
66981868
64518154
66973008
62508967
66992493
65167601
64913326
63207783
64564581
62020932
64888211
57983901
66309488
67640008
61151895
61739777
64573041
63015593
65389191
59582015
69408113
64915113
64341096
61168644
67053530
67812904
64011013
66593804
63278571
59548389
64830484
61857462
66509159
65327972
66212398
64899514
62900841
59654727
59622018
63276527
64236826
64778892
58109772
68147597
62717860
59867680
66420685
65824445
65747272
64272350
65114323
64203771
62763040
63381132
61093222
70965370
69061227
65775933
58209894
64065841
64611535
65354165
62849276
66479886
56106490
63897772
66951411
70306852
64895917
66528436
61871921
66112193
62498983
66672806
65171376
64496245
66825759
65563401
61841896
63676384
60725558
62847320
64113873
62195033
65826857
65055632
60118699
64691306
63353858
64731372
63467689
59361575
64147786
58246022
63205399
65879488
60989742
63335458
63705501
65644209
59712793
60202304
66848415
61791206
63285998
59616924
64640985
63153633
65937874
67173813
62561721
61712403
66765904
57954088
64208831
62779836
61397250
66621643
66199252
65043224
62573886
63657815
62469308
62696855
63612961
63498871
63807694
64795521
66009965
58600066
62463619
65411603
63755572
64139450
65159626
64570832
59328755
64040154
63115079
63137532
69167050
62339690
63284474
65831671
64077688
55723936
63048307
58522320
61747917
61801824
66351281
63209031
59108471
60562908
62181980
59574501
60814719
54982912
60719086
59464120
56983800
57262303
61526350
61099824
61573981
60505208
59695640
62439492
58873699
60560953
58108744
60459411
60489043
62692330
58258044
58369689
61702795
61602977
57736436
60724243
52886519
60573130
56705800
61859104
56288759
60287140
60771830
58765841
61043788
58179828
56156466
58748102
59273298
63734935
57910433
60576137
56598850
56775541
57373341
58265391
61188803
63421584
62806896
63929504
61150896
59906468
63242550
57486837
58774946
61292875
59623237
54535930
59470940
62787154
59546535
57901196
59888208
56430574
59798438
63839858
55858916
63220094
57091000
57765906
60475532
62315827
59144913
55674914
57152607
57022901
59206790
59717026
59035586
57121086
56328011
62363568
63030265
61407097
61667368
60438289
62026066
65358013
55196520
59103064
58818187
59014014
62596743
58520990
57355825
61907955
61862651
63443476
55140317
57795319
59412023
54680775
62118437
60205827
61219906
59591413
63052151
61874472
61404177
58634376
62502489
57413121
60245936
56522279
61420082
57586816
58987771
60387255
57277790
60319420
58228981
55927761
62626125
61690103
60389103
59814906
63538337
64296506
61893417
61508284
61332281
56428407
59784872
56181440
64687891
62618704
63686741
59725351
62585217
53685138
54515982
57957930
59221341
60310842
53243108
60802244
58710480
58277075
65089440
60401654
62037867
60419567
59875064
61214681
62275762
58732962
57997034
65320054
67778655
61509237
56623281
58558203
59965935
60072337
60424994
58648459
55921136
58573284
61698883
65165391
62526218
63348227
56148180
62859096
58547277
60293935
58826060
61443366
59777298
62176634
59792672
59156450
55331808
59537466
59873890
57445530
60417177
60175679
57755038
59341883
61117018
58963889
59127666
55552736
57890571
56346405
61760396
60898078
57063832
58416448
57915523
62940881
54642508
59821916
60682072
59629219
58889288
54129141
63307192
62094059
61552574
58513223
61313702
55690258
65180233
52825152
61094129
59987885
56236707
61676900
62297749
60737354
55711535
54087606
58984235
58375792
58523237
60650134
58186094
59998790
61541433
57592911
57747070
61357853
57696913
60106315
62620188
60708228
54015068
58102473
58749674
56520961
62382464
58608337
61271314
58861576
60074037
55348203
61640823
61282991
62219192
63064882
70115471
63929824
59492815
62138268
63704248
63219989
62263954
58971162
63002434
61319906
57981622
60786830
64611713
61744561
60119881
62920215
61423383
60263011
60115530
61179426
61464451
62510708
63134666
62792354
60675012
57449132
61681298
58096629
61549428
66217460
55761298
59744855
57905206
60449044
57697697
61319779
64534703
61017407
62325127
60532092
55849405
62086067
60861878
61352561
60773633
61790560
61729318
59017784
59168579
63199350
64129676
62034371
66180143
64528953
65751283
61563280
66640471
58699516
60199046
62253300
61224098
55463633
63920358
63955827
60893078
58242446
59484951
58071006
63113553
66108630
57438497
65091156
60023759
57729459
63132169
61974900
59613346
56772991
61033449
60921480
63157088
63481754
60032977
59809764
61798106
63923874
65413682
62310683
62618168
60255299
64603336
65570247
56146048
61433544
59899054
62384763
60543931
58742448
56373085
65342687
64796150
64755880
60339141
60706792
62849146
57224477
64239267
61298149
64940510
62108183
63526867
60561220
60837569
59307594
64308950
59190898
63325250
57283366
64006840
59737677
60080276
61321602
61101675
60091935
62926170
56916641
67289548
63523299
63556912
62103705
63696002
66439452
63604187
60858410
61201682
58882185
60273177
58136212
62832078
61539954
65132572
62222892
64551533
57549216
54930175
60332922
59502750
60826616
55026931
63675188
59427703
60394457
65811115
65639028
65678761
59151204
62820304
64972213
64425217
61854953
58389446
68938858
67967487
61624472
57500967
61181099
58686473
62336925
64134108
62146594
59652392
60316049
66117334
65788759
62842025
64934467
61129482
64143313
61344161
64255013
61105940
62647102
64530743
64295232
58867275
63259976
59596498
62121494
63468937
62958932
63364543
62023140
54912836
62221993
61980624
62312532
63624613
57742978
59361174
55913262
63724741
63998553
55051948
60405185
57933268
62646649
56325141
58925066
61896285
59638316
61203523
55222032
65156532
61402905
64519934
62412903
60968475
57891994
65520503
56326571
64136719
63592829
58421446
64128522
63838768
63533228
58176656
59399429
61663641
60677906
65405337
60976072
61792076
60280356
61939741
61073359
58963576
64184210
59990211
61228489
63206172
65237206
58985453
61129646
64753692
58390907
65077700
59175005
59825253
61217347
61871789
53983137
65445114
64768637
65048715
65495114
73025251
66307182
62402464
67797844
69588992
66938241
66613000
63295729
64976937
66690891
65075460
61800855
69307929
66550861
67158859
69144122
66861961
70068436
63924200
64300984
63936756
68250739
66545699
67957910
62821519
62397417
67604921
68168210
67194631
67845368
58060574
64953489
61605774
65482610
61746922
62607144
65715814
64702108
65074388
66567453
61224146
67254927
64518040
69735445
62093430
65644699
67436394
61133751
63086678
67087317
65126969
66318633
71425677
65416991
69531753
65399413
69488528
66171754
62903930
66240667
68720830
60931074
67838950
69115195
66803118
62356341
67323002
59018864
68035292
68452460
62202156
67228582
65572871
63106787
68064587
67242919
64485819
61128211
63643391
62606508
62743494
66627623
62638799
63598827
62910299
67803589
68882082
68200204
69271070
65508644
69638799
69160463
62247702
66888805
64948398
65996994
64996376
62703581
59622171
66175168
67904542
69860477
64730252
65359119
66098315
66338461
68744037
61755807
66989981
64405664
69061268
66495493
66064909
66172431
69757166
64817297
67266138
61965676
67430920
68944893
63450827
65171308
66113672
64962449
66404179
62452246
71455699
66978653
69291309
66040985
71021748
71647874
69010148
67349521
66040240
62296931
64174932
62791151
69975803
68155878
67933768
64246608
64675622
61732697
62445166
64037121
64634580
65606346
60556389
69396338
62743528
64031515
67830166
67455878
69648599
65836754
66345586
66897790
65565399
64410550
63665039
73436530
72707670
67927951
61380692
65013476
67308797
68301445
64087605
63241277
67205820
65153468
69707886
73723525
67218571
70658912
64514163
69717668
64279167
68818636
66486590
65168311
68539049
66341513
66140839
64296542
61788372
66204000
64739426
65510554
65306871
65619681
63053610
67017917
64609463
64991913
64565818
61272829
66231272
60521982
68257759
65958595
61464823
64799690
60300925
67541072
61652798
63138662
68825843
65465379
67032250
60127313
66947632
65353778
67488713
68263168
66527889
64349477
69934827
62978394
67384934
67182125
60849825
69372507
67162538
67131470
63005747
64542619
66210857
63297653
67659832
65230516
65486679
65675044
69861071
62720480
64377005
65110291
62019551
64574265
65401363
67890402
64320006
64476907
68223343
63334040
70909413
67309128
66733494
67823534
65601010
60628756
61346404
57934019
61413781
60847609
68094422
65266138
58864985
63460051
62480466
60895597
62625061
59547121
61042910
60739339
62172836
60029468
64404123
62810481
64758115
61697219
63644558
61354257
60880663
65036092
62950497
63991126
60630345
63105959
60011533
56483689
61026947
63535060
61317480
65839657
58604174
60645888
55758968
62089468
58123743
63463925
63213411
60972409
61044499
61232781
57021950
60412629
60706306
62776761
61175595
62007200
60459909
57669795
61916660
62941721
64074158
63275260
65979318
62321021
65773750
63614027
65801328
59675092
60969547
60771457
61062065
57075902
63598895
63170701
61756209
59422259
61469487
59091003
62060286
65336786
59644872
60832728
60956967
58395369
64409992
61642418
61437592
59702561
61467810
62771823
62777228
63006970
58969870
58285325
62341996
64791056
65889050
62100388
62829896
63406339
65077729
65225741
56736041
62479916
61115348
62715442
61922673
59078030
56687348
64381156
63317911
65917404
64599803
62686302
61321411
60002952
64318317
63450993
63599988
59425313
62643931
61345451
63305166
60160632
62300417
60806093
63753139
56034586
63371553
61885291
61644418
63476605
63472550
63151213
63307451
60027399
67360985
63173450
64582892
62523987
63159288
67337298
63374938
62288310
62254006
58951984
59100016
61484657
63557829
60893905
64193526
61547729
61120964
57655720
58715613
63342535
59628786
61401286
56898225
67178407
60341445
59728758
66075859
66692790
62406310
63732371
61277671
63614050
60940072
61991974
59243157
67982092
66022669
63242696
56878979
60791284
58170999
61194469
63571684
60998199
59149467
60124468
62837703
68740014
62450984
63509720
57607210
64516541
61693240
64518028
62373789
63871744
66642476
63524772
61370760
61266949
58355678
62714650
62312550
63288979
63329237
60829574
60585349
65160977
60742161
61705323
60921558
56650813
64279993
57136330
63046629
62368886
57641031
61464355
58260620
63167416
59769021
59787090
61671663
59821750
59848109
54856593
62685018
61636827
63280850
63499991
62228589
58115520
65795499
54849706
61983302
63038233
58593309
62703597
62874744
63182495
57543225
58674310
61298408
60357467
65931092
62596620
64659235
62397723
66918116
58082649
61175120
57824312
56430629
63758193
63568072
63789430
57116274
60779661
63985371
57910925
65675472
60984840
61103411
61100429
62743431
61567339
62385644
60815236
64802207
63148274
69716367
65746090
58824599
65472899
60090341
64467560
62901745
60141762
61822829
64982920
62254794
59151433
62925946
64380613
66019792
64356384
63862711
63811242
61677514
62635011
62101932
66487257
62652430
60966413
60203081
59636618
62535253
62296561
61002283
66572222
53904645
62671883
59773569
61957245
58718186
61712830
63324808
59451824
63504107
63794621
56286571
61199502
60482259
62841290
62352009
61708566
63346512
58542927
63429587
61815131
64903478
63463424
66335517
62953584
62878928
63009239
64934813
63264647
61440593
63388156
62662664
57672511
63654598
64794127
61650175
59117755
61658074
58765010
64030313
69711319
59383088
63158487
61600403
60041601
62837905
59959220
60396261
56035791
59802875
62316170
61591491
65642007
60362725
62505241
61782540
64104407
66551397
64335405
62359008
64792984
63369523
66539133
60300379
62069526
61159493
63040296
61894205
60107637
58264016
66343646
61456700
65684156
63055915
62735763
63183881
59811199
62268266
59428280
65315524
62514770
61038207
63139785
62548548
60757992
67587474
60448354
62273291
57524207
64297943
61057834
59419873
62200616
63407614
65998848
63511750
59796683
68649656
64349176
64966749
64033913
64064178
65951031
66439368
62332738
62571862
62477494
62199188
57087574
63494516
64690283
65164855
62259683
65419454
58884923
57714409
61260953
59212141
62409762
55456710
68133141
59908125
56827832
67864812
63773989
64279149
63766244
64793633
63581099
62384325
59609587
60223087
67808507
68153572
63847203
58221015
58799123
63102953
62535464
63575466
62700187
60979440
62495959
62599880
67755878
63111569
64356759
60887772
65846901
63926930
65751456
60572935
62352645
64431776
64931564
61703963
64828960
60950202
61134657
62779034
62311846
64045551
62694342
58504615
63967554
62481533
64447041
59710412
58889028
62776745
59780553
66099569
61637041
58156684
61503871
61524034
62979672
59796085
60460567
62659353
61306925
60648301
58000397
66039666
64149798
64746739
63582807
62055118
59671734
65357937
58122274
62249701
63736729
59760158
63037393
66678204
63031785
60411553
61112133
61282996
63596271
64244913
62777621
63198519
61509866
65421360
59760281
60903073
62190610
61565387
62676699
63802906
63803072
58985621
62554879
63923286
64388464
64787562
61546847
60640888
61889782
61235596
56196538
64048129
64611343
66620358
67599362
69882249
67620980
61020538
66688836
66998993
65455573
68186538
65402941
61770494
66356218
67666976
62416375
67393492
65282984
67681771
69467761
65597130
68398901
63041647
64849754
66281430
65758752
67059296
68479022
62436556
60642760
67919922
66976415
66639224
72482367
55160631
65368358
60406427
60880747
62896709
64409092
65166061
64783367
66400263
67351359
59081399
62852269
65549054
66406773
64576398
64883773
63370020
59671775
63761228
66420773
67334167
64985466
68760851
66201939
68395888
66862834
67924917
59760832
64698550
67251243
66399500
59125806
66983133
68856941
66560535
63436716
65651947
58757438
69224994
68662317
62636837
65991026
66258013
62717320
67649138
64864371
63491619
61655421
63875007
64233114
65891224
64430603
63861705
62715956
65700344
63867409
67555261
67841724
65054520
67284915
68248309
69134714
62264298
67354352
64037604
65229171
65598031
59111171
60914433
66291078
67020934
67857973
64223705
67039101
67142720
64196106
67589504
67513757
66838141
64675756
66002179
67593887
67086000
65181341
69167271
62199976
65151411
62768708
66228842
65578143
63391786
65623614
65325787
65226655
67102335
61129739
70275455
67220115
67212924
64691823
66589950
71187890
66598269
67764089
62944913
62352546
61814117
61198152
66876124
66195873
68538751
62682694
64051781
60124510
59007375
64378024
63477446
64747412
62615266
69369086
65774213
64457685
69111334
67526741
67366694
66096439
64426634
67286806
66494827
63466656
63580382
70580264
70341108
67101277
61329489
63610469
65445084
64892987
64728314
65420938
64103991
63717719
69845960
71950664
67865976
70063269
64888163
69321320
64373826
69891467
65273952
64458819
68719401
67017464
65571462
64799800
63394398
63683122
65011362
65691926
67352807
68599940
62232192
67399561
64852772
63629118
66355978
61283385
63576445
60958634
64491067
66268022
61501536
66424189
63053385
65377353
60647655
63318824
67130863
62708643
66472230
61054136
67408980
65984528
67056697
69170015
65904188
62007999
71027626
61853136
67168279
65808061
62999971
69916968
65576849
66537694
63445650
63309920
65050493
63527070
68140898
64342504
65585633
65976303
68251606
60835662
63893726
64403384
63757750
65681959
67121900
65972659
60282760
65503838
67118342
62795445
67621818
64553741
64147110
65531483
63004136
62149182
63406628
62561321
63771718
64262987
71618654
66126964
60143563
63478879
64800371
65893274
64225597
62321011
64976650
64501991
64578410
58776337
65925319
63727300
67738273
65188415
63909694
63344671
61840482
62909403
64472027
66244371
63845290
64432169
62237753
61674771
62973541
63831548
65077318
68744179
55793163
62383805
60668259
62111272
60219372
64449998
63269474
62619678
61753574
62582719
59107196
64082092
62811548
64850338
63369427
62003019
62458898
59308056
61503388
62583898
66882601
63147041
67003737
65391023
66709849
64715432
65227318
61113207
63903276
65113683
65041020
58466855
65665653
66125575
64731046
60043034
62724140
59879053
70148040
66440454
57677892
64643926
62077943
60943148
64770824
61344554
61810968
59222879
64118028
61724419
61699670
63717104
60100701
61230212
64304065
65024051
66964570
65750851
67731935
61963317
65203972
69323939
58839973
65161044
60222023
65257404
66495596
63615755
58644765
67512688
64671328
67595946
63623503
63861604
63160694
62467686
63121464
62838970
63975731
62146990
65788567
61603373
63534972
62253066
64309077
62238704
64152431
58035279
65547772
63330721
62685245
61149671
64359897
63996727
64707340
60272482
69618397
67371593
66677435
61332219
65628868
68712501
65984174
65393804
64437831
61428839
61714145
57157586
67079182
65463959
65053817
64289834
63610415
59466288
59363701
62105972
62198905
66036323
57602441
67376597
64693124
59666341
66245840
66254063
68994968
62521590
62531887
65059188
65388188
62667062
59133971
66919495
69782780
63855671
58579336
63555659
63119243
66912118
62993926
65787649
62100222
61961724
64793403
71562897
64993495
64007834
61249171
67983041
60109221
65998559
62344275
60624666
66753667
63528610
64203546
62299142
59632177
61820684
63500861
60935001
64556303
63438319
60628295
64095251
62910108
61228640
62796177
54829450
65287519
58472020
64903826
65315709
58895413
63287188
59853873
64607482
59241807
60682187
64507329
59975646
64561350
61481788
65532019
65163733
64686238
66165894
62667639
61949602
68193647
59027497
63371174
62406513
61757149
66630237
67724065
65120638
62442975
63324089
64766833
67836510
66035320
64625830
65137314
64423012
67628937
59885744
63633888
63173449
62220283
62208126
63243090
65763998
58974596
63357770
65717935
61249753
68333507
61058610
62670874
62697075
61263634
60451343
64163716
63177631
66053983
65875079
69792058
68334747
62854326
66923135
65265499
66436604
66721315
63092909
64251540
63297002
63682099
60315016
68364334
67606704
66237990
65930011
63570378
66328247
60695372
66260848
64309333
68007573
65495915
66986804
65763069
59547770
64943207
65620243
64743034
72098797
55879449
64171001
61364871
64072950
61384560
64549352
67353439
61061722
63659027
64992326
59913096
63958343
63668402
67281382
62290761
67016176
64378895
64020659
64405025
63401153
68905578
64009509
68843921
68683882
67221690
62896284
68889785
62932091
61909299
64249345
64287918
58729584
64076263
65615279
65654591
62951421
65040703
58695540
66827985
68387235
61847239
64023361
63311189
61335721
65168158
63724301
64383380
60319418
59083381
61839577
66332372
68182011
62328323
62860673
64697640
64804813
67703578
66635173
65810282
65326726
64474825
67751366
62892234
67045892
62147831
64457889
66529773
59265017
60317977
66125222
66774211
67742271
64475525
64646497
62761287
65343788
67122404
60792883
68004956
63277562
64391712
66088487
66205796
62406118
67369430
62822595
64777111
58907386
67730016
63845882
59754364
64055271
64819616
65008172
66622679
60259024
68020876
66313777
67391058
63607544
65330518
68630619
67113864
67138890
64955662
62440245
62886690
58503866
68050336
66717789
68217656
61581069
66026038
64001584
57397825
64393615
64132766
68427562
59311341
67383029
64313093
63133189
69110584
65913182
67951082
67248295
64940610
64629244
63685309
65735763
61706143
71046860
68659426
67645797
61699008
64126087
64743912
65674109
65698177
64322760
62358069
66096307
67291207
69706052
65275741
66974252
64314958
66378206
64629260
68621782
66268163
62814110
68659717
66920036
62169231
66450931
60128824
63325086
65729679
64046752
64584528
67752351
61099390
65351300
64446032
63595572
62254118
61607950
67885555
60127304
66541088
65480487
61760919
62914779
63273442
66536122
62670284
62672610
66762367
64563937
61933687
59876682
65853311
65363919
66976345
65283111
64637241
62826322
69491471
58723034
67078855
64901525
61438626
68492864
68436892
66638218
62544481
64532474
65970154
65277792
67160894
64628572
65220719
65530555
66823265
61019411
63469370
64611711
64180023
61979374
66579255
66033691
58730994
64134445
65890602
60008602
67308759
63151863
64762198
64830509
62917894
59678040
62769063
63270107
63726946
67797366
70429041
66919982
61687528
63459377
67416033
67329565
65038967
62331814
63839469
65337352
61431838
62358741
66852150
63950082
66769421
69556020
61128208
66754898
63661033
64865516
63521877
65226010
67515455
68455770
62610705
62246549
64463394
63308212
64176472
69514712
57312130
62552557
61996126
63187195
61946793
66385036
66090917
64449859
65577795
63418576
58796806
62195422
63653026
67967563
64883343
64932293
63005345
63324335
63605881
63372476
67213295
66037058
67087482
67583572
68612258
65496413
67344560
60853072
64955380
65697812
62242776
57105718
65248531
66755245
64483470
63665029
64488737
61772602
65035829
68174716
64332088
65385764
62209736
61506171
64242435
65513127
64379513
61882399
61019525
62094872
65414335
65909107
60278348
62151252
63035157
66989978
66195600
67134271
62715651
65827290
66825199
69902162
58252310
65693528
62532260
65134909
67359902
60677393
60368770
65320289
65978257
67591144
60715011
63907425
64675692
61716139
67042566
64837442
66431245
64917556
67670110
66379993
64588601
63587862
65338981
62189573
66331717
63191652
67146789
64553480
63187429
64553204
64795962
62977174
67660592
59318499
66607559
68700204
64449968
61495384
66298063
70781837
67273482
67810152
64578092
64112345
63840410
58560704
66878065
66959371
66254531
64939187
66927288
59619067
59555058
65956058
62107943
64264068
60179911
70854549
64672081
62715788
67755193
67324106
70191658
63423438
67633842
65675895
67081813
64534323
61747050
67790696
67376939
65433533
59219199
65620006
63851919
64124915
64663797
65650213
60842529
63988745
72520732
70726355
64379953
67938408
62895322
65781531
63914688
67981778
64893966
64932452
66860637
65081790
65334789
64236319
61256036
62375505
65181638
66986099
65599641
65430638
60573641
66260263
63877268
60588360
65406709
59658846
62514544
57831052
65204553
63491277
59944201
64145394
60590392
64351463
56903878
60765198
66537947
63145773
64377388
59844535
66431756
63845594
68923503
67370229
66752802
62463301
66730445
58214140
64841466
63308079
63317273
66978937
67732243
65304200
60800254
63234173
63386064
64904149
65305182
65163032
66059112
62511474
69812574
59825744
62980108
62543510
64831679
62229661
65033196
66485486
60637070
65196994
66384103
63262568
68195153
61394675
64908865
62362537
63817927
60393177
62461484
60677197
65129516
65289775
69315525
67163513
63145917
67162027
66035032
64783256
64730886
63221592
63071622
63486652
65009846
59324751
66078971
63851361
65956752
67042425
62964789
66556504
61520499
63714429
63798561
64898269
65909789
65617120
61649579
59696091
63419946
64708736
63596539
70073194
57768024
62863525
57148562
66091762
59580656
66059663
65868212
63064503
63477667
62906169
58875913
61996880
62736436
67610021
64042838
64127565
61011523
57878726
61692930
65985529
66333699
65127045
67103510
66815854
66337974
66479896
70581180
61656761
61292963
64795315
63262477
58776342
64663272
65699282
62916149
62074056
63840780
59119444
65964161
66175347
62019313
64968687
63619075
61633220
65395653
64888943
63006384
61360957
58529386
61400299
65811581
65525546
61589422
61110553
60081058
64037658
68274018
66921409
64737052
64874986
68183367
67503259
60056685
64312828
64118810
62865679
64708158
60718022
58347713
67625485
67471887
67066354
62040016
66755879
64666042
61087381
68028323
62962229
66194348
61605477
66323978
63955118
65361705
61586141
67505647
61582959
62220459
60259607
67970267
65894943
63125690
63372426
64382314
64325593
67218176
59635307
66627156
65716784
63101366
60598466
65443760
68738863
65637472
68582981
64279610
62879866
62288424
62044892
65131069
65197043
66568513
63716198
64451057
60656129
61549071
65005839
64205720
62446321
58789234
70625625
62819139
62581820
67110104
65697527
66468611
66520932
63932419
65566410
65232825
62730822
62806027
69573059
69325247
64981548
59377323
62035983
61000983
62704286
62958873
62514672
61982601
64780473
67489593
67935846
61624649
64956934
60951660
67562425
62943813
66560104
65161521
63507758
69687860
67656835
63796374
62421862
60721220
65082360
63853794
64817477
67711175
64291265
62349319
64364819
62865070
61399838
61706954
59696944
65616414
59153539
66683400
68123369
61458422
62941214
63191104
66145621
57073835
59035266
65584990
65011187
61719787
57533230
66203725
63387880
66896895
67214095
65691709
60996522
66772149
59209387
65419464
66398913
60595402
64552297
66225862
64333436
61636936
61998481
65228313
65128451
65507560
65231633
67277980
64737425
66824060
62605625
64727546
64915459
60780546
64800361
65791883
65159076
60398854
62140363
66832701
61785968
66248516
62504580
64060069
63836962
63617350
59913615
63994611
62199744
64343306
65014397
69958065
67494169
60370421
64177787
66877829
64400059
65090608
64405324
62799855
62961230
62884737
58497366
67413029
65062811
65118001
66768309
63697647
67054158
63506258
65552549
62728608
67231257
63869603
65110819
63556781
59931313
66080306
64592580
63851483
67699890
55122148
60939797
60030607
64580775
63156249
61304559
67014934
61310102
63718260
64772754
59612601
61809330
63456176
66017106
62707652
64472827
64202763
61788344
62726945
61991086
67528697
65180236
68182365
65563799
65903565
64396760
65605229
60764824
60529223
64357890
64383149
60692422
64902794
65714143
63768591
60761516
65402246
56695743
65739519
66460343
60691241
63532744
63486865
60688324
64206053
64320759
61371724
62388265
63135624
63727579
64324617
63983850
62707677
59361965
63370759
61117528
67383228
64944875
65724348
66925974
65621985
67498115
60249167
64083179
63079798
67199387
62814907
60892187
58202417
62202218
65432527
68924360
61089965
62661232
65414642
62876330
66771982
63484201
66349845
62680740
67303285
65678542
64893974
63708945
68051392
63082938
60432476
60377028
67247322
66037233
61960848
63783211
62245637
62277494
65936584
58599424
68476166
67139362
63342719
62906241
68734085
66550729
66205602
65808420
63021758
59822861
63199391
59986874
66884124
66505828
65382352
63009690
63021624
60364733
58039715
64575791
61945896
64987902
57407870
68542473
61697554
59998737
68230795
66992190
66508335
64151817
64848961
65970316
64124870
64474425
62617800
71776831
68689163
64392154
59952609
64044995
62272602
62668075
63616332
64536670
59888934
63432676
66964525
69565980
65455265
66787718
61375969
65502197
62767512
65512424
62216590
65482037
66921846
66499112
62615964
66549506
61642489
63473368
67561674
64565130
66178723
61970355
60927074
63180168
64097225
63200845
65127010
58251415
62727965
61161872
67514007
66268125
59353510
61379194
63152459
63533338
59702480
60518029
69797888
61984612
61634637
57712111
65079592
65504815
65294048
64083466
63019556
60587720
69953345
59381116
64582770
61994439
62156573
65904625
65164387
66473643
61385559
60887093
62744770
61278521
62905371
64514188
64271049
66149764
64827860
64296070
62355902
64410622
61359115
60397050
64602005
65187918
59318068
59062866
67234451
62618447
67993845
62734136
62921059
64264521
63869524
61174133
69258964
64868826
67810785
71059843
74697433
70023142
65248570
71160802
68860268
69156800
69339226
67142302
67179368
67976794
66758244
63866744
70934653
67481693
68614671
68900779
65489864
65588299
63262246
66733104
69287831
68642885
68583813
71239624
65166264
63952541
67222440
69832874
65877935
73767799
59964886
65940354
65344250
66505889
65897583
68582539
68247120
64231797
68198884
67819244
62287409
64433015
67929595
69456887
63659755
67977289
66591602
63715861
63516938
66835586
70998307
69296420
70487003
70526426
71221530
68194419
71768134
65403323
65999762
70392875
67126629
61457557
67930890
70226874
67913639
66376774
68145687
63467937
70644803
70440728
64645551
67833374
65248663
63933418
68139890
66055233
66829164
61943059
65187357
66266553
67394817
67916058
66541680
60902946
65572267
68657862
67954844
67014870
68571643
68358882
68287387
73989284
63144813
67506149
66953427
67347321
67581941
64638269
60539053
69126553
69232167
72006161
66325049
66899820
67983143
64654513
68243438
65807025
71141346
66745886
68908897
69588575
67954518
64979380
69797096
66927016
68170787
62837380
70286738
67617981
64241904
66565799
66531115
65925218
68082770
65403386
69459550
70455569
69524503
66568356
68865843
71881654
71760496
68024836
66476266
65820506
65814663
61805634
69927053
69447664
68492173
68029357
70432595
63030716
63069953
65955208
67940047
68752662
60799595
72033090
65920859
64277745
72971441
69665812
70390295
68525031
68807124
70762538
68930788
68840643
66256521
75583233
72150247
69469333
64456634
67570924
66790923
66962652
65913659
65477971
64802808
68041639
73563922
74483488
69796589
69462016
63867887
70915131
64397625
71323876
67691261
65215575
70378676
65947336
65541314
67569195
65112538
67401915
66884272
67279206
68935829
67289100
62839795
67341788
64968601
65893316
68291313
62623116
67308816
62007238
70036266
69066306
64132763
63893691
64453324
70073494
59724742
65350121
68637254
65114300
65713537
61502926
70641220
69206549
71264419
68336300
68444751
66862177
71809660
62488943
68369146
66723104
64094180
70370302
71021994
67963993
64671534
65795822
67845843
69191920
67721408
68583135
67962069
66735275
69029398
62843903
65121502
69030613
65528677
69201452
68190646
70094986
63597946
63910280
68668176
66231426
72337025
65732405
68742340
66975096
64693057
62921670
64349959
60588839
65806046
65200430
70520430
63478289
60492520
65437691
63877733
64773369
63379334
62184902
63867507
64893785
61384628
60016982
62296615
64294857
63585223
64611586
62272107
63980843
63103644
63332176
61470325
65172143
62250889
65008593
62367373
58971852
62872190
63824538
62117291
69394239
57102802
61299927
60016097
63088438
58911193
62608661
62513912
61056418
60896288
62874815
56516733
60342444
61593303
65209399
60722379
62320764
59788733
57313383
61623894
65654648
65227563
65463331
64213797
65134222
65778907
65996207
68551227
59629236
61450943
68456536
63565185
57442112
66577015
68645978
65861660
60564775
66347302
59317921
66013170
64970544
61660207
64774309
61911557
59167867
63830221
63654843
61115602
61351185
62989203
60213861
64670719
65235509
61955543
59318334
64322704
64945496
66284644
68057052
64685938
64239754
63529348
67084669
57299894
63324860
64636631
63418412
65551770
59863351
56912344
66451906
62804750
63719993
59493971
63096425
63708062
60596508
66342291
62515869
64877924
62326253
65082094
63146990
62292104
62379729
65574749
60929011
60962788
56523779
64920556
63768102
60538986
63749583
65819515
65225411
64036378
57923886
63430133
66276812
62974653
64093635
64997870
65511463
64399287
66027643
63272272
58593070
58917858
59381465
63396298
64012585
64555246
63466206
62858284
58898311
63283887
62361506
61151530
65604104
59230134
66950082
61117908
60016379
66219482
67056095
67175762
64836176
64579039
63733765
63740226
62115170
60806466
68997071
67227572
63062991
57936564
61425480
62716101
63197741
62497068
62339272
60158577
60991484
65172199
68330535
65036200
67011617
58181234
64105608
59910497
64792711
63452666
64035633
68464122
64538692
64972278
62768895
60042242
64858422
63547367
63712221
65394274
61265292
61648672
63775937
61941724
58915511
63885501
59525219
64123853
56380233
64699195
64894088
57464629
62802676
61103564
65859590
58442122
59891405
61207211
61306211
61338592
55845853
65105269
62365815
68767290
64988303
64000500
60617114
67044208
58450977
63671898
63654366
58475303
66803578
66272992
64094370
58204256
61463231
63569959
63826026
61820830
64284481
64399650
62813400
66254677
61971852
61091967
64429247
62111663
63599846
63357825
65463769
59432842
63177897
64293169
60836872
66160127
60541979
62754578
62363301
62667646
57985435
63934463
63387174
62492410
62056501
69148200
66639173
59002625
68521706
64522271
63251293
63552754
61883562
63094929
66372389
64178330
59884044
66714155
62476682
65971649
65888289
62890485
67061852
62140414
63695016
61160339
64045407
62471392
65427781
61811786
57564571
60488983
60893744
62536709
68288485
55201311
63668410
57366741
62130752
56215281
61958695
63642771
64522960
62894257
61791912
57946598
59880553
62206497
65424456
62829163
63521558
62796453
57811738
62055192
63820143
64983535
66481173
63636838
66574872
66467298
65512424
68829186
61290998
60076631
64379474
63107246
56170507
67466344
63611092
62517970
61531032
63038317
56840715
64947887
65056174
61408620
64811987
62372333
61591322
65216222
62951982
63147922
61193689
58586944
61274413
61411210
64918686
60418440
59870480
63806752
66043824
64814566
63130687
63762898
64427264
64295838
69535928
55526885
61112452
61091769
63781248
64872358
61198353
58782198
65305582
62061036
68946318
60453189
63370971
65325205
62484750
65429015
61128729
64927456
61079782
64480831
64136096
62321832
62801787
66239987
60882373
63228097
56720096
63574901
64061146
60017872
64181827
61511660
63154132
63500420
61355864
68449417
65278332
61429875
61777642
64650277
65425925
67977175
65923951
64783195
60505314
62153500
58042260
66907755
65987302
64293937
60538826
63318855
60208839
60931087
63744238
61117406
64002784
59932718
67685225
61269759
58188503
65976584
65391805
65590026
64437863
61750946
62617346
64064043
62715725
62044287
69084120
67321466
63735714
56094049
59766804
63393845
63347904
63827253
60030542
60700492
62297145
66410374
69342620
63526544
64122599
59916686
65111086
60609966
64847603
63717629
63602982
64152034
65494517
64513176
66671884
59304789
62764680
62670238
63629245
64508989
62141118
59037992
65835335
62945769
60999230
62350733
57313811
63044140
56420688
65558710
61269591
55106367
62379779
60698656
63356039
57334122
59103625
62526786
59255842
59314104
58017510
65241617
62777204
66174035
64916116
63547457
59892599
68363327
54758531
64779299
62900600
62165961
66554667
65994275
67265877
58618339
60342681
63953610
62676748
64421777
60856097
63271340
62043898
65594141
60798597
62106886
62699547
61253908
61308707
63531226
65881750
59835505
59650130
65192950
61778142
65624028
59159981
61000370
62003246
60921434
57273531
60074580
61562413
61392452
62892104
70815649
65471486
59800633
66607026
64756758
64768852
63433823
60928850
60980683
61580827
62038881
60864933
66988803
66189509
65948463
62061053
63525112
62634972
62514201
64341838
61642772
65330941
64882683
63571613
62166935
60023874
64451918
62182148
63707221
67455059
56626083
60979376
58285918
61613573
58541434
61547135
64482349
60597529
61805642
62035875
58483843
61383099
61558065
64783245
61729178
63609853
60085164
57203654
59948340
65149088
68010255
64347815
68972276
65648198
66698240
62906318
67098241
60766381
60159041
62930696
64900277
60439553
67432180
65728858
66298488
61464713
64084434
56878277
66310948
66298816
61725934
64181546
62759103
59047959
61183312
61473270
63417289
60382400
62805713
62922101
67832307
62269260
59343687
59720745
64480686
61334276
64687762
66022117
64987206
61744229
66754486
65313648
58369919
62678895
60817740
64467023
62722514
59330663
58483220
67657228
61734376
64328342
59804972
62911908
62640006
58181058
63720333
61039609
66068420
63144504
65566387
64962917
61784902
60786182
66178512
58444760
62357859
56508624
64968606
64088828
60891945
66424106
62153590
61926477
64878474
58131021
66094396
65931091
64876016
59323785
66350810
66637788
64834114
65462585
64503813
58903684
61715085
60779277
65881318
64702355
66896151
61813987
63106066
58232743
58598710
65144258
61153343
63490977
59134271
66058419
60678485
58343484
65045984
64074244
64211346
63859066
62859644
63638468
62863680
61581272
59895251
69997716
69166719
60441267
59134014
61938113
62134744
62965976
61459333
62853928
59006008
64422100
67948468
68878456
64052899
65613395
61649271
67473503
62423356
66347336
62337572
63489003
66405293
64940001
62813491
64034327
56786572
61849799
63052011
62612403
64070249
62552713
62071440
64713054
63500430
61697857
62369644
58504100
62138672
60206401
67972532
63814100
57353251
62435086
60587918
62685163
56704941
59201304
61465270
61390985
60538269
57138856
66977641
66070559
66246068
61966724
61227700
59269812
68723001
58609302
64578867
63843217
61792844
67538328
66579809
64771590
61034041
62001009
62781504
62616114
64633247
64226889
64185048
61479077
64298532
59386605
61707547
65531564
61285670
61518106
65822309
65043053
58198781
60957064
63767947
60487567
67157995
61666320
59979449
62969745
62000618
61185260
64503140
60078517
63707807
68563915
69170572
66245414
60518433
65009903
65195626
65213549
64147000
61213118
62310293
63117638
62295906
62065094
66689011
62534274
63798965
65742664
64322486
63770802
62070450
63419030
62057753
65512525
66269657
67124770
62906719
59201105
64277661
65370871
62783795
69678711
57869904
63270328
61386999
64651404
60968874
64129795
63669516
61766526
63311514
63355073
59908834
62317647
63061713
68312745
60869004
65624858
60163008
59615129
64483857
63297122
66493492
67653188
68496527
67417001
69754954
65030976
66454310
60545765
62817213
66199168
64019644
59813784
66586841
67002905
63997213
63839464
65160263
58936224
64980827
68339469
61680069
65495737
64344213
60333141
64895613
62956710
62836458
60341855
62441429
61667360
65236716
66751171
61671095
60937361
65066985
64952005
64416580
68600616
66371677
62183723
65097737
69954111
59972671
64473192
63201018
64325690
64692429
58378772
60497332
66428914
64010329
66050818
62443557
63491269
62769420
61746710
65392813
63582049
67167062
65925828
65993120
64404130
62971998
61181958
68012694
61926299
63057850
61171639
68472793
63920139
64040914
62739873
62842901
64059100
64687545
58711509
65320926
65144565
66648186
64165825
66878086
69865314
66173456
64641809
62201916
62900018
60945283
61150064
67566360
66222777
66291036
64491545
63595449
58094970
58242271
63342752
65138892
63086256
57125647
68484730
62906123
61510719
68533512
66249390
66820569
64382539
64308178
65803482
66628673
64126183
59996582
70730851
68862897
62201728
60262976
63285856
61202346
61497033
63658332
63266340
63195358
62683602
67165338
71630202
62845301
69724294
60450297
65671019
63485441
66988900
64066497
65725684
67115250
64019699
64253116
64464144
60674415
63395520
63702676
61938213
65101401
61927184
60538421
60793723
61284517
62713797
61765784
58063572
62119127
57019573
66221840
64546185
59181400
63015393
59715749
62702728
58557184
60543543
67295592
59749874
63462435
59701199
67670097
63196752
67229507
63593152
65517924
61025861
71257764
58277772
63151440
66363010
62438290
66324596
66923305
64608596
58775194
61562129
64198592
63659135
65205748
63552169
64929258
63584127
66237433
60926503
61596490
65301576
61261035
63206647
64556474
65348401
61305441
64955217
67457229
61535543
67369547
60703392
63713570
63405229
64643802
58790844
61419357
60998939
62418487
63124707
66953032
66928238
58952033
62573495
64140514
64076431
63279186
61751275
66653969
62506551
61531801
58441036
66876841
63504690
64555698
64160476
60969791
63967103
61911687
62752805
63249041
63779116
62743371
65531020
63128986
59187605
63054580
61551963
62413131
68120866
56929663
61920763
59686553
62598031
59651411
62322376
63057819
62399890
61485558
61909989
58935390
60928711
60386855
65316315
64310151
61873853
62565567
59762639
60764407
60448975
65618333
64195299
65667634
65520594
63122334
63863907
65884705
59942419
63001916
63958551
62839055
55280562
62198626
66839827
61149209
59860752
63577740
56938288
64580038
64660290
58947939
61289979
59725827
55867973
64533560
63395167
59843341
60172663
60966913
62550623
65816787
62063710
59651827
59411583
62427606
63463313
64998523
66955484
63150571
63708960
62574956
68107143
58135848
61444178
61388497
62098472
62412160
57958764
56692009
64077832
62517805
66052937
60764279
61713073
62040261
61169485
64599988
59703520
63411910
62160552
63686711
62806915
62381057
62610018
65079637
61683105
59904798
57085572
63962244
60769394
60584802
60667688
63922116
64223527
64040855
60234431
66724690
63587884
65271661
63831262
64999343
68291808
64752399
63777909
61760712
60446920
60634564
58569805
65687690
64543622
62056046
62259088
60957128
60863145
59694143
59620749
57966961
64580088
59045040
66206971
61454373
59887204
68496412
65701240
66688158
62785484
61526897
62307563
63053031
64856203
63442874
68550692
64010901
63672657
59811060
60231764
62125872
63545159
64653350
61075240
61509505
62170230
68485325
66746669
64254220
63658609
60429294
65351875
61247435
67364323
61922004
62898775
65026718
62965412
61409875
62549136
61170281
60612613
63084307
63265852
64968996
62486597
59586938
63792923
64503104
63254304
61080293
58119068
63188522
58073439
65117169
64692793
56821226
62182932
59984170
64896583
56345344
59872247
65291478
58235009
60787033
57681309
64133962
63753106
65341186
64205121
62793059
62577037
67454496
55026349
65229611
63242039
60114414
63528468
65165194
63650737
57910489
60481881
62220487
62389067
64317848
62234449
62703084
64543995
65506589
62279489
61802913
62877752
60244111
61168643
61820922
65097465
57543500
60791817
64208928
60183676
67189826
62138562
60359040
64087215
60987844
56344633
60914947
62586463
65972823
63303694
65792491
65898587
58164304
61640371
63485356
64455823
62951632
60491797
61831335
63121778
59966897
57226454
64031929
62990871
65084838
64439403
61611664
63148880
60652815
64585840
62468583
64169235
61000838
63402100
60444451
55091427
64794283
61837177
64074147
66074332
53607624
60639854
58584649
63722380
61813949
61612770
62286622
58959882
61185602
62708064
58644144
58958529
60540113
63602632
62450781
62728028
62250845
60142729
60272515
60214314
64745061
61897821
65518118
64291832
66045679
60792818
64534213
58798491
62301219
62472851
62545843
57292276
63608589
64639594
60393426
59789335
63160271
56749582
60506082
63152891
56943959
63062456
59536018
55551777
62989696
62754518
59202969
56851171
63436143
63040590
61189054
62355947
62232120
58488666
59991807
65447004
65999986
62999082
64021348
65944859
63457407
65597633
59123141
62552873
59238261
63672803
62000964
59274010
57458516
64007917
61863612
65941077
57593825
60560741
63069454
59650468
64927891
60575235
61788226
63097456
64925893
63720133
62416366
60604147
65867118
58634288
63020146
57287563
67143589
63500604
61089652
60740548
64153442
60307117
63620468
58175548
66673623
63849419
66047159
61926500
63874074
65384674
64889341
63241883
60757317
60901464
58513949
57823752
64702528
64227849
63512061
61424888
64329251
58918050
56925366
59122662
61188584
63985205
55847419
64691906
60761978
57167730
67841934
64147315
63357996
63940550
61838223
64716038
62545322
61718521
63664086
68680462
67473683
64398323
57750001
61216408
62323924
63003851
63988018
60234997
58134009
59341162
66907613
67691320
64001509
65099854
60945826
61913930
61532623
65923534
61370728
61891597
64907885
65719562
59258611
60460371
59149911
62127401
62793398
61971018
64979688
61123271
59487929
62102716
63140383
63459454
61339730
58924985
61900196
58604900
63704798
65306552
59087915
60423165
57513485
65962477
59919751
61250095
62985098
57736361
59628801
56233367
64124494
65156151
64023462
62657763
61118186
60173524
68077973
56430309
62160101
62350017
60208675
64984949
65312493
63219201
58799530
59501398
59617387
62488584
62768161
62304501
60742776
62854713
66357849
57574540
59521623
62083026
61288059
60361183
62795746
61747810
55770690
60273859
63056083
60724551
64024431
62122824
62894722
62445916
59365673
56944228
61756636
62019704
61705025
62979596
67564509
64984254
56359411
62386046
65874522
63796916
61605086
62641462
61552944
62991463
61691282
59842641
64978791
62411925
64899461
63457263
62729648
59543823
61553068
60705728
60034825
65302836
61244005
63482522
62547084
58019688
64495138
61408952
61566819
67899024
55480107
60605565
59204314
64211763
60367599
64434813
62321496
60927370
62833916
63975559
56581582
61028189
63220059
61929778
60821301
61623716
60025784
56418234
61189374
65031750
67904752
67095555
64999371
66572241
63329791
62545139
65255949
60511967
60249741
64451992
61576122
57604819
67030737
65263351
62813369
57872037
61275662
57548139
64295234
65501435
59517843
64258850
60637590
59195244
63441982
63900519
59185672
60851328
60577420
58475412
61936205
64050615
60204243
59563639
61319557
60724624
63888850
65253242
63664988
63757795
62265079
66540539
60262705
61246403
63180016
62920151
63479844
58610503
56499047
63071634
63091551
65154808
59844795
61100109
63932041
58471528
63745776
60729912
62951910
62656101
62728482
62025032
62244870
60322373
64632635
58790197
60817700
56960893
64385219
60731444
59796477
63003855
63200238
63073128
65670554
56703010
65943024
66443459
62312340
59826687
62107079
66368314
65656307
66035604
58310793
60074383
62216816
57066228
62336297
63823342
63468729
61744229
63674291
57974126
58673469
60889616
62306655
61848299
57826587
66726428
63386925
57147361
66147077
63506429
64066191
61274012
64860500
63433304
63683812
63391664
62030617
67703068
66830707
63706194
57873602
60504246
60899122
60397106
62649723
61608103
57057007
59902293
65714304
67781063
61473980
63013505
59283388
63552061
61378447
62240385
59673464
60560865
63374078
62588915
62816130
63295821
59908333
60310835
63701222
63589016
66839501
63312348
58428838
61530161
61042385
61325907
60397728
57010581
62268320
59252436
64509334
63335743
57080153
62062684
59616553
60116536
57933647
59434189
62302578
59168852
61161091
55366752
63980455
60530007
63141700
63686424
59909493
57020391
66909520
56725707
59677154
62030143
59231904
63420627
63106142
63842815
58163764
60788531
59624658
61854838
64654566
64576843
65074583
61770078
66504786
59224923
61618218
62291018
59643913
59292555
62549353
63323040
56713870
64002207
64163079
61349649
65932994
58286146
63355421
61288956
61418416
56569458
65854796
64281093
68697207
68331408
70964229
65466750
62694542
66142227
67557877
64629707
66907949
61810769
65179134
67162597
66642948
61265717
68429213
66210007
67415626
68206559
65121061
66697421
66370440
63603619
64021741
66195166
64649926
67560160
64476665
63074630
65450229
65199923
66142625
67915570
58856371
65088355
62260069
66486201
61593809
66055207
65662806
61358506
64292720
63961910
60774156
63375071
65659009
66397645
63305771
65162873
63014972
61959708
62053777
65058234
71141323
66937817
70332606
66839903
69422212
63806466
67605814
64239390
65670637
67347212
63416878
61976569
68344062
67921493
65679264
60661359
64588052
61753591
67508638
67174627
62488073
64910953
63046240
61424540
66511376
66053839
63199377
61826323
63436790
62199837
63894187
68743330
59727893
63533625
66098973
66314885
68782746
67687898
65667516
64740343
67531039
70027463
59280202
66527513
62600693
66197601
63005325
62459295
59031484
69853076
65619883
68457472
64491960
64438984
66595274
64326956
68674461
64511074
65304023
65362034
68559432
64097063
66734428
65585939
65659265
63481218
66010863
62206394
65497028
64457137
65341366
62797140
65652826
65127399
67244487
62930770
68988725
67301120
66238362
64505481
64968004
67516349
69809502
66134097
62302563
63369735
64123533
61794790
67701544
68031486
66958336
65410525
68567672
61387518
62207458
65685230
63730412
65700002
60289689
68357560
65658403
60423017
65935829
67480563
67306579
65682430
65435150
65899235
66112055
67319632
60631457
69586391
69567445
65726541
60177529
64131824
65371723
68781645
63839973
63166071
62440257
67705166
67314791
70503476
63516619
67405395
61868956
67593249
63629440
70212946
62967122
69003647
67518979
67512886
65836823
64993220
63240146
63656536
67746753
63728457
66522633
65323187
60623673
66270826
64578876
62458460
64363793
62436937
65077845
61452156
67431315
67159213
61468595
63218080
63090139
64712753
60447586
62127743
68245016
63641743
65626981
58818150
68532792
65855554
67096768
66512785
64208964
62720159
70434916
59645920
66644204
64800259
62998824
66324023
69160327
67095708
63216450
63740694
64801560
66074382
65911442
67898348
62494909
65004077
67013458
61784601
62905492
67187047
63170687
64537184
66758859
67929834
61203631
63186576
67142776
64554879
69436514
64327488
62552562
63410311
63983950
60602136
67816327
64365620
67574977
67393723
75290969
70078020
64751551
67288090
67085010
66782490
67205350
68345945
70190372
66935212
66759473
62524133
69209790
68934070
70155838
69544481
67096962
67672984
66807443
69041907
66875004
70092503
66530649
69057020
64651815
64017934
69074137
68358927
65162919
70825847
58937245
66610768
61494371
66784152
64465121
66794632
66297051
66835728
65811751
68416881
61103779
66007539
66588951
70200165
64695008
67891804
65411807
60523808
65401610
63293725
70165434
70565123
71582517
67781334
70077916
68831635
70098936
63295580
65108800
68417244
66056421
60597998
68465611
68912139
68942238
64172851
67564259
61194868
67814000
70645087
63702445
66950126
65029388
61010551
67881410
69645683
64416702
63167929
64756469
62452411
65981934
67268272
66167604
62731186
67639339
67375068
70665332
69384098
66692785
67128639
68911212
73104800
62210231
68921320
65043054
67264167
67030647
62186953
62438873
69415179
65954053
71916209
64907072
67304174
66898831
63146488
69388294
65103103
67822988
63336042
66981750
68614389
67384355
65635395
70094830
63339853
65447893
61441507
69415936
69072259
66769286
68069421
66206464
68966793
70462558
61188550
70763093
66533251
69048363
66828739
66963612
69608414
69944598
68814928
66888975
62846452
66848898
63335104
70903611
67961898
70180316
66872362
69611680
63456709
62213599
64262934
64755987
65955578
63648160
71103195
66060138
60998078
71555634
68173199
68771778
68106515
63766829
69188166
65660077
66972347
66372147
71820824
70705219
67900830
60482392
65920388
65732579
64053871
67710468
64827631
64883687
68469847
70525649
74883417
68765265
68985660
63590864
70001819
67596043
69117382
64991889
65178567
71317649
69872611
68292031
68993914
63892885
65426458
68286893
69017030
67754702
67103888
66642182
67004894
66560697
64740608
63976546
61516876
67816478
62347457
69057415
66790677
63100187
68793686
67277073
67161282
59219064
64515265
68255216
64315122
63716371
63052028
66004709
67591501
68530191
67572577
68588325
64646410
71825545
61288442
65977223
66840787
64447214
71139548
70703363
68338509
64932537
65297268
66365228
67433499
67884376
65967837
67310193
69000287
67725114
64438596
65284523
67346303
64664034
64700676
67657492
68921966
62162087
68883517
65940943
64058100
70736417
63782834
67265794
65643073
64107418
61256217
63525420
61605659
63959877
65701393
70864826
65340445
61217040
64101034
63759564
64846984
64003128
62997954
62559132
66114633
61683321
60255530
65862946
62663663
65996142
68279447
63506413
65419432
63289500
63505978
64143985
63819259
64975381
65600119
61575014
61011821
65993194
65073202
64228310
69657567
57029303
60901026
58982785
64216801
60482807
63790014
63299542
61333726
62426021
66307215
59171623
64219688
65826304
67730147
62390043
64974229
63480362
60356490
59396979
64319515
65843528
65580648
69549350
64798814
68660352
64796748
66643479
59205625
62816652
65520814
61776330
61242013
65520279
67747064
63630529
61156086
63228406
58832092
67084393
65510963
63383912
65857188
63715561
60829447
64858590
66291110
62360366
60099590
62292183
62168129
64994986
63746962
62569615
61987620
62029171
65543673
69491917
66342062
64445517
63208225
68634156
69797467
60184521
63659522
60154214
66225659
63874079
60277037
61548455
67391775
65599902
65702569
58437293
63632761
64527893
61253309
64758812
62332849
63553236
63395441
66871793
64338702
62772273
61447280
65530362
61075276
65201334
63347343
66457538
65863470
64986969
63235519
64303147
63336279
66974310
60262360
67075089
66412577
65691252
60710739
65260985
69193249
63992906
68938617
65125308
61680947
61925359
59414414
67441606
66187303
68062908
62727173
64119685
59366229
60128316
62252960
61833465
62340522
57581186
68695789
62671013
61463216
68276816
68129140
66369190
63428509
63656027
66962478
61765291
63363114
61885882
69540533
68861221
65309699
58807961
63912007
64289770
61528362
65180589
64272521
60293690
66517515
67071259
71191315
64308116
68891544
61614606
66279921
64003759
66775522
64165673
65845880
66265372
68351698
63771443
63182142
62287769
64627210
63106239
63270656
65167310
64268204
62244060
65544208
63236844
62404245
61832479
58439539
63159148
58542956
65675429
67415454
57558631
61506103
61525170
63320643
58575622
61738063
67506736
62012266
60728895
59106297
67518047
64548560
65827604
65598894
64981428
63834075
67805087
60419475
64442427
65411844
60550137
67642736
67411118
65801499
62189323
63859643
63106854
63931674
64233983
64490855
66577492
62420810
65702791
61082515
62768990
65048979
62112535
62291896
62425309
64470116
59820352
65829422
64927130
61584455
66355926
62444562
64957219
64213193
60814610
58650685
65087649
64989331
64688632
66471518
73579102
67599787
62215545
68099235
65715999
66527715
67668760
65733114
66452407
66306214
64465518
62806936
68701765
67948484
70997244
69140318
63673047
69193722
65673941
68539898
66460789
69484523
67099570
68438131
64371596
60505559
67381917
70104724
64100687
72030620
57643125
66574536
61454257
66861250
63563006
68411251
65484342
67915939
67121710
66527120
62843333
65238418
64750318
69178408
65130502
67152686
66282863
63445513
64921107
66657475
69443248
66412211
71117684
67426353
69258166
66103881
69755875
63508423
67164218
66365136
64682891
61699430
67449035
67114594
64464072
63231827
66164883
63745781
68261553
70294681
61219719
68451483
63767226
63284269
68850560
66580129
65548669
61154152
65087755
65281521
64358830
68008654
64879090
63296896
65491433
66503981
71687633
68230317
65126604
68280859
68722683
71687301
62535344
65607487
63634916
67690508
67818902
63058780
62085368
67065155
64891061
71637655
61515083
65118525
66072396
65344038
69086516
65178685
67171326
64355682
70277341
66241852
67006091
66331231
67873979
64355666
66540683
62726058
68599623
63934996
64534439
69681502
69315745
64772490
69638392
61539236
70619025
68715940
67537168
64439773
67640697
72915881
69478528
67707687
64585326
63687232
67287706
61664529
69937562
67433050
67313091
65983592
67698575
62356186
62918808
64544407
63788191
64918083
63355480
70479853
64594137
60797710
70742112
65957442
68026181
63586211
66576623
67336127
63570734
65800768
67824495
70041110
66466771
67501143
61815789
65498572
65946566
63813117
69995489
65355704
63660735
63830887
71639693
73292813
69053368
69406374
65064429
65680295
64078196
67342357
65997290
64386126
68877260
67703083
64232783
67480742
65163947
65327550
64630342
67034385
69750069
64699672
62632716
66962330
65995090
65156668
64872615
60844042
64582239
60669725
69436352
66704905
62684287
65132428
61990970
67499971
62676733
63717848
70188355
65026124
65402444
61943223
66932443
63552996
69156301
65749791
66730130
65863165
70521354
61271294
67935184
66224385
62956551
69559320
67811536
65442179
62439166
62642603
66871128
66962574
66167313
65995105
67085035
67301176
67932624
62966651
65469099
64096705
64493565
61577915
68099722
66675559
63516604
64612819
67575827
64035226
70445984
63777875
65609965
66313532
64526398
62154446
66502464
67242697
66955592
69658249
73300511
70616616
64630611
68368821
66749032
69070200
68038554
65065509
68015475
69681672
65309189
64444133
68667180
68632508
69839050
69573121
67463713
68875951
67636916
68196421
66626862
67012796
66410970
69190865
65748501
61643495
70385077
65854690
63665585
72693321
59170146
65383841
64848757
66430813
64399635
66197201
66475581
65386078
66356379
68911151
60272145
67185893
69047597
69970089
65049508
68745528
66138870
62116785
64365831
68048933
71033696
71477850
68261443
71542448
70817331
66382820
69722492
65429518
66457269
70654311
67103554
57814534
70186397
70980389
68753352
66681507
67309105
61750244
68338520
72299836
63809955
68808493
64746227
63668046
71512131
67823998
65243903
62848185
64529254
66354117
66420912
68274231
65643751
65055388
67390541
69408597
69217545
68813204
67640975
70895762
69663340
72442165
61249414
68441749
66642236
70165867
68648716
64835969
61216489
69563702
67424840
70406070
63615917
67001320
68480348
64708036
69503794
65003767
67375948
65941274
69878772
66593890
66359748
66467962
68881012
63123870
67723100
63170046
69737208
65670221
66949430
68187873
68422535
66555039
65883773
61657441
71117581
68551660
68455443
65564084
71767430
72123630
69433388
68055994
68019412
63633752
65241447
61778388
69580988
68887676
67655143
65482943
69468507
60658790
63075589
66677993
65792879
66152896
62515648
72312033
65537712
64230967
71642761
68869186
70720731
65554958
69077720
67277100
67585028
66970008
63831609
72588288
73256884
68123383
62506510
66812258
69762528
66184054
67120050
67951754
64665820
65995486
71813870
75500901
69871308
70218938
65902907
67821640
68807351
70039370
65286364
67076572
71268888
66805648
67155689
67538890
62862411
64292491
68420580
69404369
67054412
65456887
61691699
67116429
66785032
66693822
65511768
61847562
66989712
61194020
66666978
67235737
64464402
66417609
63290833
67442836
62276338
64290365
67729334
66446586
64341979
62150606
71653030
70039317
71873084
65471483
69206497
63895930
72809576
60213338
66592393
66819396
63945739
71760613
68212002
67575738
62159197
66013051
66421295
67887076
66424498
68177129
68077095
65622537
67261147
63515340
65600049
65424680
64798415
66836868
69361891
68688148
63590168
67329669
68740078
66130724
69451225
63645470
65314608
67905794
64796990
63030571
64240920
62124877
65966900
64137794
69675602
68347179
58051210
63393716
63883362
65654872
63629730
65065992
65849417
65418679
62980173
61987611
68765855
62058285
66854413
66353652
64155227
65120691
61175594
64804968
62959291
66456513
62431438
64700811
62531119
60390154
65872344
65994724
63639828
70010293
57031837
62949904
59659443
64441491
61261527
64173414
62823933
60265121
63512762
66701398
58776344
63427990
63404599
65377933
60778003
65274881
63829327
59518479
62923079
64160327
66068572
62255294
67893693
66770267
67866079
66001137
67676076
60273872
61905668
65097892
64309577
62088059
65046336
68785271
65401133
63966884
65312930
56543758
64890764
67972555
61393366
63696647
63599765
58895578
63897660
63118639
61323416
59188248
63031466
63685205
63519800
65692580
61538644
61330563
64892672
66366593
68647733
67639159
65362374
64281004
64167183
69033969
65027623
64106749
63218987
65354675
64679883
59381285
60120253
65938834
64986990
68562155
63208170
65378212
65483095
63250603
68350983
61580724
63462594
63298261
66250064
64764906
63783235
63715575
68760982
62556551
63847269
63840201
67950188
65310884
62687221
65646258
66445691
64840168
66671873
61986690
69089578
65096846
67889703
61905985
63271953
68149093
66613002
67163531
60366690
62551005
62963187
59041924
65986430
65434884
66201019
63359343
64355407
62794418
59956505
61637705
61386924
63549610
57660805
66480559
61717844
59535613
66292559
65474412
67237439
64760904
65759243
67207807
63293658
66722042
63345931
72199497
69005954
66671358
58562604
63446876
64944687
63660342
66762869
63744713
61452561
62725988
67840352
68499303
66196110
67009220
62296800
68814538
63395065
64285679
63069834
65387706
67623951
63682597
61621430
64420119
62546140
63059630
65034506
63592307
66086260
65382825
61888948
64598509
67279928
65467971
61623960
61851349
62495728
60237998
64235086
66730953
59932899
63875663
60225854
64502924
60250122
61706778
65675527
63119300
62353167
60513511
65059421
63782862
65001503
64653686
64767945
62480590
69372289
59918741
63848021
66377273
60098128
68999568
64475123
66018304
64022347
62620743
62014107
64025649
65939895
61467116
65230562
64766359
65062801
59983454
63622162
65352174
61717794
63357086
66836313
66097304
59980703
65744140
64612541
63761978
67969270
59642118
64690272
64634242
62953121
57209616
66334943
63815344
64349540
63069251
71483770
65087286
59310370
64242836
65102829
64320519
65197111
61728919
64224132
67296224
65103173
59951306
68273373
65014683
66652969
65767538
64621629
64690453
62594725
64078570
64539530
65768753
63692930
65104367
61661942
60371886
66935672
66429428
61429102
64266746
55651903
60879096
59705651
66699106
62465944
64581662
64039418
62516327
63790831
63869998
59218498
63032337
65230807
64694580
62170529
64675413
62136325
58261099
63292657
65333290
66119423
69671147
66818375
66911390
65917854
65409997
68494332
63689718
64994401
65384699
60747122
58857666
65827719
68376109
64485512
60136087
64297913
60168027
68409651
67230136
60068655
66292483
64029571
59315798
65059759
67377066
62507711
58045819
61749989
63225989
64288100
65318122
63351613
61750162
61819566
64188459
68454073
64742305
66319562
64814944
67950969
65856344
60228040
61456115
63039828
67383414
64433004
62052545
59179098
65958333
64622513
66444892
61969850
63838994
66766063
61131089
68143324
63593143
65588071
62309118
68474564
64900788
61086554
63319466
67223933
62050378
65643557
57540630
66753363
63158294
59927591
67729766
63933565
64784733
64839429
59513721
68029810
64125716
62288922
60805227
63792230
71077389
66695653
67052042
60566071
61447137
64659012
58578750
64973185
65341877
66163826
62411947
64171591
61176938
61420796
61810456
64615376
64569578
59691880
66033327
62859901
60502697
70352736
68881417
66253058
66268145
66215503
66464137
62977302
65220546
64710160
70180963
69955985
66071454
61111116
62332342
67510541
63941639
64944802
63629214
61197393
61515810
67442965
68477757
66122813
67320474
60728854
67525412
64211990
64513898
64303146
64020921
65586987
63565349
64547538
65066042
62324959
62746404
63218926
64392039
66267689
63571051
60709717
66264512
63811697
63295100
62653843
57145271
63776323
59827138
67067246
67051025
59069364
61235332
60364138
62543424
58160468
61693378
65145086
62904419
65792892
59138457
67460538
63657504
66238117
66163284
64780927
62175896
70011232
60462906
64253686
63650394
60688992
65823396
64843232
64288658
62187157
62893568
62839566
62598028
65551046
63150449
64688233
63738816
67705618
61558018
63084067
63515827
62510434
60086830
65261677
65899098
61687942
61138543
65680554
60180956
68046409
59034066
63949520
65463921
62710125
61603277
60703130
56870598
60555741
62143312
65561305
63609381
60641597
64113414
62651358
63778497
61389233
54943077
59675477
61616487
59223838
58187658
64798717
58766131
62196867
64535580
61530463
60608616
61370642
61159075
59348689
62216191
61695365
62703179
59556346
55232086
60341914
63894523
61067283
67541920
54415808
60517231
58441952
62526493
58826380
61654467
63022402
58628891
61992296
61821775
55685841
58780991
60123636
63222624
56821227
63141888
59476596
57252439
59889728
59685622
64105563
62730660
64872827
62505509
65081333
63536710
65628579
57934317
64650060
62932984
59906310
57000057
63727384
63268659
58836630
58774305
60456431
55585673
61680179
62957362
55969597
60125363
57492737
56856284
63476180
62583497
59591742
55956083
59816979
59722870
60105683
62542631
58683475
59246715
58206411
62835671
63911941
61283190
61462130
61804786
63085924
65459742
58569606
60551033
60112639
63101257
58626337
58483247
54536660
60618098
62434463
62554453
60760753
60294334
61780316
59060241
64790908
59258066
61835143
58712795
60316253
59990431
61261355
60034747
64749686
58836311
60803029
55460732
62020801
61082366
60545969
62532716
62488890
58348394
63028493
55240854
65483916
62515991
61532690
61386657
61054703
65519030
62999701
60102156
60229406
58426721
59812736
58803912
61642963
62853516
60581851
60866439
60113127
57681998
57186857
58651423
58774035
60557143
55442303
63478109
57926909
58868201
65845329
62957152
64264038
60399678
62024209
62913431
62657900
61380832
62871805
67002567
65650979
63712197
55263783
56812755
59737369
58892811
62849737
59517547
59329026
59828611
65930099
62761008
60587960
63051646
57205245
61848122
61661563
63024260
61438223
62900043
62521488
62770351
61767918
60762921
58583336
59553686
59263437
62033085
61841365
61760833
55197193
61711044
61585393
60763219
61831035
55028896
60664789
55300816
62277211
61760489
57507676
60404398
56859130
62488345
59603512
57998304
61850657
59879817
57981969
55642349
63256788
61769752
61480351
60486450
59978034
57155341
64072154
57181824
62004260
61539911
56235215
62118361
58993714
63290282
58218054
57646060
61547909
61296922
60977512
61569972
63609476
62236147
63492246
59484541
56750881
60486961
57434276
60532191
61155507
63396755
56892109
58794732
64154273
61429016
63604802
60083355
61153419
59903588
60178225
57275839
60629169
57259758
61534894
63575550
67142339
64951905
59108116
65641479
62848554
64475525
65398520
61510601
61726141
61751081
62066319
56895615
64891188
64247339
64806788
61982740
61694174
64101831
60430732
64327037
58362560
64698069
62088983
62316668
60708431
58304980
61745742
61903629
59381577
67609546
55447143
61997317
57950748
60520204
57444653
64520347
61695392
62046806
62095678
61438249
55461428
61737516
60635506
62891909
59218401
60851537
60405717
56930066
60109239
61167179
63256556
64436056
65492155
64884638
64597821
63641794
66285779
59151461
60628757
61554869
63247692
56628620
64008704
63090513
64527629
57624259
62543029
55949830
64178653
66506931
56138572
64212184
62938772
56787197
64570641
58038264
60182068
57304870
61306985
61107407
63057525
62601271
58811667
58871559
59909024
61442858
63660858
62867102
62919816
61557004
64627512
67853537
59286547
62533282
62194966
62967273
62993222
59229405
57033441
63915959
63175800
63059094
57718045
62080394
60188505
57864796
65705997
61857246
65887645
62592863
63149172
62175783
66884409
62614946
67015197
58222326
59029364
56834967
63096229
60715896
60103910
62072167
63797567
60546278
62186567
57859816
65752301
65194288
62507989
62839204
62463467
68697976
65055903
63360556
61740185
56129769
61304534
58217979
64588227
63682492
65423003
60014674
59640525
56719079
56799059
60722224
59495902
63820895
55510452
64259873
61336406
61721776
65166932
62333386
62515561
63258156
62969067
62855679
60184123
61694151
60315993
67374663
67009088
62717076
58232954
61574578
60249897
62516626
60448224
62996831
60308627
60235248
64968990
67527834
63915809
63318922
59166417
64673238
61911424
63283449
60197717
61331088
64182618
66016317
61189260
62007161
58080545
61705685
59049894
63329699
64401540
60231212
57572489
63327170
61110469
63085898
62231502
57375492
60712863
56069857
62517213
61972528
58532921
60593713
59277079
62929224
60273901
58487679
64780062
60957086
58947373
56734608
61059046
61807080
64011079
62385837
61144111
57725174
66724871
55272924
62162445
62743599
58876844
64998459
60584986
62235484
56419005
59005885
61132507
62183528
62864430
63411115
62526486
63191727
63134692
62021668
61687741
59037578
61256555
61780215
64484968
62240237
57443602
59210323
62349995
58240848
66394795
61366250
63275297
61210751
63013403
58461947
65125509
62148317
65598124
63606903
71485454
65985444
62175899
66278358
65629599
65199635
62910885
65279559
64390378
63509450
65510315
60152573
65995261
66457665
66351452
67030836
63254220
65813192
63726671
64097611
64056344
68567561
67393805
64864501
62394717
60371927
64762953
63960009
63633955
71060669
57059915
62361512
62364147
63423540
60557963
65610138
64696004
62651180
62667791
63704300
59664986
64367286
64645645
66010004
65322868
63873790
64193584
60353821
62724004
64581782
64208732
65765029
67043930
65813885
68099951
65344818
69772228
62843073
65796610
66242099
63585844
60255020
67706893
66687756
65471385
61412978
65061653
59242883
67139875
68719657
59371072
64894460
64319240
60219425
65785641
62954435
63413177
61458049
63818252
62877397
63780687
65209092
61461303
62707673
63523947
66983469
69201593
66530540
71055969
64387742
63936777
67573392
61770958
66423461
63156054
65469194
66214605
61768039
59900151
69240535
66574873
66598183
61150922
62479366
63855698
61223089
67566665
62973275
66234410
64256534
64398074
66585513
63347532
62820240
67411239
63171836
63675095
58652801
66274090
64650387
62090417
63848188
67356574
64952843
68667448
59781136
69544797
65646260
66668045
63663956
66013271
68240560
67143129
66132710
60971291
62658012
61807929
59919072
67413353
63915287
66211690
64100587
65520230
58412877
58858564
63970233
61524748
66103922
59444000
67705564
64772636
61889317
68140535
67817883
67656409
66425826
65899317
66619577
66865248
63660736
60944834
69554151
68037130
63663631
60782516
64256558
65383077
64274293
65148483
64178811
63635843
61519461
66156299
69880804
66404683
65971458
63877961
67104766
65032912
66533419
63594084
65462901
67948430
65307582
63505766
65024730
60972860
64327405
66100513
63384164
68446235
64961839
59503521
66487312
62340025
64016075
61735061
59674905
64682179
61940541
66623058
66320301
59764238
62286982
61634604
62473477
60238382
62665526
62714510
62339896
64563331
57604526
66382413
65892766
67491306
65962638
66124892
61750366
67752968
60478350
65558448
66836712
61171776
65352029
65126714
64287834
59343988
62180243
65441125
65540876
67762846
62723322
66605940
66145880
69224804
61342199
62475196
64765002
62187807
65207347
65501744
65597081
60948776
64088003
64214982
61324095
68451687
63827174
63693523
63342143
62562929
57425287
64746875
64809568
68233797
67423287
73665630
67378372
65174687
67639755
66562659
66774351
67343545
61568848
66030015
69408256
63016672
63845532
69375126
65210696
68182258
67602329
67943985
67494425
64290119
66551397
65659902
66572794
68631586
66579340
67051196
59613983
68279502
70750816
65803702
73246910
59912112
66522365
61587696
67021703
63288421
63413966
68613206
65629511
64997652
68273734
60690627
66800751
66934579
69223117
64972608
65506255
63586396
62148490
65295324
66862589
70127657
67595846
69935970
69493068
69290728
68712087
69864511
64466732
64355406
65794732
65413960
63870071
69616256
69861968
64607193
64770732
66175883
63711555
69687699
70713037
63983625
68151400
64744341
63011764
68771452
68724364
64464037
62864750
62804799
60873792
67617042
67264023
63390100
65599117
61623071
66775354
71472363
68302034
67158913
64788271
69630709
70632316
64001976
66840187
63654889
68719248
68337453
61799819
60235791
65502509
67317776
70227229
63036535
66305791
65270289
63232370
68323028
62124896
67080972
65659355
68453817
70071036
66271608
66513425
70990316
65739508
63845925
61212036
65210051
66073329
62714929
64857534
66165167
65239580
69878946
64100435
70121490
67902521
68337956
64960984
68927312
71133778
69712296
67298554
65998727
64575101
63020298
61706402
66531734
68207922
69263848
64964960
68070003
62982199
61466405
67970007
65294598
66118525
62892349
69802186
64941907
64082306
69822136
71317590
70988136
66647711
66951041
68158231
66560306
65767491
64390316
70587488
70679455
66848061
61057357
64110317
63914396
64806376
67149288
66943309
63379246
65249741
70789208
71053544
66933963
67810553
64883639
69569116
66651710
67077742
65378064
65459560
67403348
68335294
63149078
67036330
65747523
65571390
67004167
66228782
69656324
66471723
64458173
66106861
67301989
64664532
66023949
59676242
67175104
58243843
66925885
68937060
62549763
64708190
62791509
66804206
62310963
62845143
66559015
65654149
62992504
60770020
68459721
66457240
70069438
67929488
68736647
64291342
69701756
63256368
69143941
68816383
59566978
68396969
67306270
67980656
63824750
62952874
66090289
66750958
68641296
67037387
67995969
66198722
69557160
64733991
66279462
67494267
63241539
65185659
65437124
69453177
64456919
66517653
67263417
61900345
68380345
65425113
65210681
63389832
67095116
60621637
63653593
61797415
60282794
63515125
69842476
66303581
60639018
65818026
63878465
64843117
64872230
62704449
60322984
63771977
60370061
59337358
66628793
66813082
63428298
65005863
65381278
60217925
61308514
63880328
63888329
66840638
62484309
64391056
63097124
58135516
65056782
65402362
61871479
67264578
53840839
63030450
59931046
63934498
59113837
63665395
64264935
59676379
63024573
64281203
59847843
61535048
61959803
66602609
62438395
61501900
60740525
58090445
60798144
63272042
65240656
65314636
68555104
63526348
64752699
62590474
67863519
60693274
61785834
62379692
62526707
57534780
67667046
65211764
63501707
59337183
62333808
59511408
68869874
65399425
61579639
64936506
64212511
57710392
62901120
62961126
63839732
58945157
62398371
59539949
63010051
64125175
60959566
59146996
60765981
62356255
65829904
66444947
65358092
67290315
65646686
67956038
61632257
62059054
62755279
66549820
65380493
60909641
59907796
64128951
63257303
66721893
61313918
62973186
62290251
61368415
66153415
63416308
64057563
60330264
65002874
65598512
63615546
59999188
64945440
62519608
63523137
59758356
64972881
64646463
61563089
64892848
63860427
64549872
66718619
59465862
65687975
66802856
65315862
60729248
63943692
67869672
65867860
66480928
63680887
61589060
62085237
58622828
66250400
67146200
65308794
62219719
64910530
59936435
58395781
63575515
62837543
64390186
57933422
68717727
62044450
60408046
68743191
64218776
65546502
65902009
63473699
62723380
63253712
61471725
63321401
67036557
67332772
64123788
60678239
64549327
63084156
61394615
63350030
62984134
60998981
63684029
66750541
66931945
63580388
66017668
59659971
65371148
61712732
65789187
63946172
63165972
65901129
64569563
65209136
64878642
59281313
63395236
62545682
63723200
63745390
64180518
59816888
64144182
63184626
61776882
64023608
58066004
65424624
59533763
64814880
63169343
59160721
61957561
60020117
65302660
60463745
62412060
66269555
62191404
60471648
60057368
66031941
63437624
67042187
62779885
62141130
59965312
67709867
58760163
63614645
63216495
61599160
66916177
64762017
65238626
59619560
60545120
62206329
63062705
64177879
65794550
68429266
61651441
63785936
60395051
63131661
61802787
61433089
60878908
61624568
64733596
58430892
60169713
64554137
62167223
67311044
59599925
63695642
60583524
59702726
60495096
63440937
64313877
64489152
63887315
70367630
65988359
60936835
64892992
65898016
65797554
64612666
62012828
62259407
64947082
64085188
61586801
68667392
64740748
68084472
65165133
63857977
63498439
63170923
63056845
62685957
65360506
63904171
66362163
63017307
59200820
65714036
65811537
63596391
68600528
57042481
63924570
58929547
63158043
62901685
66674373
62395632
62471526
62733270
64996053
58528477
63040130
63382167
65367956
61732210
64649932
63822872
60638515
62461227
64764750
67741622
66478555
68151874
67618042
66855447
63389324
66778632
60080822
63872831
64347323
65604632
59433366
65711948
67712352
64495176
61277432
62688828
58600768
66588833
67127249
62136853
67726725
62907149
61515716
64755462
66763829
62993028
61793132
63676148
63272131
64265746
62032499
61330503
60965199
64789447
61989186
66215525
67336910
64444825
64349134
67847379
70986004
60783017
64471706
63337165
67640490
65458599
61013314
60207915
63928130
63933229
70445968
60538887
62994393
61374971
61002743
67149465
63883433
68143395
64673936
67071151
64616860
64217225
63516469
66107356
59246049
62392128
60711505
67768908
64494082
62536014
62937824
65696090
62215725
66528969
57772562
68590820
66149313
63541144
62434354
65303522
69296273
66096795
66138825
60908559
59403906
64467201
58625460
67067601
67386503
63682802
66092308
63384004
61503291
58083499
63712622
59393023
63894763
57148788
68053231
64024864
60388722
66895761
65146421
67428282
63154783
66855068
64431089
65271279
60927076
61336161
69433161
68155641
63689256
61684923
62482941
64982093
64829420
63897389
62782492
62354301
62692410
68326357
71536386
64425445
64993016
60661909
65379264
61344368
67389538
63257626
64536882
66016580
64969095
62112648
64970984
60677407
65377299
63084759
64198349
65266619
63409590
60380687
64442551
62704039
60982122
65710338
57981847
64555274
58086965
65163118
63774122
58963313
63342173
60080230
67054584
61629148
61618935
70896907
60384627
61094140
58548781
67220727
63532989
69172334
65876523
63881092
61038754
67252183
60799079
65593272
65423212
59124399
68483993
66171668
65721155
60123158
63008385
65189653
64817739
64243380
65280354
66058149
64588878
65875420
62292764
64306838
64353000
63730535
63163277
64259018
65878289
62974184
63791976
67549552
60989390
68427042
61502519
62717931
63615065
63788462
59433463
66997388
64185496
67777718
68508393
71477076
69336460
63677597
66724095
66048220
67650217
67264879
62040340
66001662
67137461
65876115
64431449
67838369
68137799
67331647
66503611
64163984
65593548
63254147
66368832
67586173
68902249
66746383
69893100
64419731
60482038
66079342
69989082
66620691
73890895
57150209
64994266
60467909
64677588
63212998
65417662
64842153
65866278
66243109
65955679
59911822
62837043
66798556
69207245
64189662
64468939
63478984
65007353
65194793
65830127
68031352
68566273
71186123
68495508
69397497
66642020
68928353
63365629
65470356
68606543
67559980
58629317
67749746
66896451
65715184
64177027
66041106
60694448
68340646
72375970
62654543
68136930
63697854
63802759
65487582
65495284
64476793
64183481
61845203
61294837
67735668
67684716
65313584
61715990
67132230
65956491
68460976
71221429
67321271
67252348
70427565
71369079
63981309
67436662
67693366
68923579
68845118
62240527
60407186
67601704
64087790
68627449
64195253
64892459
67492328
67065689
70519418
66436657
71084623
63149738
69283397
66267605
65958451
63764415
68697553
64055756
65162952
62546246
67534719
67971678
65958952
66392150
63648668
67217656
67798801
61273666
69854701
69487024
67530771
65652621
67851089
69663336
68734120
67865451
67322411
64514543
63350633
61731701
67394513
67273124
68883281
64132859
66443194
62420618
60167165
64920352
65726088
66936790
61188401
72567351
68424167
65180646
68481200
68231340
69256721
66153328
68078149
67508031
66874123
68710070
63385873
71263271
71327151
67169093
60316361
65209422
64534569
65167073
67013802
65651930
64485157
64916726
72466178
72190600
64554701
69006554
64476617
69265616
65156207
69387673
67204975
65013494
69035490
67106149
64147154
67411741
62256023
65637221
65954984
65673743
68533405
64727912
62877104
64572258
68065335
64297760
67288863
61617368
67717715
61620124
68483708
67837729
64979440
66944608
59166842
69887968
65912283
64098034
69829962
63123126
66469860
63936636
69006722
65415239
68682865
67225877
65858562
62248156
70749115
59732937
69571751
65622744
62168704
69345571
68481872
68076581
64973915
64163838
66484046
68026193
67136248
67922665
67764899
67267490
67885546
64001281
66293441
69485010
66071430
63239295
67051728
67349043
61068757
65232742
66564477
62050981
67906800
65593031
65244944
65845091
65411869
60960621
60420505
60634898
63568445
63793008
66452468
66016878
60389942
65768869
65356472
65148602
63933912
60049743
63897620
63277344
61725233
58921320
65928289
63556830
65469686
65512552
63367266
61913644
59494234
62251290
61188314
64073364
64205074
63061325
61572083
58363392
66082166
63178121
62510525
65853017
54919047
60370068
59484958
61564997
60405057
62216973
62841734
59900218
62840188
64177442
54549611
63099478
61437171
62322002
58676014
62322595
61016842
57099635
57111914
61555885
65885161
64329992
64871326
63749021
65199891
62639661
63850128
60809250
60937370
64083236
64180938
58650615
65826395
68103557
62064438
57999080
62310790
56113255
62354209
65874530
58364780
63309642
61458316
59641265
62666961
63917413
61395014
58519545
60084186
59007775
63200803
62539035
59537473
57095837
61383538
62031100
64377633
65417973
64191513
62897122
64515090
66006423
57375191
63564550
61607866
63093004
62628109
57342566
54323050
61068632
64961833
65695306
59273624
63256408
65940334
61095690
66033821
60538495
64736017
60696774
62969226
62322194
60785889
61971314
65093466
59799168
61757698
59500165
65233746
62521955
60138018
61773285
64438909
61493872
63128541
55919199
64622042
64611427
64384164
60382460
62382146
65086834
64752914
63565918
63067911
59956947
62443598
56581988
63262185
65309511
63717974
60883856
61105964
59438730
56824525
61903308
62034700
62489766
57877850
69142046
60919120
56851226
66972190
66362434
66260306
64588154
63767144
62895266
61027464
60901489
60086939
65394646
68201035
62580999
57697915
60433593
63478000
62102999
61292558
62042367
61110729
63371843
66741822
68284066
62736869
64261766
61612140
64993979
63109496
68403236
63223063
62002474
66605178
62778557
64766104
60359403
57816762
61959603
64631166
60575621
62996510
63385491
60828234
63388107
60569019
61548745
62444791
58292315
59811243
57682263
63481676
63528429
60066940
60009076
59728484
65051348
56903915
58863373
63184493
61183972
60849595
54997449
64190102
65660035
63869799
61251539
62097531
60828195
67440704
57143904
61590561
61440921
58680690
65576662
65307964
61305728
61061778
59568364
60575269
60602651
63117734
63189133
66257562
62441711
66088623
58482654
61540632
63703409
59887873
62052891
64018389
62043589
57759654
59966942
63284236
60462691
64095968
61248359
62571879
63180194
62324422
58307638
62891259
63002531
65457234
66165700
73538043
67000752
62116200
64557381
65955032
65194019
67170994
64480600
63005097
64433070
62497220
63406720
65295504
65202072
66840200
66095271
62516224
67256416
65331690
66022491
63179195
65528404
66290262
65143805
62281162
59795186
64959028
62065225
61865282
68451791
57271205
63440903
59069388
65290521
62604664
64108404
64468041
62607121
64055717
64766926
60292632
62619666
63249804
66229032
61080100
63377763
63053080
59999219
62356753
69005983
68044536
64852429
69270605
68607420
67643919
65324932
69515882
62246251
61014056
64925915
62690633
62222173
67289483
67031054
66185226
63205782
63923622
60341461
68886624
69567687
60849307
65211761
63170224
60343411
64964755
65447562
61422112
61350618
63079745
61332336
64614548
65661920
61626638
62454221
64244937
66585146
67584143
69759145
64591518
64550741
65673496
68016255
62255857
65286407
65120026
63512501
65870752
60843042
59639527
66593339
65777919
67827612
63530407
63562700
63749510
60361574
67243116
59944809
67113886
64169746
63442224
64046360
64254760
63174411
67399660
62838551
66211896
60197292
66057603
67734900
62013544
63579110
63078618
64955848
66303000
62067153
67970080
65375774
66047411
63574507
66177078
67726230
67837623
67925317
64943606
61133858
60949828
60916550
67169125
66770496
65464377
65086888
66948299
61845348
63660780
65286578
64014962
67267379
60891993
70230447
61894285
61175528
67845261
64459964
67128211
66038988
64526749
65885087
63352356
67301270
63067943
69983525
69059120
66884248
58156077
63646255
62142601
64641342
64800588
63670118
64991769
63770600
67681196
67385185
62824392
66366083
60089257
68920224
64639262
67734367
65394016
64275876
66748500
65304187
63475556
65355241
60406727
67740431
65583493
63137834
63806691
63880736
62955861
63658955
64862090
63999080
61327693
61441423
64601380
59616083
65091124
65747203
57291184
64128607
60938058
67268252
60157182
62439444
64689017
62118699
64530511
59259326
68585525
65508450
67382291
66941915
65080429
60539292
70019378
60363992
65335867
64346786
60194038
66083385
65924379
65206343
61026486
62089013
61926201
64112323
64743127
65386092
64958822
64503889
65949709
63532577
63785137
65050571
60393605
65054284
65440493
66747930
60151253
62271266
64219982
62544850
69508559
62375489
66805497
62419771
65006223
59702210
60340786
59925525
63984171
66194878
71978745
67015708
58563952
65615192
60857734
61768057
64134126
60019459
62559075
63927609
60040694
59801664
64548440
63877414
64795897
64680306
63073754
64748726
59472755
61658106
62735154
64774359
63031754
65033410
62583278
57850566
61123286
62613304
62957170
65428110
53688145
61800848
60572013
62108398
59469405
62824319
62583712
61077732
61881043
62397245
56135292
59225306
59601679
65167059
60269794
60139475
59404462
56969699
60923483
60954842
65034151
65391373
64897874
66344170
62732706
63807022
66944060
62319005
59903643
63693517
63714536
56122846
64706351
63264611
63579331
58859681
62969069
59273186
67011405
65591769
57871451
62253923
62478013
60508884
64446508
61537313
60402732
57373153
57500581
60918353
61898787
64189387
60114808
60392133
60194973
61507475
65816008
62517558
61597003
61448970
65292744
66274991
59255011
60249619
62636303
61690614
62703818
57861366
57573209
64544001
60614324
64974194
60961756
64001630
61629257
59325673
65612758
62167184
64832311
60918226
64629826
62976605
64787116
62594122
66629969
62959717
60426682
57679171
63834229
60719025
58938577
62963622
62900293
60311013
60254808
60038373
66939297
63909961
62710889
63901939
63821932
67122121
66100526
62938809
61408945
58716481
60211877
56189545
65480062
63264500
64024781
57544928
63754838
56551359
58508078
60909866
61065617
61496903
58877574
64328585
60390358
60517018
63216394
63009300
64702055
63455469
62198205
64119535
61187894
64714847
60459553
67701513
66043368
62558881
57408024
58953219
61076113
61447744
63523891
61471314
61273594
61841743
67276745
68096442
64064030
65810250
60279158
66365152
61798994
66453726
60418546
58804287
64099898
61733313
61985513
63113253
62469092
61701288
61409128
62171259
65065499
63457684
61094192
61434124
60945068
62520081
61905314
57472919
62841039
55782643
62238859
62144855
58511719
62366983
56994615
62726927
57780941
59219928
62228993
61417769
61026079
57233418
63245683
60541637
65698358
62287624
64766299
57731195
67888938
56883640
62745800
65919744
55702571
65111955
65907921
63657407
58095285
61217034
59983653
60971456
64227210
62369122
62708536
64896720
66101758
60505153
62067887
62485642
60761986
59623986
64649589
63211892
56918869
59678504
64841547
60425899
63316923
60777948
62568518
62594243
61711010
57346716
59910025
59461929
63101506
63276317
69426525
65638188
59009354
61590796
62792565
63136173
61806420
59659857
63830059
60366746
60778625
59265854
64519724
60575228
64116736
65453313
60765562
61358175
57657271
60755443
61218814
64234402
62697932
64076788
60032392
57053001
62781073
59746881
63764791
66176008
55067913
60968222
58201209
62410537
57813530
62538648
64263270
61253356
60388775
63249434
55634153
61062183
61305272
63303665
59899948
61726241
59100206
56666507
61189179
63127691
62921874
64089680
67998433
63342053
64506982
62681991
66292140
60630778
61401408
64398179
60281755
55250269
63441365
66546440
63188848
58901248
61707897
58607288
60825016
65308627
57397845
62458571
58031694
57320098
59519482
62037906
60142400
58265317
58287196
59775907
63763477
62551854
59593862
59613496
61394799
61919737
63460239
65197902
62910049
59502132
60796640
65703665
60246438
60185674
60373743
61036138
64725350
56818148
57590742
63854235
62294815
65291940
59271987
61489151
63190632
60843577
63305808
60006922
64342033
60276418
62561051
63587292
61985106
59768998
64873168
59703062
59710977
56863932
65357883
63099653
59627760
61952682
63289609
62247969
64104764
58866222
65815068
63539411
65058216
61168092
64039143
66759838
64174292
64302635
60490174
62282285
59517181
58247928
65537738
64274643
63864516
61301940
62055695
56853701
58992167
59487981
59841268
60799934
54647780
67165157
59869797
57571708
66438192
65528615
66607210
62530833
60711279
63204770
62310945
63103084
60270709
67215103
62728390
64061346
56700483
61593944
59753148
59860338
60170355
61302471
59480953
62732368
65687559
65170640
62718788
64718779
59340727
64874428
60974629
64407773
62900664
63074292
65728735
62573597
62780457
64626145
57712064
61377324
62605044
61886480
65333631
63011633
59354719
62620031
61305283
60123575
60742243
59773994
60132767
57055648
64921428
64192392
57212709
60784985
60386307
61312937
56533655
58630531
61408328
61993329
58238390
55276387
64362299
61314681
62617927
62290639
63409499
61069111
68084202
55658371
64041440
62929178
60696509
64895802
64623171
63256607
58586872
60751873
62351992
62445690
62090357
61359150
63482691
62614229
62795906
56960571
60207756
63161521
59082138
62698875
61044343
65416013
58698079
62048196
63574710
59715618
66379691
63111273
62359795
63245676
61093367
56327727
65172415
64984962
66058261
70041643
76128899
68371497
64871784
68776938
67547793
67364847
67652354
66928975
65649467
69189274
67275058
63262276
68566726
68180072
70787656
69996117
67757653
69631158
66561705
65684544
68466218
67041937
68165071
68079851
63214430
63576294
67762849
68271698
67832157
69305663
59542291
70369464
61584938
67607147
63328434
66602265
68467377
65247547
65720002
66650329
60344805
65680634
66131854
66888583
63370629
66280423
65899681
61864236
63711399
67644301
71225903
68394223
71863194
69640877
70650214
70377579
70923516
65138180
63744912
65203547
64120583
63197172
70593373
70012758
66771270
66456801
66306607
64010744
69823162
69301146
62189452
67097636
68368843
61959907
68930270
66421950
62008012
61107415
67103788
64203079
66570965
68530706
65631522
63671091
67958797
68112123
71428994
65494029
66661858
64182596
69586037
71876894
64819962
65514614
64595252
69963818
67186063
63758568
61493208
69034756
69167079
69574589
61257126
66594627
69245878
63013781
69268845
66311838
68145774
65957839
70909663
65596465
68576664
65043717
71189806
62787134
67181585
61849607
69743734
69549145
65339797
66498329
68136876
64793581
67442932
65294082
71209460
68650609
68121845
65431081
67841230
72435301
72644987
69840975
65898145
63359290
62852606
62369481
67874724
69247904
71197243
70036784
66921038
60142332
64336074
63592835
69439457
66673938
63217321
71958046
64462294
64143734
68784667
69400633
71590684
67861001
68419736
68561813
67377844
68317040
66114996
70590241
70600082
65534935
62170727
64678250
66039979
66842498
68786716
65998698
64655153
66978497
70596686
72520406
68786764
67581361
63779993
71375800
66558462
71131293
65942941
65899499
70188404
67653320
67593634
67466675
63673027
65630842
66211839
66139366
69798851
64698498
63818739
66776366
65146846
67701876
64352684
60493326
65263828
57718361
67862252
68733115
61333791
67126708
65140315
66715176
61570765
64090564
68500028
64642290
64748378
61955613
70405419
66436768
70623731
69986409
66980206
62882436
71603914
62806903
66500749
67548830
64264379
73200132
68490694
68428932
63354058
66688614
66941773
66163027
67545885
68234214
66311042
66638172
67534509
63544157
65559739
66636486
65151517
65716689
67494461
67753922
65030702
65858994
68986812
66509545
70168817
62412416
69077094
67861673
65975599
61603448
64677641
62617884
62998808
67449432
72039889
66506596
62614447
68615691
67554886
63976537
65307833
62499441
63818484
65665763
61168344
59843584
67888352
64514488
65566640
65771389
64230576
64841831
64622947
66512039
65851795
66156806
64245374
66092921
61649880
59154142
63097341
66605297
64698927
68724948
59058992
63947703
61490808
66192322
62395979
64886041
63626331
61649892
64125150
64569992
58338422
64874191
64820807
68720604
61554818
64550452
62869162
57955078
64733144
65575853
66440845
65667827
66800496
67261379
67693110
64869397
67935587
62537154
64534670
67214729
64091441
58687303
67217321
69415752
62341491
61372591
63698685
59448752
64907367
68879901
62474292
66646399
64345287
63418084
65950509
63601346
62135409
61821224
60358730
62373994
65617750
64212821
63231733
63357621
63295325
67879880
66831124
63984423
68117834
63589735
65927116
69326728
59359864
65202866
63548574
63145464
66091246
61253650
58066269
66237146
63835518
70543067
62893762
63715259
64425730
60732646
65924613
62751281
66672117
65604149
64972290
63673362
63135168
62271764
68714528
62620716
65410353
58742037
64944499
66304194
62329670
64182888
63775738
63243574
66745992
65003290
67069224
66517749
65661706
63816796
66241442
67120092
66291844
65763365
62360094
60164769
62333995
58417998
67196540
67230693
65076399
62147768
66520599
60464114
59687549
61908727
63816858
63709523
59005522
67738269
61164961
60761973
69885252
66766764
67263563
65748229
64975311
65796287
65737859
64494291
62456698
70009972
67341551
63548000
57953079
61792872
63736696
62949634
65460334
62375629
61472655
63460734
69459321
70069988
65623483
66778128
62633245
65154396
59667898
65236344
64467980
62953360
68540996
63766097
63580283
65677698
60179467
65313936
64170055
64486009
65472334
61990225
63701277
64004520
64855933
62705408
63535773
59859014
64223045
58989862
65333707
64451002
59654115
62197006
58855904
67120568
59356128
61643922
63766537
61724879
61074663
58370364
63424506
64264167
68334090
64902086
65097694
61462910
67813171
58019038
62881463
65229815
60486177
68549229
66006726
64340195
60114781
61884306
64783402
63525960
63121200
64071096
66901609
63900153
65183008
59395187
62900338
65325624
62548721
63944544
63494637
65593868
63780751
63293164
64933263
62354929
67586026
60425110
67139094
62185299
62395935
60912716
63110415
60418825
64267347
65334203
72230684
65593242
63469926
66874390
64959606
64704838
64939244
62176515
60001545
65262351
64930400
62112879
63962407
65229133
66495526
66236813
62563078
66471806
63059239
63650120
63676406
65595258
64452100
65463007
61160667
57845710
65908899
64606817
64221062
68614001
59474549
63126249
61328029
65231084
61299732
65810258
63986781
62270218
63926331
65406625
58310477
60246836
61507229
64768740
62098678
64429203
64279570
57934980
64897878
66541344
66938841
65284871
68719741
67436107
64714249
63414010
66380937
64119372
64503835
65407497
64451311
57336969
65164125
68527781
65422903
61170764
63925889
59599870
67265599
66859401
60284893
65256280
63790401
58882854
65675887
65585327
61437274
60731982
63792197
62356200
64839072
62745211
61860802
63537322
64271016
63625404
66958951
64898729
61963637
62574721
66619335
68665131
61081959
63098207
63789852
66651629
63083272
61653066
58527728
65835196
65416207
69389280
63124679
63748432
62183762
61885908
66909475
66150675
66889675
64038989
66442970
64201780
64514697
60700610
67195224
61111523
63324859
58420246
67184547
65050098
61134440
63142805
63964021
63416836
65803204
58588529
70552592
65593942
65080515
65523000
68642633
69877601
66920653
65574147
63164889
63171937
63974094
59242197
68138214
65024407
63887630
60844868
64967189
60770092
57562782
61080447
63333172
62073386
58654527
68063028
62515058
60239931
66405025
67177997
65368647
66907119
65969128
67008478
64403948
65432663
63051415
68856586
72256908
64701747
58003182
63429229
64260037
64769620
65242812
63762863
60417517
63279079
69748855
69121904
65808797
67584118
63584461
68342271
64684588
67720054
65270729
63994347
65977979
66095948
63456773
65945970
62067795
63276313
62254854
65847741
65926610
62326461
60598746
64151484
62921072
63371171
66482247
60241444
63988688
60956860
66415550
64922562
61809349
63722583
62134679
65977257
61736214
60466440
65526722
62195521
62109639
59850806
66119666
62983953
65859361
66152159
62551033
60452825
67126841
61211913
64549321
64750259
60233893
67158245
66665956
65261038
60459057
63214901
63926142
65619595
63501772
65066882
68416487
63298318
66116849
62470204
62680139
62879257
62468761
60535437
61986291
65081363
61098633
62306172
64943940
61256934
66082640
62567446
64081656
63936962
66722448
59955982
61736072
60192381
63398004
63357184
68638440
64112988
59510973
62111988
63466833
63986332
63847803
61575265
62279912
64450089
62241497
60363229
66202668
62259545
65035240
66246571
64018970
61757008
62801830
63027788
63044434
62024381
63588061
62118375
60312939
60750514
64195334
61697728
63045446
66735112
57800312
61372293
55398180
62096379
59084864
63002646
63103521
61800177
61762591
62323177
56515593
59823206
60407181
65301149
59934725
63195877
62640031
57071789
62519147
63503905
64253519
64532043
67303615
63449435
67488463
62547559
66589761
59459911
62047004
62048919
63498583
57319032
65947166
64225948
64450546
59990159
61431273
57789882
65958139
65169324
58643620
63267759
59883964
59064396
62573269
63750835
61710977
58351542
62056478
61973811
62447629
61482941
59234713
60903960
61246232
63501852
64059022
64486653
63567411
62173758
66071377
66439001
58312537
63319261
62808515
63346565
63302283
56709231
56504241
62871167
63478801
64836137
60618019
63069915
61830517
59309584
64020266
63087795
65442252
60433938
63849911
63385517
63486102
60559800
65442416
58367147
62333847
56477177
64718619
63610076
60809173
63226273
62536320
63685453
65588922
58261355
65129284
63723090
63614981
61894071
64632965
67489162
64909735
63440784
62368773
60213594
60465401
59090034
62196726
64518598
64525378
62937645
61709600
57886405
59933429
61210530
60993010
61950033
57262700
68148046
60344685
58251519
65319260
66041470
63387508
62988396
59998646
64526648
62688023
62650392
59848357
65664733
65434615
64924563
55693093
56854786
61338725
61153556
62971097
60276341
60098823
63928706
65540306
68345902
62422166
63396821
58996301
64206667
63670449
65823347
62700992
64046856
65314557
64427524
62908046
62653245
60928083
62160940
62619164
64060320
65715683
62611706
58874721
63170466
60143434
60383391
61771165
55379959
63216381
57425761
63588184
63069174
59584058
62425420
60551696
63385998
60299009
60638922
64796956
59355381
61080876
56402910
62586565
62668017
65453150
63219997
63565276
60772808
68200940
56374680
62762583
61304651
60050462
64990500
64730110
63598239
60871331
61677677
61608645
64350519
63756268
63821766
61959190
62474695
64817330
59933806
60272077
64056544
61528558
60332890
65423438
64303293
56681262
62876352
63512168
58958927
67724163
61007739
62614564
60910114
60395731
57782771
67234120
65338685
67186517
66426793
73443356
70395371
64773717
66203085
68420366
68725814
68329316
65075433
68084482
69985461
67409298
62371168
69342011
68896811
67288819
68326428
65463311
65116671
65046212
68661113
66719825
69853516
67349875
70391176
65152241
63003277
68083873
67115353
67049374
72633641
60283943
63633477
62112727
66557553
65986756
69273190
68232257
66273013
66588505
67215776
61438363
66008625
65999139
68197164
66571717
69099529
63908019
63110265
66808952
66718133
71485778
68499174
72159270
69492085
71359488
68460823
72344848
65444105
66744479
67633515
64770286
64877413
67537663
67998196
69784186
62886127
65836066
61538816
69551478
71408301
62621687
67327802
64996629
63917942
65997155
66690199
66307787
63020080
64542717
63951718
66910662
66271999
64997446
63741948
67444925
70578807
68674133
68966247
68380560
65121592
68887093
69048531
62673382
66870091
63783144
71860165
66386575
62417304
59162241
69275341
67883857
69799463
65663592
63295187
66926240
63839537
68732926
64827540
69346567
65261519
67688443
68622423
63873090
66064955
69926414
66504045
65201541
61046743
69188786
68892337
67136757
66825928
66438731
66324930
68151984
62124829
72523993
68488049
68248438
65396051
67115823
73229333
70150870
71316468
64353528
61526835
64930674
65219641
68100272
68703811
69203471
66180569
68233887
63831832
62772178
66577923
64689624
69297687
60675834
71070329
67762890
62256614
70133267
68270819
68572701
66566837
65866053
69719143
68669217
69140093
65712567
76048514
71064736
69923004
60988238
66416216
66703134
65884578
67763469
65256296
62176333
64752565
72647496
71946957
68499698
68629121
65095486
69314878
65271020
70283260
67549558
66569688
70153536
69050362
64320469
68688922
64418905
67167177
66120265
67664166
68876113
64912789
63079501
66905948
67681087
66253980
66031035
59501097
67610784
63885927
69015509
69107703
63358278
66562693
63245436
66528604
63036714
65099476
69191034
62836597
63355458
61754267
68667533
68455355
68725930
66880232
64314020
63838738
73095751
61922572
67361970
69420123
62203774
70068237
69315764
69920709
63335702
65218820
66154049
65849400
68968150
65760883
69443210
68052718
70399193
64687375
63921184
69707582
65543407
65587152
69361064
70883478
61866000
65910612
66812503
64125898
73146513
62485290
66702537
65540525
66811001
60496756
64165786
59796600
64422295
63430552
66428058
63046295
62850614
64461413
63929858
64557139
64938531
60380906
62107965
64327641
63900751
59534533
65072780
61911768
63851293
63542013
60249558
61748096
60879805
63075879
61782028
63775986
62348365
63098994
64122582
59090440
61748219
63220904
63325026
69881934
55032896
59426634
61043357
61680111
57740284
63332103
62281022
63538088
60174345
63303421
57737581
62741778
62896408
63431531
61188304
63225177
61023020
61118177
62223687
65217253
63980153
66377565
66726995
63911667
64245051
65153208
66532601
60966169
59241494
65041666
61304516
56847557
63132702
66667466
62653211
60409741
62321236
57084665
65014242
64376682
56310825
62331994
62304556
59221163
63270628
63335046
60409344
59993329
58780064
58634231
60814972
65200219
58923281
60267961
62391589
64575542
66589941
66415807
64071590
64477872
63769001
67180030
59478814
62034234
62265649
65732119
63162257
58878471
56761192
65464144
63755585
66636929
58292087
61026300
63052186
60750326
64015885
62719505
62671412
62358766
64075537
63007686
61165643
62715745
65312850
61430061
63469270
59214015
64024582
63488207
63526944
61000236
64676942
63572223
66798556
58003907
64468721
67104331
62904503
63108608
63268598
66319218
63819471
63502165
61457408
60823235
61346354
56896969
62639512
63611886
62992512
63620117
61532243
58188459
56673579
60843033
61144758
61189231
58486928
67133898
60690309
58894882
64090816
61947096
64565905
62525440
64885373
62406345
62267550
62193273
60424375
66997154
68001781
65532177
58459764
61943591
62739574
62981524
64621227
59984502
58916695
66335666
66432772
69837412
61560927
65117865
59733788
65608160
61381957
66488760
60591188
60844263
64581185
67549444
62718978
62597205
61580564
61673101
60944704
64025476
64494563
62539779
60566041
63933564
61493271
60507192
60849025
58315224
62338046
58167785
63538025
64179915
56056675
61810029
56198082
61754310
59915673
58774989
65394414
61873283
58552486
55327879
62827136
62147397
62710634
63558949
61206286
57545138
67802452
57877896
63962477
62938702
59444789
63013654
64672235
67055514
57853273
60231049
62193993
64833018
61062870
65692685
66391625
64268912
64816359
58211495
61973216
63086006
61372507
61646710
64403103
64014715
60135972
60110998
62988616
59029999
65087257
60564030
62905123
60805578
61281143
57616228
61686143
60864090
64706235
63999210
69266767
64668974
59694724
63677277
66227178
66139864
64516471
61383574
60723626
64769179
63884868
58715154
66471348
65189394
65757395
65700847
64948328
63067428
60028065
64728804
62530893
63638089
65426161
64482752
62911852
57869751
63995580
63504716
60961527
68537784
53783882
60403868
60789478
64453615
60125470
62829181
64057355
62349923
63118454
62298774
59310929
62348556
63760074
66703898
64193044
62458291
64114678
62164206
61287399
64685981
64347347
65979262
66849072
68157668
65535766
60849811
67620368
59306356
63462430
62714367
63251353
58188116
64969549
66106306
62666147
63027763
62555490
59825487
65592331
67924379
60522232
63672965
62268216
60053835
62715920
63360584
60782600
57077164
61765187
60317795
64404006
62611816
61790882
64242283
63487491
62519429
66436272
65526925
63725444
65128068
66245450
66263549
60320334
60979949
61458261
65393603
64778619
57493440
57513742
66354483
62227043
67007203
60773364
64707537
64247094
60398936
64513985
60481848
63392921
65160406
68285450
65196814
63984799
62641701
63216886
61504315
60714665
58782760
67784531
63216997
60735186
61805157
64653611
62760629
65165991
61291444
67628155
65840341
64669277
60823505
63228529
68625014
66329689
65293327
60972377
60710465
62470550
58532464
65848317
65717639
63685677
62961280
63606671
59302996
60659766
63647468
62849662
63076989
57982965
66792087
62702293
61773625
65347765
64311948
64886407
63320537
64755228
63765922
64912937
64396233
60903818
69528696
66933071
65107712
58868325
63252006
64577335
62106042
65022231
65073516
59298948
63042686
67379504
68777992
64929557
66660134
61835690
65804674
62295676
64581900
62874905
63389766
64276546
63484399
62460170
65850488
60581251
61500908
65213050
62743110
66048635
61905972
60628464
63896237
63490571
63085536
64590876
56580846
64796400
55678526
66683820
64275723
58634800
62413588
59090130
63416348
59851930
61328364
66494552
61854449
60999719
57598248
67296789
64184449
67282059
64203956
63402152
58404185
69552453
60745297
63708605
62312594
62254691
67979742
66015092
64857315
59063469
60748346
62176403
62737009
65181423
63652669
63783560
62316567
63492422
59546750
63660052
63261285
61489701
62747879
64572735
65484177
58757926
62495145
62695893
61213095
67145109
61552141
63183324
65475910
63381983
58839459
56779842
54792711
60980915
59306371
64103402
59499827
56706158
61250520
58339775
60119152
58278258
56113319
59407613
58909795
58404394
55863617
61327470
59202209
60848829
60166701
57757191
58842984
56995751
61030411
57988095
62051638
59215825
58192771
56286081
55367338
60137087
59563468
58035172
60476627
48786643
55756934
55751543
58145737
55999302
62242790
60654577
58278072
57448600
59183992
52697113
58346884
58625038
59612174
59273540
57159182
56044024
56305405
57099453
55974271
59219585
60452404
61677732
59864585
62385662
57850309
59915151
56023682
56582628
59369510
57871472
54099016
61939469
60182983
58721380
57376425
59379247
55594508
62057994
59727212
56498741
59373631
55184744
54021149
59739390
59847307
57347024
54392092
56384497
54834041
59207276
60070347
56142220
59227557
60451045
59602273
61770344
61384907
59033074
58233113
62318959
62924297
55271188
59179503
57783454
60664489
59177479
54679413
54498119
58797871
58997597
62200054
57989405
57465417
60445559
56016172
60821748
57521818
61669931
58182460
60027363
59350997
59007137
60569977
60494463
55551086
58558853
53181021
60089950
60863322
56179705
55640788
58260881
58270108
58697722
56283428
63896839
59092512
61890163
54908177
57612323
63937181
59024158
58462338
60709255
56759071
57632703
54612481
63170052
61330304
60381798
58582129
61877458
54527290
54670982
57196947
57197289
59146791
53897474
63746209
57996034
55706593
62487143
60964702
61644513
57404443
59954232
58169150
57331770
57691642
56475763
62249916
61911942
61816409
53440522
58689902
60588836
56091790
58774255
59384805
56598089
59541854
62868058
63345301
57884255
58345663
56051821
60337270
59218982
63650127
56381253
55129540
63103165
58721109
56083391
58891353
55724235
55200798
57833842
58266385
62268266
55884925
54235641
58612511
59792329
58391574
54672950
52588953
58805198
53699277
59325594
59854774
54816037
59241031
54645536
58277201
55830816
56465935
61706547
56953770
57364324
55792249
60377200
58134754
58848291
58117194
61232933
56756722
63591193
54808646
58706039
59401695
56075212
64175634
59341048
60099338
57546268
57626388
57225692
60186454
59305514
57218268
60390019
61124408
59149802
55391963
58678655
59584843
57444246
55773313
57238218
59230480
56355058
59145127
59365729
56357772
62072649
56131128
59636214
57039218
57638683
54350409
59267589
58951698
61983523
62982452
69088257
65230314
58586214
63409584
61910066
63098596
62994037
59273762
60224007
63339084
62870438
57943428
63141313
62422415
64805372
63682628
61759212
60531849
61093969
61158445
59555296
64436784
60920087
62716904
57902655
58814019
62427263
60536780
59755105
63716132
53770405
61771977
58047844
62439894
60609962
63144494
60596235
59816864
59541220
62498767
56382394
57671157
60006199
64952096
61259752
61309632
61843872
57421582
61490052
61099230
60094788
65259815
66786807
66730720
66045063
61588030
64338194
59633813
60828111
65340831
62744642
55976029
60846529
61603461
61983448
58166998
60085126
59785762
63111717
66885106
58367768
65457751
61185407
56299912
62772483
61624505
60172157
59709550
59700051
58556213
65373422
61803874
60523043
59889481
60595092
61309911
65148524
63136946
63099944
64090196
64566969
64921015
59792144
62359262
62674278
62267199
60797187
59353816
56541007
64722807
63392935
64720829
61039928
63504716
58782531
58495643
64450569
61412788
62179329
60989607
62838604
64749416
60227257
61643711
63306677
57127357
62533200
55358922
63901892
63147699
59258407
60420901
60638401
62965191
64132446
57775562
64223790
64834266
63535222
61782443
62438711
66139987
65071978
63258912
61700318
60163975
61627577
60249518
64372011
61886951
62785818
60465227
63500310
57554096
58949656
62333193
62640344
59528754
56775482
66869609
60786941
59930329
66358545
62984473
64561899
61698750
63730804
64094933
61781302
61360045
59683427
66981596
65421560
63157990
57094478
59782654
61269410
62012490
63153450
60919457
58404889
60865725
65433754
64980434
61171286
62995092
58548157
62994908
60995381
62906413
63233237
61619703
63697411
61256621
61924911
63201831
57226111
61981516
59410684
60974975
62939259
63627841
60428834
62328245
58056892
58271336
61034137
55940569
62339857
58870513
63491781
62621966
57740481
58743038
57979186
61125035
58430991
58891881
62457416
60585877
62977343
56527637
63598366
58619121
66113616
63945209
62787672
57488305
65155280
56231970
60522831
62125550
57586786
62644945
63202179
61507055
57576448
60146561
60959162
61914236
63799262
62811384
63910970
62700874
63765817
58524768
63568381
62647218
61253904
59878151
61505060
62530675
59808435
60213512
61797599
60363526
61375746
59525920
62333991
60463491
62162520
57685621
65906474
62101468
65618324
67923613
70347059
67611603
63686360
66439800
66448430
68563372
66311256
63879937
63001910
66763181
64790135
63623681
68257681
63827962
68501577
68120640
65600487
64998699
63947398
64446628
64498317
65741869
66950433
66375123
62481019
60934179
67563656
65434353
64354891
72650753
55626147
63131106
61238778
67009140
63024030
66272965
65735602
63854511
64562435
64813468
59772390
62938189
65561611
66979965
62944473
66074918
64209871
61736085
60575596
65169624
68963627
66686339
70105682
66703577
69647612
65527578
70245243
62557237
64660809
66369720
62045129
60053679
67346506
67555399
64337701
61573978
64545388
60824280
67055275
69616496
61965134
64226508
64631925
62574595
66874708
64874866
63481329
60855709
61246179
62755888
62926871
64811399
62638187
58917988
63256726
66390023
67730528
66006306
67584384
66555603
67375320
69143602
60686245
63380614
59238276
64799054
65600660
61072915
59572339
67327880
65018850
67566408
61725266
65413685
68504115
60603491
65654641
62933555
65211670
65296691
67044003
66732681
65888185
64204434
66872591
63615350
64596622
60682375
66566063
65251073
65078229
62330398
63919565
64460283
67248020
60720553
67296712
68794698
66299212
64924637
66372976
70825979
67928386
68231538
63260323
63110501
63096044
60145570
67929031
65968208
68423530
65625355
67687330
60709586
59808291
65054557
65698739
65623208
60592837
70726803
64409740
60719268
69777421
66471086
68607984
61892283
62694451
66777644
67169937
66771896
62878885
70121286
67430659
66756277
61697166
63408083
64951107
65374504
65062745
63820403
62642888
66373406
66327862
70785069
66231420
66546285
63026379
66883880
61879605
68833311
64376907
68561832
67389667
66022522
66084272
67218770
61770956
63851291
65655121
65096797
66339190
66070043
61946503
64305726
65129966
63605465
64098277
60576651
66960815
63434383
67718559
70539142
61128164
62085289
65148189
66995917
60792921
62810991
67465015
62662287
63240200
60412626
69112811
65112495
66250923
63968467
65969452
64934474
71569666
58674930
63096596
65130846
62787681
67392696
68404870
67859415
62573397
63760949
63200150
65097846
64770599
65052700
65466319
67199250
67545236
61577660
62739744
67121665
60313056
65660083
65721340
65503433
61105294
62110322
67127200
63041934
69069641
62617024
64804753
65311770
63385922
57531415
64001048
64830949
68098046
65272326
69335632
70979198
61987131
68367245
67170842
67590699
65247397
61153285
67391667
65224287
63786946
61505235
66153354
64239327
66589816
68216670
67943948
68254584
64547437
65593489
63128610
67670059
64814950
63979925
64864694
61034888
65575471
62036151
65931004
71094973
57004169
67006603
63600869
69011825
63135313
65096714
67780226
65082462
63032779
67681750
59050759
63673559
65087766
69082549
66083012
66333360
62032587
62788965
61614925
65498369
70012048
68371550
69252926
68218024
69139320
66058955
70560452
63078492
65469542
67082840
65704997
59810261
66562682
68775582
65745782
61098013
65532427
61985322
67846141
71449529
63407505
67808647
65075233
59108076
66643100
65159022
63988836
59179251
66690044
61443587
68645285
66864382
63510582
62748706
63280352
66455563
67211123
66297940
66835100
65578952
66809453
69670065
60422640
64898622
67154008
65605843
66419285
63223176
61010787
64560102
66578550
69717225
65129306
64481868
65415254
64494159
68350974
64377986
65453006
64937231
69088786
67560419
68474377
62763764
69775773
65539657
63702332
60601686
68443712
65412504
62694122
65427413
66567747
65913021
65173129
61371880
72422122
67274252
69750717
64271685
66445588
70713917
66181382
68613776
65084175
62459696
62623951
59733764
70038942
65499964
67311155
64893805
67795195
61094592
62308832
66851532
65115781
66215881
59962647
71037537
62538508
63191846
69754636
70309331
68138779
64697616
65418980
66467457
65670791
66021406
67417073
71965646
71132294
68587846
61203954
62267506
64848561
65489603
69175039
66514431
60671805
65499613
68616479
71371005
68187068
67283139
64995194
65869192
64158224
67996511
67536405
64823627
67270357
66830251
64836046
67290530
62685410
64372708
64219883
66171238
69172378
64382476
61649822
65861230
67029574
64701600
62237857
61242750
65311532
61605653
66801891
66257049
59893675
64958631
62529466
66385168
60837168
64624368
67526574
65228836
62630456
60060817
67801925
66621855
67894810
67312770
63140682
61547132
71938243
58501842
67160347
65177966
62589001
68097452
65125089
67247157
62205027
61669302
63494624
65198553
66123064
65854407
66259800
67247687
66466563
63121576
63528476
65551632
64295280
63227685
66230090
67212643
64143794
65091506
66451577
63426241
69376704
64109629
65244032
63744559
66183970
59010142
64709326
62864995
63774616
66989689
68764813
66108716
58293347
63415170
66271008
63463533
66567954
60847889
60833270
67868337
63890643
59809482
67383338
64258895
64611766
68322881
64589127
66311631
61521554
63468709
64603313
65601818
64710743
63203571
62242486
58574843
65125614
65944859
65003514
69091317
57060071
63618073
59831524
62062842
64655171
63503118
65822557
60920284
64224005
66750486
55991964
63435086
61644147
66407016
63975245
62576325
63236543
60833149
62678318
61952474
66188439
63634525
66484675
65414708
67122474
63991309
65675911
61939374
62382052
62815819
62213597
60149843
65532932
66932505
62221427
64004231
62568725
57195520
66490491
67129104
60295542
64462363
63630533
59719611
62441445
62599129
59883717
61104349
62578721
61528597
64027596
63642339
63924292
60537160
61548361
61415954
67735494
68687550
63392304
65901825
64673938
67282714
59443848
66041693
63036933
65029362
62827503
58337219
58760157
65863208
64276897
68655516
62780790
67961757
64006571
64428575
64652111
63699493
65899690
62064782
65147090
63942593
62677671
62077509
65594419
60381879
60442217
59603559
65477949
62930369
59310892
62943754
65963558
62069246
67489537
60972496
66704752
63662026
64242839
64499673
63993850
66765595
66992859
64789852
61410854
63489197
61759581
60611799
64036375
63276587
63702208
67047865
63240500
59917743
58111012
61916923
64179170
61890131
60681810
69163703
63693027
59794475
69594732
66524759
65777265
64126784
64710685
65055137
63592587
61933870
60176824
69809950
67875763
64357920
54930973
61487801
61648208
63271664
63115136
65420685
61801314
63080633
69771107
68151315
64400078
66848956
60191143
67344160
62918645
63989447
60079387
61161166
65048340
66142143
65360762
64164727
59859885
65234113
63557783
65218470
64199499
65575617
62059468
61815439
63566564
64330917
61849942
56717688
63999882
57484375
64587282
64765680
58747730
64574986
61131062
61338591
58203841
59823801
67812414
63550622
61237141
58823388
66532388
62641359
65124159
64211492
66930716
59959894
69301768
61574522
63339157
64241330
62646446
66057013
65242691
64037824
61472253
59502203
62217484
64491951
65708987
66054113
66563027
64181674
65800315
61772003
61228466
64565189
60261870
63182497
66657556
65964072
62176020
61772134
66210641
60462771
69699065
61425850
63038373
61704614
62846766
60863606
65762631
62951207
68617657
65614944
72659761
71454187
64002258
65385676
69580128
67603545
66573681
66889099
67195117
66502259
63332554
62891836
69724902
66789186
68395952
70153419
68215234
67035519
64408216
69211836
66187805
67122961
66143930
65260186
64782395
60764877
66972314
67845325
64777934
71110104
57457653
66786189
61538727
66388891
63697146
65628386
67596529
65664868
65575850
65937139
61036656
64021442
65721854
67008023
64488460
65222617
62212861
62285724
63205407
67896809
68626485
70321117
69803761
66297319
69382370
67870277
70322337
62096665
63326136
67977606
64727379
63744842
68424437
69070937
66220524
63920176
66676622
59572085
69258260
68929169
63665036
67889494
65114542
62709525
67150968
65825284
64578359
63017919
65185528
62734430
63525939
67747832
62010780
64179033
65134425
67101021
70491518
68809485
66367265
68182535
68034676
71712549
61111659
64421895
63694125
67583004
67272176
63703993
58533259
65014739
67185849
72014148
64797999
64932082
65368394
63434502
67080965
64067033
68378525
65108556
69100755
66734481
65841369
66161444
68001883
64631183
66376611
60006014
67373822
67377713
64127014
65117234
65689242
65556311
67302788
62608100
70103017
66143651
69940276
64878218
67744010
70103994
69725933
69291457
66010301
60337866
63360023
60670237
70055727
67288472
66278220
66598878
65727863
62666980
61286130
67858178
64668145
67385161
62904330
69755245
65677716
61562511
70610463
67461127
67906372
66379627
66015157
65441438
63666362
65515153
67488242
71909584
71428989
68578198
60280914
65786134
65724341
64619497
64931604
65825264
60991691
64023933
69072751
72264299
64685481
69145365
64701047
67957714
65685760
67926579
66662428
66331462
69734908
67267314
66500977
66732266
61338886
67313745
64574784
64134236
69512843
66602363
65195138
65773070
66752748
64964450
67179554
63861008
68152663
60012146
66650325
64832069
61015056
64854913
62444318
67416978
61641527
65626963
67079725
64003476
64639604
61149991
67523129
64570529
67666508
68319274
66414430
60533399
71998941
59970756
68809099
66776309
62535895
69004567
67519332
67662055
62963050
63493579
64427307
63418480
69753914
67005010
66785511
65057020
68017726
63548588
65397070
63984053
62729288
65062267
67995511
67156209
61664431
63981625
66432789
63713993
72271060
64258808
66548397
68155978
66068155
61418504
64591138
62225048
63531209
64659971
69157363
65132180
64385955
69160726
67927764
66192194
64208388
62087587
65582789
65724859
63730282
59059799
66988016
65879558
65459005
66972988
66759668
63205806
64701100
63876132
63502530
66586180
65248582
64419840
62864771
61233327
65971563
66280755
63158131
69969367
58001715
63076819
59803748
62637838
60623215
66276016
66037563
61927375
64693543
63834252
58335839
64183805
62529537
64478629
61800830
64509900
63963504
60614458
60759533
64180786
67948587
68431708
69317754
65155750
68025908
65308297
65498807
64640184
62210804
66257985
62688994
58040748
67115752
69912521
64806648
60026027
62027871
58500039
65807843
67536863
62620560
64461211
63536887
60990325
64437485
64216674
63046579
62756134
61401584
61921767
65016496
65610814
62657748
62989273
61406560
64518208
67654433
65191847
66681912
64896478
68199835
68260756
59509777
64097642
61976476
66607475
64672631
60279539
58591966
66938853
64480417
66854470
63277539
66159605
67988940
59852011
65126465
62404350
66193025
61722009
65954359
65167455
65458842
63559201
68718667
63987909
63321969
59395025
65381383
66360762
62520551
62562391
64635034
66360569
66812153
59673173
65557249
66861486
64667923
65732984
64944361
70888305
68487543
65908736
64340347
62799094
64371897
60026303
66064547
66407813
63789571
63607108
64958266
61097738
60256325
63645011
63964780
64774804
58876156
69116730
63707918
64267828
67575477
69263970
66651650
64476532
63138330
65007754
68338530
65060359
61675566
71012579
68348331
67081741
61458649
61095694
64259831
64204464
64354560
63286010
63669871
65403689
68262117
70252263
64384171
64814384
60513875
65976168
63404334
67134460
64558637
62768324
69373196
66893966
62170146
66759574
63763609
65400231
64423039
67217605
67821845
63059121
59110781
63673024
65742049
63032901
64083701
59258471
65306606
56940094
65057847
64559471
63279110
62650858
62720698
65797717
62227020
58791219
65924318
63055213
61463890
56412916
67703697
63358397
69737463
64475123
64556611
61740412
70170144
56821365
65995389
65752802
60577856
65295472
64898546
67442339
60625515
61707131
66009190
64836676
64022311
66329561
64723206
63132802
65411159
64364961
62868537
65564087
61841700
63253512
66906977
66528642
61645348
62714584
67750400
64149680
69137026
61787842
61731811
63290447
62776946
60192951
59651070
60686581
64693960
61353863
67661860
64262565
58432383
64840511
63363526
60632799
63222292
59118919
60611898
60586356
60902480
57156330
64042906
61990911
63852844
64761298
62921834
63498003
60838672
62199122
61803035
62322458
61653708
59137555
59658524
57681091
61229773
61749340
62868632
64838717
55268641
63643670
57683450
61415900
60625186
60856364
62099664
59756277
59671447
59346626
53974735
61228506
59809316
63997323
60953403
60476096
59682820
56497451
60790610
57949172
62580165
62422189
63306393
63427324
64072326
64361762
63843739
59946689
60830072
62198415
60974499
58995935
63596226
62769668
61218320
57428287
61006794
56177650
60933685
63809537
57668216
62905027
59879421
59237645
63736866
62076998
56733416
58846439
60741086
60339248
59066176
60862538
58043725
58501917
59825290
63100128
63569219
64058665
63730348
62701306
62481416
65727387
57168935
62132850
58360929
60897338
61623367
57691404
55747296
61356775
62649069
63213339
59939800
60146010
61481561
57333948
63938921
59652537
61314946
60137235
62065244
60668117
61789213
59189656
62421402
60042205
62480658
54636400
64041170
62326296
59612104
61395338
62414838
59979844
62631219
58472931
67620093
61369924
62060052
60764742
63353303
67193267
65388807
62671565
59965070
62214259
59111728
57386862
64884136
62214517
64508540
60389470
64025867
58394694
55583316
59032621
62560541
60275274
55881974
67106350
58108803
56467318
66795231
64244438
63293423
63782318
59936451
61993255
60835400
62800579
60927613
65110978
63942878
61298463
56287639
57683507
60040938
61345283
61497207
61554460
58866748
60905793
65263304
65365243
63899565
62753414
59508517
65612787
60456481
65419325
60173524
60180668
63774635
60232705
63084537
62837566
58434669
63271669
60886921
61879138
63560368
62524019
59355477
60752401
61931239
63019781
59921740
56522639
61355769
59202559
61841443
61742311
56260963
60283407
58687475
60347479
55398800
57479945
61642669
57627504
62040157
58217546
63389198
63207088
64127839
61907003
62700370
57778426
69397518
56247472
59733205
64645288
58723297
62512262
63812126
62351157
57918032
57840730
61238006
61563815
61237147
62051495
61525921
61499455
60884528
58575282
59322234
60218785
57798791
60279013
63641456
62613060
58533517
59012271
64125192
59443275
63683356
59227046
62148080
62409796
58544458
57028929
67407371
65691331
66874090
68466112
72701482
67956221
62001742
70457423
68324621
68320657
68113002
66651397
65490660
66038379
67771945
64112427
69350881
67999046
70945427
69299286
66280993
68027485
66405676
66019588
65485488
70064785
65925600
68022105
64853207
62117208
67207656
66347695
68027844
71710123
59860699
66053316
62564791
66906918
62701427
68084220
67403099
68088059
65086105
67275344
61926790
66107106
65344351
68571449
65143008
67633037
63563396
62107905
63261250
69378335
69298738
67068671
69953807
69316596
68748663
65204894
70962884
65397989
65562930
68410320
68266227
61440023
69370958
70438293
68021281
64098207
66417046
62861879
69416004
72091345
64687412
66072002
67121638
64060568
66923926
67322386
66279078
62704748
66133211
63925306
68952099
69430721
65131807
63620647
67861141
68048100
69965771
68167376
69601637
67360918
69280938
72192166
62119940
67883858
68198477
68092448
67701026
63249275
60717326
69422169
68901951
69032597
64754779
69133760
66597068
61241061
69799941
65021766
70533148
63411706
68727033
66762281
64974277
65703748
71818967
63906609
69190138
63201774
69971236
68582925
65674561
66268138
68774556
66477656
68367120
61488980
70589267
69504968
68718230
63923397
68305222
70295234
69060610
69429269
66430854
63424950
64910123
63109504
68359704
70029991
67736946
67805729
66960299
64189324
62413212
65815285
67254402
68232897
60071784
71613917
65423932
63325546
70266770
68712597
71811787
69942444
69323257
67255177
65652124
68708451
63971914
74159297
71615691
66284708
60479746
66367464
66209263
65782310
69602310
65695732
65793391
66369339
70008787
74018417
68392404
69246927
64432597
71086640
63231441
70937679
70598793
67237731
73377155
68788229
66134368
65034872
61896945
66940829
65079749
67888631
68863545
66990698
63113248
69148954
66370463
66461107
62933365
63566133
66768065
61605809
70515878
67462888
59645177
64789348
63451024
65363037
61936497
63079937
66265451
64773828
65405414
60391517
69818241
64850257
70222759
68847545
66229504
62378026
72894426
60016318
67697533
67250929
63627455
71559975
69976728
70652747
63737684
66645298
66616709
66079921
68653409
66738280
66778685
68701991
68238643
62663555
64876512
67397843
66304313
66232551
68433967
70716086
66045390
66769126
67898589
65157569
68687177
62620802
71045923
65777726
68366337
61496673
65925043
63609150
63075931
62016589
70886957
66991713
59364798
64820910
64907144
63648988
63948076
61879483
60921211
66226385
64183770
59412455
67225924
64851027
65592879
65928000
61149779
64659610
64661365
64225309
65485846
65247008
62269922
62913004
60757413
60476273
64433200
66256680
63816396
69271047
54636823
61925918
60867663
65416653
59243474
62918586
64383824
61348061
63295211
63707540
57706425
61547236
62882148
65703240
62088476
63265405
63306306
59932272
61827521
63957108
67165697
63593352
67378336
63873961
64007158
64463653
66087287
63195691
63825435
62204884
63593640
57201382
64757528
64488889
64302291
61311334
64681470
60747015
66035978
66813859
61392312
64233795
61570907
58641955
66867044
61587711
63124078
58299758
59837322
62399679
64846312
65610937
62758885
58620316
62427315
64186659
68385012
64124114
65397515
63525419
64166800
66674355
58853663
63027831
62960741
66132697
61187222
61472596
57507366
64960985
64716220
66809178
61201923
63365408
63852741
62366996
66939870
62369081
65404538
61062866
65913316
63838730
65212714
63672326
66747232
61632558
64663064
57667926
63928741
62700303
61689672
62056620
64353153
64871681
65080812
60131666
66752627
65124527
62587203
61496599
65830157
65726901
65726610
65665371
64676752
61082753
61869932
58263946
64128882
63674911
64892030
62401584
66356212
61073814
56869093
60946191
62108612
63912706
59782030
65726496
61457263
61117661
66598027
66336779
65113247
65043420
65030147
65126784
65052570
63244727
61707137
67161897
68153651
64860176
58086425
62117904
63358498
63736791
65016206
63188693
58424538
63829899
66134596
66304408
65371431
64076126
62379923
65498945
64082898
66548714
62233323
64965099
67550344
65500740
62265402
63472739
57335629
61320522
65461428
64933604
65682643
64497776
58509107
63255155
63770507
64422646
62238219
61358862
63385565
59493362
65848437
66073830
59743897
63095160
61377168
65770590
60388336
61298742
64914701
61614188
62487918
58425182
66923091
66319069
64232407
62442365
62412162
59005203
64791916
59457388
63858311
61234152
60261313
64741999
65610908
63872911
61530139
62330481
60196214
63080808
63588849
62272699
66886522
63287369
65905059
60616109
62674677
62200679
63092285
61963821
65091320
63199341
58997009
61238595
63771229
61898235
66824234
63088630
62453069
63602114
62525189
60371267
65646098
62481428
65604582
66417692
72544487
67804587
60087923
66007348
67331319
64460444
64989795
62417348
64711475
67124789
63833958
58517176
67800799
64354018
67090232
66453776
63822288
64646449
63890794
65708986
62053491
65781613
67820283
65337855
62839243
61380150
64124846
64859343
62914349
68688830
56201453
61418071
61205252
65434502
62048902
65402237
63816934
62731799
63470303
66812932
57522506
64872809
63833171
65786398
64256633
65369661
61089601
60940213
61741555
65128290
64474873
68693132
69712925
66495528
66406327
65304231
68542004
63478537
62019731
68990148
62420478
60398247
66319845
69111822
64243415
60602512
63848038
61331306
64842979
68006619
61537813
67287409
64391462
63630678
65799336
65599942
62869804
61877674
60979693
62091511
64043182
63602520
63964732
61337258
63356487
66539479
68110304
65523434
66730764
63938064
69431871
69427438
59036971
62540483
60383695
64673220
64078449
62145919
58961134
66621641
66227258
68866495
63560990
65025545
66857546
60192134
65256200
66245177
66121271
63686393
65045570
63412428
63976291
64874026
66980407
65457322
64086666
61381972
64563227
65475102
63973198
62609284
63044657
64925358
66457713
60027332
66038758
66940787
64540645
64535196
66401609
68555229
65754354
68522660
63199347
61817222
63508387
60037370
68356798
65427564
66471539
62887131
66122414
60095960
61930395
63538934
62716168
61695897
59854196
69231908
62776524
63105803
66466525
67545451
64137877
64207131
63766401
66439799
64430259
63127601
62357043
72264789
70685563
66305052
59574189
64824998
63054816
64530414
62945245
64301435
63879102
64267311
66667496
69983654
67742012
67894337
61169370
66664322
62168051
67845970
64517968
63882958
67689002
65323873
63617272
65238147
59605230
64854188
64593934
62319759
67445812
64269762
60522157
62373624
61349404
62483522
63168967
61975042
64908882
59087661
65954790
66674197
59856511
63813689
63194391
64768940
59834255
63238305
65420675
62203685
62036957
59025733
67943094
65742763
66302953
65266866
65929291
62128638
70672476
60188625
64103862
65305194
62163970
66674220
68295286
65565312
60378064
62306783
63238806
63004519
65588313
64577898
67209736
64596689
65550679
61226647
65501906
65816734
62122076
65894320
65645594
65491651
61139742
64863818
65061501
61862704
68827405
65299129
63180958
64511543
65374122
58949063
67945516
64377136
66962480
66841677
72079633
69181242
62678711
68870844
67645860
67959368
67223341
63827085
63358199
66381923
64906878
61185970
69030802
65889536
68512877
68750902
65804630
68851967
67253507
65602698
64892960
67997758
68109303
68963744
64682051
61972983
67341221
68827127
67318670
70945212
55956744
65511490
61243742
65314737
62419937
66125549
68966221
63980435
62895111
68909871
59480036
65752592
66449113
68258502
63098260
67005214
63941590
63087369
63958750
68347962
68228877
70645978
70217686
68382493
69845430
66700858
68853378
65307286
64572660
67764558
67079134
60481778
67939576
68661515
65443971
64240192
67224322
59037822
68716486
69738219
63424426
68249879
66584219
63106302
66862206
66472718
65338708
63105381
61628290
65085002
65817152
67248872
64831303
62297824
64969377
65725622
67401318
69268520
66503120
67600084
69458990
69257922
62540073
67691151
65993997
66784571
67557571
63523988
60025667
69517074
69003470
68793628
65463169
66327746
66813635
64141208
69443433
64879942
70628118
64913819
69810456
65130132
69137397
64425900
67708184
63369409
66966939
60536246
68473783
67000343
62722015
64301881
65426853
64273499
67677586
60690539
70558086
66335515
67632548
62216069
66403307
72285838
69072342
68407340
67572809
62958742
65157983
61690480
68575105
67140801
67386499
66435335
65957283
61070384
60436264
67021797
64069373
66553164
61351837
70964385
65241965
63481259
71315686
65838047
70758970
66233221
65971512
66888426
68213542
69162950
61037922
71529098
68479079
67183118
59661260
64969061
64844371
66932729
64650383
66743244
63122194
65180909
70356523
70892405
64094862
68949493
63276591
68278154
66025820
66814253
64978559
66835032
67935241
68844541
65572368
68324606
64589417
66007031
67023839
64741253
67109766
68017175
63274278
63995225
65124258
65568515
64469004
62705609
65783619
60453678
67580896
65023794
61950119
66222662
63758010
64775950
60062539
63829132
70607668
64810383
64613335
61190265
66875288
65913993
65370950
65122001
66917076
60346410
73047644
58844474
67323520
67134556
64858466
69047729
66679045
67006187
62774223
64969120
64880283
66090993
66591832
65890552
68031984
67075504
67692291
64236913
66705291
65586412
63448837
65892793
65905406
67133641
63260625
65087871
67314860
64196869
68544090
63100256
65229775
65066155
64443490
59979335
63782694
60930580
64177707
63414575
69626531
65816923
61075655
65896222
63835412
64085663
65243331
60344046
62531741
65958462
65419600
61181241
66634220
64536146
65441997
65296252
60754785
65606357
64251729
64242394
63997793
65319458
63101332
62258608
62434794
60077988
62858212
63810053
63368552
68761814
55506822
61605037
58931671
64025846
58951607
63622511
65437741
61270260
61410122
64624113
56692631
62727673
61415033
64606739
60768380
63956266
61109349
59598311
62472050
63150320
67904765
66197644
66871732
65783948
63650784
63930756
68638394
60403762
61318235
64373630
62555387
58651466
65327719
66153008
63932222
60693701
64351755
57919158
64393062
66149396
58940888
63908910
61664448
58794276
64171907
63019483
61959391
58475193
62439986
62409667
66195307
63736452
63621012
58482496
61883211
65432544
66122900
64451153
61987575
63630041
65798345
67701591
58075601
60248059
61439621
64083339
64915354
59910874
57176631
64918879
62579626
64427148
60833219
62008996
63225554
61060494
65696555
61246670
63144976
64682685
64590599
63629631
63474858
63646029
64662016
60169363
62461415
55888540
64520190
61554347
59895316
64209957
64901744
62699412
64436649
57526479
68841469
66869178
62418340
62405830
62494519
66996078
65921863
64082629
63926632
60753579
63308924
61970803
63861270
63836065
65768174
60098862
63280172
58828423
61444627
62662150
61590970
63360133
59665945
68808662
62095893
60248915
66244920
66820214
62577493
63020964
66025322
62077962
64179248
64343379
63963584
66808585
66922781
63733820
57243680
61389725
60538464
63335868
63824677
62839198
60004969
60284226
63959551
69053312
65481439
62775774
59074960
67633199
63091979
65455415
63102753
62553029
64602951
63776264
64466510
63516127
59223161
62354087
62473182
64082740
64553614
61788415
59835410
66274075
64153676
62293405
61575052
58303255
64974400
55602874
64493757
63915360
57947499
62205461
61025712
59908532
57828113
59503280
63245752
59833017
63406320
57098908
64962865
64227425
67898195
63197097
63483230
58727720
67339783
56966138
63791533
62885793
60450695
65683450
63701402
65993754
60140004
60590439
59738299
64378420
62635531
65157773
63896510
62318208
65651019
59999669
62315339
63453861
60704176
61502058
63723082
64421272
61520910
61464565
63397821
59274192
67420662
61263212
61868915
61861447
62442235
60739522
63997011
63338181
64458963
66084347
69719780
69025381
62618859
67001126
65529404
65325917
68179048
63556930
64951682
64757789
64614367
61779683
66820795
63593977
67913459
68383255
62382840
66798885
64593094
65958514
62260569
66933179
64351824
68014304
63069647
58359803
67252163
63704102
64822750
70723210
57597974
63832786
62451950
65245180
61844640
65852019
63046863
63038613
64912226
65699094
56709106
61643931
62000655
68917137
63854447
65596289
64127254
61170754
65241172
64126329
66278746
65030825
66370999
68000310
68489558
65832982
69340334
59601975
63535334
70073846
64433445
61434076
67889829
67164863
64576247
62449317
63932933
60598182
62232346
69541981
61695447
67765659
61994323
58920565
64662806
64706175
62618107
59525890
63130369
62445286
64933659
65885954
62351738
59584673
64849373
65614152
66084348
66714890
66976449
63885729
66778843
70000045
61684511
64751411
66347090
61280985
66918978
60255211
58656030
65531250
64521760
68920742
60712003
65648849
67478543
62545290
67525936
61400815
65423698
66186702
64167855
62985051
62109715
63708167
66623408
61843041
62578333
59090421
66939995
64347324
62127000
63293917
63552372
64967225
67742555
62041827
69477723
68027946
68586213
63241535
65625938
67309430
67568485
65912405
62651400
61809653
61381712
62050791
66238621
65262667
67073887
64083207
65434474
58417570
62569742
64226294
61851992
63369407
59204377
70264610
63642955
59563716
68889535
66153112
66449339
65621147
66546245
65581687
63255135
65697289
64536792
72063503
65954466
66479079
57093907
64672130
62984132
61335399
65256615
62576454
62575062
62936737
69880047
70313466
66405178
66985923
58759557
65422556
62285802
64985964
64226367
65045783
67503625
63803112
64533947
67018608
61297445
66667098
64849091
63814565
64717909
61825503
61025562
63219996
64845006
65163164
62941529
60980671
61727324
59372923
66450849
65022844
58040290
65498644
60601381
65919982
57298547
60338487
63879105
64271799
64119802
58480746
66935963
62948957
68594720
64669263
66438905
62078472
70752855
59857142
67223225
65330306
61006065
67491554
64553819
64529534
61132899
60627544
64624464
65080045
66334785
67581435
66608879
64368202
64962528
62149928
64515720
65455800
62927359
65858300
64803043
66943434
61833778
63100949
63809787
63793015
64741194
61540861
65981386
64395396
63206356
60197635
63084293
64384609
65312365
70444319
72928233
64458808
60803508
66131389
66749004
67383372
70599856
63340706
64398163
67955251
65574785
61222882
67967531
64641099
67094236
66625993
66229190
68993252
64124404
66291777
64349909
69290599
64800681
68487995
63290675
59298153
67336347
65590969
67004981
72602256
58302793
63880086
60635257
66900566
61553558
65873548
69580613
63605277
65266384
66192665
59314912
63609932
64811944
68391936
63244976
64305602
61344015
59897111
65985696
65929342
69289359
68553948
69401616
67578581
70702377
64836957
71519997
62466084
63766115
68077397
66381600
62574493
68617676
68473894
62862972
61870399
65874227
62576357
66571326
70271800
64414962
69659224
65447797
61594434
64856259
65099511
63586111
60266053
63921848
65541493
65669091
67430848
66670185
61497047
65992225
66362258
69732454
68407173
67113565
65150568
69524860
70126276
60902197
65858276
65106742
66889841
65668660
61380536
57947767
66354517
63910747
68131666
62575883
66622768
66699884
63680519
65955996
63450984
67810570
64452179
68771176
65270381
66208794
65365887
70043053
64426661
66945157
61127392
65867514
67712786
61962322
63995852
67517325
65400000
66394429
60060004
68455979
65167273
67587271
62918160
66796330
70893311
71695756
67887725
64988491
63308828
63925275
61681214
66576939
67813863
69161086
64266853
66063178
61470207
61729336
64883798
66587785
66018089
61755128
70443641
66212330
63361885
68943588
66775205
67080646
68943569
65589352
66911188
67285768
67493782
63903263
71371859
68458611
67773679
60651642
64144475
63938629
63512654
65371075
63159719
61808179
64056061
71066347
72868853
67456012
70059434
61043405
68001689
63532326
68662499
67835661
64312982
68381900
68657293
67186156
66459266
62669457
63033594
64809720
64552543
69148885
66759434
62593581
66865051
65828374
65276294
63761332
59688216
68464386
56844009
67138211
66507913
61054363
63435396
62371192
64068505
60930886
61873392
66535796
63048861
66214449
61843912
68805211
62683236
67623892
67410381
63764785
63423497
71238047
59839594
65664306
66255615
62372690
68869674
69786350
65722377
60092099
64816335
66059515
66525299
66738780
67968250
67651465
62666222
69259463
60395219
66731161
64825254
64317485
65357360
66300963
67888411
61541785
67166526
69242844
66733536
69767921
62553787
67187320
66256018
66631555
61636167
60455415
60744899
62890750
62466119
67164546
66180207
60726031
63151464
62267526
61534340
63542600
61094503
60868413
61419227
59315251
58411854
63754780
63338640
64149241
66649994
62788062
60683897
60559010
64904918
63018702
62760257
62618516
63212635
60264464
56212135
63984505
63688603
63665801
65937524
54263244
61624170
59774694
60857893
60369597
63055383
61975703
60535098
60495193
57789415
56451290
63229858
62569123
64768871
59639699
61443616
59302322
59490529
58098478
62020080
64322113
62285225
63123168
64745624
63712093
61557999
65149719
59852415
59983574
62155910
59732469
56174292
63969492
63485723
61763592
59447846
60513853
56163187
63352576
64716426
56360949
62703475
60092888
61144454
63320773
64196531
58512620
57789776
60339645
57645975
60591669
63586525
57431530
58843030
60210802
62344441
66813083
61944372
61701551
61760827
61939682
67054201
58063896
62427264
61604950
61880551
62067143
59721675
57412853
61440268
63947087
63512590
60375921
60850443
60888243
58578185
63004144
60083102
63588518
59928972
62025012
61723344
63038159
59953296
63048545
59576763
63448085
57783619
64194156
63909017
59478561
60642348
62145701
60657383
63331667
58849623
66477215
63328062
61331401
61937840
61485023
68171722
62449817
63465496
60832221
59180875
60890679
55179471
65700048
60977628
63092791
59706825
64371869
56969356
56060115
61126255
59310350
62703578
56187917
64525976
61244694
58049911
66474558
62990196
64024432
62293922
60465868
63274716
63794744
61444700
61777152
66315557
67324006
62316518
56863713
61854454
62700715
62403282
62844360
62035073
60867801
59547521
67335379
67683435
63247789
63599409
58485046
62580253
61624052
63673684
62716909
59854753
63714197
62179789
58851465
61115684
59768866
60857701
62073260
62921449
63409912
62223312
58327430
59324501
58260769
61647522
58460990
57346918
61800116
54805371
62941350
64635778
57013524
59459399
59704722
62995598
59043171
58772481
64485034
59421007
60452513
57411126
62478543
62910802
65624168
63356861
62513923
58561850
65313008
59052217
62395027
62771934
58854574
64411090
66255561
60869774
56285247
58396223
60630539
63200364
62247959
61853887
63303068
61957355
63354157
60335750
59573810
62490858
58546736
61754043
60772312
61572225
56636358
58273949
61992578
56916500
63030367
60118069
61028941
61135487
59857924
56305164
66106891
63524912
64982072
65962597
73568940
69069949
62241916
69243194
68428348
67224859
67992279
64287562
65435802
66960390
63941763
61593902
71428979
66139339
67343572
68106614
63539769
67913626
64653896
67412600
64607556
68010765
66712794
68075171
63001827
59015791
65662498
67649593
67965588
72089739
58612544
65003419
60004382
63660907
61799828
64856457
66155126
65693843
64560054
64231543
59488639
65283836
62208310
68439326
65463029
66891554
64833699
62203713
65463014
64745341
65950706
67671478
68742766
69281500
69466961
68670341
71965829
61980302
65266794
67905501
66298969
62592721
68894005
69458936
65747204
64377809
66842092
60908003
68118612
67831752
62680204
68047044
61537592
64839913
65588971
65093249
65430939
62255470
62196288
64321282
65736218
66527276
66625642
62767539
64354420
68426223
69152016
68408498
67277356
64631374
69731765
69337088
61484963
66366260
63606973
67861684
67663037
61865937
59954783
68459059
68109448
71767408
60737770
66470886
69159366
62191080
68092222
66132873
66167175
65926637
69096288
67377292
66053500
66854952
66647112
64291621
69814913
61137225
67348569
67027909
64370757
65710965
63167197
66014295
69649691
61302427
70943643
66138683
67587488
62007668
67876346
69771090
69118372
70255219
66516441
63498065
62880434
61717778
68717313
66118076
66992845
62226568
67192467
60861028
61692758
65472448
64999413
63895982
63690012
69755669
65104924
63109675
68395202
68661698
68611768
65904666
65807130
69281049
66630214
68057429
66320967
71721831
69934251
66516425
59641511
65201435
66343487
66221895
65687191
63730362
63616542
66100018
70993211
73490500
67209999
69619593
66395865
68455377
63353075
69440677
65238060
65887487
68574202
67420200
65692186
66498249
61843766
67240400
66508348
67531362
70661716
65885024
63815436
64552387
65642431
64464716
66152713
62180349
64624604
60926754
67591343
68031573
63166889
66962641
62578590
64252530
62004545
62426453
66693697
62752086
65238711
61990421
66650637
65912025
68293309
65613542
68380500
65252824
71281876
58763888
66295156
69255554
62542289
69651547
68341747
69345842
63512234
64044235
63978908
64997878
66990427
66283384
66254106
67780774
68107031
62918246
65564910
65322459
63234874
62007239
67450616
66853525
62355310
64662165
65991203
63751983
69512955
64965223
68475760
65496136
65495832
62493627
64162004
64067766
67131752
65435788
71580693
67627038
60337129
66898244
66022367
66583121
69087202
63736573
67631240
67382696
64889946
61054570
69347546
64673354
68626366
67962695
65925115
66431926
64343085
68369638
61924865
67944881
67878872
67855422
64304075
63318012
64439380
66001642
61575464
70541631
59254738
66023199
60382642
66290685
61403974
65604025
66164558
62760980
65135147
64593191
57001892
64839164
64101951
67143175
65360561
63548511
62760941
61440608
62348021
65002531
67894630
65420275
68439618
67840568
69638383
71096248
68314738
61436485
64057264
65451520
63774919
62649303
66962904
68504792
66386346
63921886
67388775
60395401
68946087
66985991
64468941
68070890
61882577
62395396
67659840
64128608
66136575
60581058
63971844
65293508
66043813
68669665
65519722
62448808
62583187
66516303
68747867
67034972
68127299
64050103
64848700
68706305
59553029
66467997
64665290
67097481
66697573
63596915
60694247
67501057
65860514
65593571
62953393
64135190
64354178
61234562
66287559
65735800
66129331
64950894
68658076
69811904
67838075
65054315
69843771
64242441
66848309
62569685
67724940
64956826
58093341
65878206
65179109
65872682
67215511
62646847
68585566
68382684
67880109
63404555
66930887
70218708
69446589
69046188
65842727
63016772
63919621
61933538
67891310
66910114
68115448
63217458
66617948
61462182
62132679
67642205
63716402
66088242
61613394
70888178
63252126
64084082
70254003
67385536
69080621
67975771
65774665
66799648
65919796
67012737
62004642
71598008
69620567
66302253
61149842
63015016
65171321
66933366
63284351
63195061
63825168
66576329
67608939
71754406
69012824
69514526
63860866
70032571
62234110
68158433
66711675
66109548
68783666
69572551
66579101
66698192
61977643
63636507
65162704
66294546
67440786
66730370
64383065
65701576
64963225
62894624
62876227
59553172
62863584
60008283
68620670
66254899
59975742
64767130
63449168
65804077
59456869
61533796
65933761
65745353
65435923
61047956
68394619
66595026
69060541
65150776
65033274
64626334
69497311
58005555
66864796
65419944
62373995
68216794
66092044
65809094
59984372
60614563
63810973
66167637
66106965
65562801
66221544
65714719
67658309
62720620
63799437
62539953
64203899
62800021
65814520
67031991
62705842
63638540
67541475
66324888
69924064
64486457
67150250
64100412
65338571
60217406
63193521
61929817
61857811
65016386
70696529
63794935
60893667
64098026
61550920
63104380
66568999
61074992
61725568
64776270
62366551
59538769
67146806
63874737
66128774
61889373
61518434
61714222
61830228
63907138
62864996
65727000
62943701
65079459
61769878
58715327
65018587
66442968
61487684
69040919
57509236
63950117
58385273
63903674
61524092
61236741
66571735
61282463
65328938
65232941
58599682
61483093
63446632
65817008
63224302
62425504
61426337
59001757
64132937
63705235
67121928
63415193
65731054
67711013
66978534
64994040
65809264
58714867
63385505
62819787
63686440
59879357
66444510
67239316
64414660
60800927
64060051
61165888
65216829
66336279
60769413
67805330
61736735
60517577
65600009
63273114
62513013
59410524
63124534
62503499
63215294
64092286
63959212
59800531
62006953
62677892
65419796
64836091
65893336
63699272
68259245
68049756
60298518
63926276
64169388
66864008
64065427
58861238
56845959
63804980
62896305
67078480
63806141
63157385
64027976
60446044
66478143
63924017
65524962
62196573
65135064
63845292
64882328
61575870
64599358
62159335
65688766
59917219
64788679
64877692
60672039
64102840
65008761
65593231
63664308
60375120
67190422
67126534
62948533
61278304
64443022
68751608
66058602
65150338
63978552
59796532
59996554
59650445
64334493
65069392
67205984
61655678
65074771
58621392
58183972
63936473
63655427
62989120
58419159
68284090
60092523
61557592
66085491
68029996
66202333
66800759
62762691
66766111
64361328
65054695
62937085
69129540
67685586
64657601
60365999
60780233
60063269
62882038
63449842
62959506
59556770
62435611
65459696
69190173
65076323
64729801
62125245
66789277
61582900
67675811
61107819
64575681
66466897
66504284
63450496
65689347
60009816
64087291
63023144
61756304
66261415
63008932
59790194
61828200
63199911
61372507
62935383
58084939
63731659
58729705
67547442
66768427
59744434
61966363
62734692
66574023
62358437
59709824
64704479
60706449
61452473
59758455
66323335
64083272
65049256
62572126
62797777
61989296
67821861
57980024
65163813
61781414
60403116
64198889
65118732
65813216
62195703
61352097
63177665
65259515
63701631
64718920
65822987
63074154
61877717
60211385
62230268
62586675
59774363
64647026
62746752
66260650
59620823
59323760
66735232
61836840
67674411
63967255
65609287
61307781
64187348
58564515
63454674
61726948
65062785
64401373
67877155
64994506
61182743
63897852
64571889
65770659
61822767
58740351
60361633
66717289
60801833
62324560
65341263
62439097
62197653
64563477
62631252
62754025
59329169
63290127
61960390
65443547
62119661
62629171
61240737
57175564
62367510
61735784
62286514
67055963
56666097
61171763
56744635
63027481
61193605
63716482
64937147
59371238
63301357
63304462
54568765
63271393
61637288
63680155
58535204
59881122
60495981
57319736
61089717
62825069
66504019
64637864
65598180
64832073
61941151
63083805
65613442
59722512
61870157
63184301
62757633
56398409
65570979
66805696
61035564
58123168
61553189
59783062
63750076
65955881
57949953
62370429
62027021
58937060
64093643
64988219
58374095
59623574
60281306
58914114
62039911
62172907
61060893
60415719
62175782
64041980
64160274
63564965
63447280
62246873
66282449
67235011
57708002
61986835
61491505
64868184
64653465
58439547
56614426
63623089
61647860
64892925
60076313
62587800
64622223
59977452
65635038
63217141
64009044
61647886
66243011
62026676
62600549
60960191
65210370
60097671
60445030
58711328
64141010
63611742
60422368
63366555
64400267
62149440
64140192
57291030
66606395
67494125
61555947
63192377
61679724
64640689
63134463
62193102
61837969
59542975
61486360
57916513
63840519
65453301
63678111
61640709
62126712
60390874
55945603
60289239
61212562
63253771
56635176
67985067
61811631
61846928
64940258
63942397
66081525
64454923
62919527
62238142
61555635
61553884
60062809
67230512
67618394
63030460
55850530
58921001
60923223
63133500
64969039
62662449
58684367
61951257
65065645
69272742
62380526
64492247
61032943
63592691
61493593
67192851
63673974
61523730
64671753
64736146
62097275
60974038
60674076
60280991
62094980
63062250
63284337
62573546
60496782
62418355
62220091
59250458
63270427
58333906
61022050
58254479
63371346
63310452
57936807
60695341
58940928
64290944
60888271
58026041
64766548
59410357
61635005
58075589
64593201
64068933
63914103
62902133
60228960
56563892
65847720
55623092
61322509
62148744
61037429
65991355
65524130
64647956
62618429
63014760
62160960
61942012
61338803
62786400
62829517
62268105
65876150
59359161
59787452
62925666
60196123
61945419
63822406
64586522
60859933
60476988
64681493
59929636
68591638
63581943
61692233
61579458
63453364
57019651
72000566
67183341
71108021
71483898
73362227
71162569
64583736
69392331
71726759
72682111
69903623
67612665
70612791
69917421
69030408
65156365
74013143
70062008
71400795
71377070
69294195
68832042
68311580
69980812
68820742
72907933
67781306
71209110
70511596
66271592
71834177
69565682
68636012
73446672
60281292
68014112
63610796
70094912
68402408
69912855
71366966
67535957
68416244
70253836
63651488
67030516
69293509
73956930
67493391
70125741
68175604
64074455
66767658
69414177
72862680
73230482
74338451
71821763
74601638
68496975
72046891
66687272
68905886
70402934
65873651
64145518
71526267
71757972
69811052
66711556
70172476
64958951
70991900
73630331
65458659
69372883
66486301
63122100
69449482
69980914
67258669
67058240
67458914
66870136
69730759
71488614
68215458
63969437
68170459
69305611
72923154
72381469
68786366
70565226
71616917
76377174
66349634
66673082
68017410
71257191
70212058
64456107
64909403
69365940
70296360
72989762
64870002
69239305
69355035
65517235
73008825
69553782
72282472
67934842
73709920
71924359
69427253
67015069
70760025
64287334
66424645
63341210
73117723
69169978
69758659
67798430
68849875
66481326
71155116
63148554
72803497
72564359
69274247
67954220
71414507
77193824
73069993
72626114
69967709
66921839
67773483
66202735
69907793
72045281
68432814
69883440
71855591
66840089
64073927
68239407
66676383
69357494
62287887
76069498
69953782
68328264
73533187
70537203
71056246
68922194
69485183
71652512
71674294
69420936
66222141
73710879
74729621
71158486
63779201
68801483
69087974
68043863
71119022
68412874
64771969
70034668
75327076
74971143
70526580
72476594
66261495
70928342
69010665
71723798
68455792
68919240
72425064
71495474
68058186
71090818
64499603
67136485
69256042
70057950
72345293
67061236
65480878
69385481
67655945
65453347
68829607
61985254
70975692
62905357
68772069
71269685
66135837
67182821
68287487
69099287
62685545
64239898
71558582
66504278
66299617
62264253
73984064
68281698
72155553
69133379
71894226
67299520
73847942
61406279
68067278
70446720
67811308
71281142
69801858
71512839
61782978
67812496
70479297
70092002
68865841
70463411
72759575
68368389
70298815
65735157
68216936
68912022
66092888
68085834
70672865
71038441
65360061
69312652
69598998
65137855
71515179
66543513
70228644
66809244
67411996
65692201
66311404
65729458
68229349
69254554
73062732
71203496
61406956
66654295
66415626
68930818
68785494
64944259
67386348
69133567
66063135
62865211
71089837
68501205
69603920
70934758
69073136
66622228
65600285
70321576
68166100
69614268
68679816
66636992
64590732
62946644
70168196
69305599
66428998
70372211
61360949
66519603
63357772
67178920
64912815
65675636
68857186
66407764
66277243
65678631
60856362
65116207
64795478
71122347
66687946
66895467
66281952
65245602
66390447
67317999
65374658
68769458
70164423
67002664
70377586
68260970
69379835
63237378
65891936
65185190
67770195
61188133
67835470
70784990
66145978
63575514
67638190
61577038
66842146
71927355
65181912
68841048
63770864
63605486
67810099
65924197
63723146
61041887
66255024
66042004
65328557
68038364
66173692
62910252
66742720
67771290
69067362
68943697
68917265
67669559
69371062
73426647
62975565
67758657
65221500
68380640
66938094
62595318
59325539
69074720
68698815
72664514
62097862
66497536
65505012
63206503
68546905
64519618
68294203
64941972
68061750
69234624
66220831
67381986
71687948
61406684
67555815
61732944
68276538
68282550
66851523
65610520
68161373
68212199
68391036
63611439
70875012
69030205
69054499
66837448
69175366
72372808
69598384
67909998
67768727
63515711
66084401
62236129
70665027
66169071
67560249
66560831
71163647
63624624
62074961
68246449
69488142
64508031
61772301
70776840
64287373
61573649
71646733
67689714
67941897
68237598
65696041
68194411
66970116
66108942
63354407
71397184
70174532
68129350
60600139
66760361
68982424
65645838
67125401
66207186
64600201
68197977
68481638
73283116
68476138
69779016
66919548
66120437
67862604
69271550
67802920
67554272
72391321
66884218
65767791
69371655
62404256
65878994
66686786
65765653
71094664
67040046
64933528
66948221
69504130
66573268
62910498
60450792
65699363
61439147
68569518
70193072
61166343
65399163
65377236
67714585
61289938
64316535
67663326
64721325
67987440
62698779
70204668
66139399
68889262
64571486
69666697
62457382
72953459
60087996
68464011
68049163
64181092
67691088
71453165
66918618
63882558
65004872
67785766
68329867
69187025
66160936
67920518
68414547
69152213
61327099
65227958
65584779
63582635
66601464
67876058
67099934
62615119
65954828
67673638
64345584
69296451
66900167
66598130
65236760
63764368
61959554
63170325
63031407
65157094
66274527
70052308
69429366
61251633
67695216
67108889
65034738
66177202
63288041
62731048
66368484
62242589
60610641
71208912
66055098
67014291
66617290
63705949
65551926
61758477
66038579
63721199
68838059
66927997
64266737
63903783
61236673
63881544
66114536
65111931
70053644
58238448
61684286
62426895
65608294
62383492
63922554
65804759
63654893
64322797
66281035
61023955
64278218
65142692
69901521
64756966
63870854
62068163
59945659
62799787
66701545
67748332
67482912
66774033
67578798
70588927
65077205
69987389
64003763
61899702
67792651
66620834
63489996
67621228
69804045
64124959
63347964
66200624
60870392
68539968
65507461
65741097
67216535
66057516
61031561
65322440
65922683
64994841
61202801
62612928
62329973
68193513
66047545
64214547
62293652
65559553
65161123
68844204
67890552
66581261
67968616
69437911
67891999
61333438
65110021
66110736
67382566
65948381
61423373
58757224
67793732
65170833
68315104
61447826
66424102
67814036
63048892
69904229
61244034
67264558
66357136
68603527
64449351
64209823
64701102
67488514
67444170
65367533
60365533
67019635
67526878
66818131
64324686
65579360
62098835
67977319
63094326
66826454
66106194
66353583
63151144
68160384
66776686
68411427
68731462
65911320
61887844
64404622
61576418
65279145
66563517
66373556
66011855
63764443
60509554
61397524
67578604
64871431
66739615
58715018
70024760
62050549
60224483
67969252
69243108
66772928
65179603
68229753
65005923
66408106
67772301
64767497
70475253
66657450
66284261
57846198
64675184
66035371
63580767
66186611
65602104
62924343
63263297
70617993
69203979
65406486
67858759
62543695
67348779
65322953
69571307
64602056
65355203
68585425
65169799
64916106
65403138
61765252
67183093
64520731
64906631
68265718
64922898
61463802
66428390
64013502
64275871
65584406
60523768
64907520
58811488
66300805
67214167
60777650
62879320
60897369
65709505
63311386
60866587
67321715
60465758
64303541
59616293
67480521
65489214
66876544
65837436
64035572
61821372
72519281
60351386
65723459
66707336
64780531
68451510
66633702
66312905
62563342
63985019
63049600
64089756
67612265
66201918
65829028
64033508
69555846
63107701
64458711
67557504
63004170
62972157
66623618
65382333
61712591
64669890
67491332
66091798
69852611
64948965
65898930
63908393
64851825
61521273
60844986
62902201
62041023
62411904
65583360
65915752
59786114
62019083
64748428
63547121
63243582
62013725
63744998
65680428
60186901
59789481
68933131
60647592
65263364
65016945
62482042
61909582
59703678
61205610
63043504
64994930
62054709
62406647
62975339
57909404
62958713
62521767
62932355
67171767
57766924
61366252
60228943
64342007
59770347
66108291
64464254
60181192
62962129
63054198
57502676
63461133
63960050
65580191
58754557
63160972
60976958
58639207
60950917
64846300
66639389
63517874
67173595
64842052
66017560
62740456
65314927
63135852
58350520
62137968
60717061
56878122
64510605
66978716
61170105
58050046
62918020
56612301
64804972
66375957
60325096
63123356
62545783
58323976
62911607
62403023
59536760
55864707
61287112
59861626
60763493
64873258
58713522
61374433
60255006
63125417
66221421
64748576
66300479
63769102
65207941
67821449
59113656
60445233
61631990
65389301
63272599
60082021
58016058
62626894
62441763
64808644
62797470
62452384
62943229
60689759
64026981
60682860
64265947
63147086
65507840
63950683
61092019
61843645
64754280
61569475
63741431
58766866
65645177
63751088
59954484
59890539
64265147
61711800
65119498
58947339
67587642
64065869
63598668
59658748
64897171
69186397
66114350
65955900
61049913
60019134
65184763
58808229
62283271
62951759
63401197
63237185
64423151
60200416
57147316
60850253
60574495
63987525
54806060
69671904
60188352
57449719
66296440
63575357
67521104
63381029
63626393
62075879
64066572
64140858
60131502
68563277
68743603
64447908
58100477
60551594
61570588
59807327
63004855
62364767
60712799
61047938
65901764
67540152
62890081
64638513
60132715
64049885
59865200
63975172
63054973
62789677
65004014
62670663
61199755
64846913
58552541
61418477
63620051
62395920
62150384
63657806
58909808
65242617
62093558
61188365
58737566
57456284
61288434
57578050
64766269
66481555
58776737
58852981
59780999
63189672
58340218
59274897
65337452
60599065
61156896
57200213
63544295
64074865
64572600
63083763
60942379
57695744
65713053
55742445
62066019
64733594
60212165
64523544
64921954
64272883
58609027
61091523
61612458
62518535
62830817
62624118
63500489
60343212
63707054
61188795
61366131
60350252
60835350
63136560
64594933
65040720
59910726
63403020
65392323
60481206
69123659
59611967
62268479
61788037
59570826
56399944
63497431
63864327
66243675
69397571
71268434
67643769
61960567
66856276
66294820
66816916
63918067
62968416
64369409
67769780
64662336
64504530
67091947
67277563
69680385
68442210
67723723
65470970
66372702
66043111
65592533
67413233
65851389
65258510
65375702
59572239
68629861
64820296
66040797
69623165
59350284
64159799
60453104
67613804
62631123
66075715
65018001
65114588
64708704
66012709
60432858
63878095
62316902
63943012
63610662
66929360
66753833
61339677
64149245
65043822
69275797
66717304
70251024
70316699
67841163
65522156
68352466
62394072
63398464
67172263
64172214
60894296
68456838
68210283
65370417
62270232
66584787
61361137
66381285
68979655
63124283
66856184
62403412
61212034
64491127
64028300
64694990
64666197
62710661
62865293
68523163
67611712
64713465
63334965
66084969
66817961
70377009
66741229
65367894
65312126
70092180
69053294
63682253
66571205
63629904
69591254
65618160
61968827
61072809
68139023
69071876
69053524
64090402
64679265
66201180
62194927
66806949
65442555
68409628
66834675
67888020
64328085
64696427
62402656
69194243
61568193
66963940
63219297
68030630
65149573
63402229
66269676
66339330
65995259
69221896
62626974
69732489
68607998
67363623
63370673
67544447
69215850
68245054
68474585
65135879
62597835
62805387
60215168
68277286
68407207
68280945
67529147
66514718
62723043
61705537
64769302
63726814
63779014
59713470
71099567
64486624
58151406
70850464
68272314
67392735
64685979
65166660
67654261
66126951
66113113
61694043
72433372
71964406
68417136
59629603
63989649
61938363
66792044
68288687
65558462
61629157
64284021
69086502
69459371
67086741
65878765
62058705
68138981
65844132
69591273
63036183
65204366
68168200
66474505
66000018
67027407
62238849
65291185
65194225
67632270
67424430
64930813
62317652
65737850
63757913
66431287
64484945
60472673
63073366
62134241
67533184
67548349
61419605
65558708
63126685
61725961
61640883
63061022
67623814
62932546
62563759
59008066
71132529
65984371
67488760
64617485
66218864
65336026
71173887
60089256
63540249
66729626
62642749
69040845
68406038
67236573
62201725
66572180
64653193
66922409
67081044
68062507
65620446
66575684
70275887
62601806
62727483
66703102
64360540
64086283
66626615
68217227
58957662
66977016
67769219
65308665
70007422
63097580
65857387
64098252
66813236
59900703
66442014
62803277
66728880
66745647
71576782
72055448
64787695
69297639
66615468
67983851
66340005
64456284
67775671
64854014
68269188
61644310
68998921
67026348
69161619
68027078
66057738
67558982
65030584
69300473
64054754
68580980
65378525
69761271
64687064
60491735
65331566
66130285
66270073
73322384
58541670
64146124
65391644
66375684
62981321
68880122
67586453
64465144
66063421
65509827
61221702
65416360
65932131
68288738
66178274
67129392
61767695
61297297
61707728
63202012
72389104
69962985
69508454
69128470
69254588
67989817
71471173
62104976
64983933
68681958
62805709
59566274
67558632
68681135
65865217
62834911
64714811
61670303
67634414
69007490
62751887
65218864
64594208
62354779
67012129
65818760
66239291
62465603
62408820
64432499
69271057
66676944
64455697
62950266
66690686
69107654
66332096
66712300
66768203
64960634
65826974
69245288
60877430
64198098
65010506
66351539
69182521
64082434
61537047
69683476
66115219
71221266
61187137
66231100
67599630
63974837
67122059
64481143
67557649
66309510
67277814
66051861
67440547
64739673
68505700
63728517
67459482
60132125
67319314
64559498
67720065
65732153
67174539
66023306
69091084
61648437
69980019
64724647
66260989
63979509
68568422
68708781
67803870
67187670
65456430
64211435
65684760
61537269
69899336
69721036
66098097
65865819
66639699
61561592
62289598
67123327
65961895
64453921
60960687
69869483
66883150
61120606
68773865
68045386
69217660
68461340
66469426
64945746
64716134
66623638
62516433
69420869
71153311
66403818
63318135
64619502
63907701
63947657
66317507
67067615
62323841
67283134
68394480
71083045
65603181
67674645
63800418
66951150
65842469
69142630
66969899
67458870
69268646
66336249
64820126
65586631
62653701
65789858
68442528
65764999
69351952
64703749
64563158
66174044
64140646
62900097
65366937
60819515
65476337
59482714
68596007
66518742
62576089
67023330
61018209
65905355
62923510
61462400
67276535
64024822
63470504
61713740
69426264
69294591
67502467
63287039
67211329
62723301
69466923
59656058
65690988
66547255
64569820
69402705
66967456
67220481
62742269
63673370
66220455
64486114
67346706
66709535
65899726
68915968
67843117
62862251
66883886
67412667
64781238
64090987
67415689
65057027
61658126
64134964
66901546
64217107
68801004
63236855
65193405
63479739
65109661
61162663
61652380
64360342
65118953
65579236
70232035
68892182
61945856
64992244
65716806
67265769
66577208
64675931
61786565
65536514
63580526
61279896
67686979
65734703
66933253
66127629
64143309
64652372
63114659
64075807
65014923
68606682
65579802
63688974
60241852
61806665
67342271
63276986
64329417
69546234
55814775
63321882
64758543
62875590
65177507
64996918
68323779
63605088
63447977
63797017
58972086
65862694
63553450
66998950
61963948
63643485
60469598
59713133
61898371
62807513
68455237
67238152
65696718
68012887
69098254
66042752
68688171
61523647
59658061
65219471
63903301
61974541
67943961
70095579
62194317
60217609
65736750
58050478
66052948
65805012
60872088
66116504
65225850
62327927
66271345
65038756
61574672
61793726
61847246
61356145
62783525
65166473
64303492
61096995
64926796
65325437
65766746
65010986
65449281
64125240
69055728
69601384
61082248
65889080
62606340
68897967
63015259
63470556
60376687
65455415
66566659
66889901
61178555
65302890
64235951
62082518
65800344
65722896
63946931
63935963
67873772
64264098
67611763
62457373
65660938
62405380
63630642
59490904
67643976
67366093
63937393
63473197
65759340
63530182
65866651
61638268
68528564
66447155
65170870
64643051
65380136
69859165
68620421
66983433
66428981
61828980
62924371
59443002
67152060
67073818
66345360
63050876
64368507
58986061
59650698
65182156
64026648
64451722
60054074
69655807
63867334
62297599
66912614
66535930
68229295
64115291
64885721
64119962
64496910
65860569
63805220
68735334
69923211
67604224
60530893
60320817
65328777
63564936
66777320
66110142
60949051
64665223
68436232
71756506
66268314
68826390
63409157
66048899
64152061
68290791
63321718
63996512
66719316
66990003
65233484
64987222
62344921
62102464
64172180
63962702
67704278
63913532
62529220
62727537
63025286
62304215
64899570
57001212
63885320
59022312
64675230
65448719
60787103
64307461
60653404
63747454
60965298
61378997
66939624
59067610
62386367
61946638
68657607
65746260
67769378
62785652
63465559
62958139
69210406
59014911
63794084
66710563
62381819
67967120
66508206
66083961
62042945
62678338
63326210
65185313
65969841
66548735
63786214
64792103
64679202
61181086
62386646
64385240
62319427
63959969
63901423
64095481
61857172
61823196
65403898
63322564
67915817
64966876
63429997
61756478
62108738
59844887
64077236
60699509
65509868
65871882
70315339
68520706
60480928
65615437
64973922
64376210
63479654
63572919
62326530
64807729
63510923
58824318
67794809
66019486
64596567
67017567
64381650
63670656
62788114
64363557
62153895
65413502
60849520
64474378
62921982
58049139
65816572
64211868
62772456
69517003
57241512
62282210
58137236
64289185
62052461
61912542
64342177
63366103
61585976
65065155
58914213
60458513
60440318
67616276
63300773
62405557
60172546
59324815
65222907
61647064
66838481
68530917
68262879
66476932
66495510
66034072
68565126
64249292
61673278
65960784
63780843
58830320
65442602
66602690
65853017
61064949
64383825
59105582
65200673
66998097
61468653
65629063
62282202
60352224
65786600
61958441
61394479
61437427
59580415
60117182
65357841
63141359
60788896
60074697
61074945
64140988
66664327
64991660
63576149
64253211
67973805
67826864
60759918
63349743
62020663
64667217
63793080
59633140
56546441
64057783
64222387
67528262
58249479
64796952
63284183
62381329
67669031
61799009
66174871
63214216
65714260
64762048
64043218
63153405
67575563
61437089
63589671
60439656
67495642
65574983
61048784
65387728
64864607
62608169
65523297
58548268
67833752
65383227
65023795
62610406
65352206
67317449
68611781
67490225
63681480
60982283
63473764
59952928
65620150
66777963
66154560
60633744
63549220
60043781
59589340
63656038
65549429
62379847
58300771
70111131
64379116
61992523
67208222
68777093
69057771
64937116
63303261
65471170
64862979
64095692
61404330
67616759
68011401
66921333
59036365
60545258
63211270
62221455
64933905
64073698
60064419
62499730
69987432
68742324
63106168
67835036
60270328
63859730
64503300
65965518
63057512
61889263
65297715
67034605
61577625
65702012
60957790
63099007
62142016
64409619
68379612
63372514
61775522
64258301
63090948
61733601
65059765
59184468
63991398
59203743
65942068
65047263
59981129
64222454
62374662
63686545
60636183
60576421
64580016
58992844
61312361
59179082
66111293
63115687
67105720
64163416
64433863
60897023
66967562
58401606
63085570
65353407
59356909
67441118
67692455
66544255
58511450
61204251
63077050
63812406
63604761
63046399
65623894
63793954
67032067
60149972
60752960
66020555
61438915
64063675
64800374
66484800
60279779
65114786
64962856
63768444
68603259
63352861
63685506
61728776
63101278
58264289
61283562
57212377
60427928
60873850
68549100
62864060
59210197
62963300
63784291
63198190
65209648
60813767
60119269
63288024
58570882
56025399
64236499
62618767
64877511
63339920
61202395
62215708
59782230
62506852
61345609
65147200
61189084
63206592
59868821
57908344
61252071
63291950
61782052
65806067
55621323
58941963
59741082
62177009
60129537
60222706
62361382
62871298
59535374
61835173
57998499
58247225
61363359
63231712
60859975
64116443
58831004
56651067
62070567
60690187
65314291
61076998
66298475
64623250
64001084
63584810
66022182
60874568
61289385
63947201
62308788
57377618
64347868
62208909
59856349
57060560
61137957
57200835
64646050
65792109
56429657
62731756
61079344
56790093
63343983
61754808
58991492
56645832
58950018
60856121
62966142
62230594
58612519
58847298
62215444
61778629
63122141
59844212
63439400
60447836
64365162
65820550
58411861
62771880
60478308
64563542
63030664
62083347
57865400
62678184
60938955
64651508
60242291
61577135
60386618
61799008
63065496
62113098
63090794
59248278
63748124
63517108
61361851
60593780
66173274
61998360
61605124
57501501
62094984
62568656
59360675
61381965
58939324
62336982
63057110
58114366
65882411
63243244
62691092
59685950
64783180
65063807
64129807
62951115
61852362
60475813
61827332
58868586
63246695
64334289
61019576
58313069
62197765
57283580
58714027
59351961
60934940
61726752
56833693
66849444
60349513
55900695
65078732
62028918
66374224
62700204
63693268
62937346
61099028
61903395
59925860
68300313
66145491
64412029
57761409
58685154
60745150
61852435
62785976
62422941
58534151
59793321
66177422
67815812
62822135
64407241
59196478
63900546
61332702
63906720
60838433
59431606
63208825
63420058
62398598
63696400
60279189
58188930
61522167
60204986
62193105
60752701
59122219
64506334
59879007
63470893
60871785
54896674
62502154
56167741
64610814
61929550
58996439
62131975
57945694
60241229
57309818
59041003
63618962
58088680
61106970
58206851
63151325
61217113
61926182
61071906
56233769
58978323
66505784
56567620
63672823
63236719
58154470
65894030
66428075
64901184
58911011
59459791
62862106
62088088
61094156
61555787
63170523
61188569
64895303
58847736
60376706
61023248
59772306
59792652
61919187
64650944
56793693
58184899
62763284
60918024
66649063
59367814
58413366
59056191
59506371
59073830
58974180
59151813
59060612
60408021
68850977
60758575
59551372
60884407
60202489
61214248
64645675
59566058
60262758
61052591
58650809
55335092
64321169
63191788
63019397
63018696
60876417
58448184
59987108
59688554
60974339
62698540
62865764
63266759
57684295
58831621
61657726
61539407
60523407
63381315
54309979
61006653
56058360
62007274
57146273
61650073
60751380
59235752
61519001
59048504
55323118
60532407
62403567
61700786
57474659
60364983
58406784
58193850
58562153
61219206
62805414
62364761
65289665
61481890
63760972
61159323
66412273
57350916
58142779
62063750
60993137
57854323
64372530
62616099
61125411
57271076
62490987
55932681
61605493
63437440
56049583
60590555
58281900
58730191
60452924
63527207
57593912
56355725
58687972
58196732
58577924
61038297
56371040
56345070
61029655
62355203
59318009
63555048
62558393
59244590
61953479
65783928
56062435
58945992
57820298
60236198
63145733
57828483
55831042
61454662
60356415
64129437
59295938
61576685
60178645
55548776
63760060
59608019
61231585
59642382
60368470
61737931
60448863
59069998
63296034
57481230
60243340
56876639
63494624
62856970
58211984
60843164
62387226
60386793
63680715
58875936
63691711
61124830
61701910
56082817
60851681
64975299
62293388
62189956
60052358
58378293
57861715
56067497
64514862
59759905
64247153
62268884
61701742
56362987
56314188
59397381
61665332
60642291
56255821
64875450
59149861
55867893
64632553
61015532
61503707
61588545
62713512
60458553
61472875
62600958
57976239
63687920
64222290
60373496
55487696
58863257
61338494
60761227
59306063
58248779
59092120
59681405
62438317
67992207
58686765
64234217
59677565
61433803
60174928
62290841
59553293
60962774
63926220
60878924
60021312
59228220
56126352
59028216
61456305
57372591
60822221
61058929
59158884
60052100
59734559
61072495
58171548
57381236
58530585
54550790
63773178
64405320
56363934
60208501
57529772
62144907
54252443
56930342
62482090
58573303
61733351
56058108
63984326
60251270
61658472
62129082
62425964
58114615
62738593
54218173
61862879
61692068
56289053
62317826
65373358
60310170
57106166
56537677
59278588
59966027
63271345
61753092
61310003
59212571
63409102
54824120
57880349
61802727
55858608
61694750
62649629
61225489
55341322
58711787
61031436
57675258
64659285
59946525
60563409
59660995
60373601
54122406
62699083
59869677
62200460
61997584
69088448
65135338
59432968
64872078
64852362
62745091
62177884
60426252
59708217
64610030
62532869
60319187
66831998
65227132
63949867
64016688
61769493
62946519
59566043
63113066
63037640
62965043
61735930
61475255
60442236
56858969
63379194
65036617
60872737
68248368
53904680
60675358
58919891
63942364
57946111
62029802
59865339
64644096
61936774
65590102
58217568
60068916
62649443
66558993
63178939
64651760
60564656
61341138
58755006
61871145
63078256
65273817
65087660
63968828
62716922
63563097
66740928
60318946
63302494
64222569
62132634
56160849
66170570
64051629
61714124
62889713
62467190
58502184
65971739
63664432
59877884
63728188
60936511
60919850
63881858
63270714
59543341
59545005
62703963
62455891
61832964
60877409
58498005
59657866
64631248
65280657
67412765
63442995
63173080
62788726
67119171
69099668
58589593
61521195
60285459
64407595
63089759
58420857
56585003
66253043
65209303
65390904
60184128
62521822
63304556
62197506
66217813
60163935
62684972
61581586
63829225
62465229
62195403
60662689
65193526
60216689
63359012
58396114
64652655
62283793
62381363
63452079
64078478
63403015
65400291
58110860
69865726
63639336
63259978
61128324
65929419
67950528
64285314
67003101
61424206
60458299
59812634
58293573
67997577
65330042
66293521
64424480
63417277
59215573
59143106
60814707
62171080
61064928
57068045
66851826
60790979
57758253
64593533
65508656
65804935
64455711
65371438
62950822
64087025
62707747
62205913
66818971
67254410
63185983
56290343
63241872
61899270
62766030
63034303
62309079
58584543
62043210
66059495
69501505
63923284
64830503
59083222
64400907
63054045
65684463
61528760
63688990
66512317
64728027
60003880
62050394
59147420
62806883
60439796
62265836
62974576
64573536
57004701
64145781
61221032
62934234
58557006
59709491
62674944
60509576
63383512
63006989
56055324
64022597
58705072
63822904
59905887
59903157
61652299
59805070
60667066
59116959
66086624
63563310
65881459
63744581
63387878
60414008
64687712
58705784
63622140
63951659
59300343
66526687
65392307
65918290
60074225
59297383
64415588
61574249
64245523
63572964
65239133
64230855
65443798
58798126
61842589
61111924
59331608
62968628
60656420
63860345
57455586
61751855
61650107
60885846
64695030
58428193
63245530
60283390
62340231
56227206
64100210
66329999
66073290
66947764
70776224
70368128
62555185
67336173
68717048
64638902
66556889
66310238
66082796
64724990
64763589
63089803
68450439
66858308
67795222
67694878
67323665
67225971
63242632
65316908
63930647
68389423
66124541
64680769
63888582
59633492
67360974
65710688
66073528
71784670
58296607
63185853
61334368
64303004
63738309
65945197
66393649
62975944
64068378
64175407
60983534
65538482
64877377
69347000
63129190
65073821
62370536
61091296
61788817
66351094
69130704
68657540
67700311
69190538
69571083
65488270
68902516
60706947
62182518
66479204
67375638
62224946
69015231
68800888
67103683
63404723
67677301
57538935
66492541
67701583
62213778
66282448
65604898
61496276
67208691
64845004
63606584
61591048
62906458
62034111
62686239
68095779
62428472
62629573
64586232
65421661
68467525
69698417
67393434
65562273
67223001
69560313
61733452
66815094
63546678
67577200
64642867
61534456
61095014
67111736
65159208
68432641
61750185
65976616
68285558
63678015
64567652
64467513
67893781
63181843
68608248
65489447
67086424
67408574
68463423
64051930
64894952
61547847
69463909
65647036
64489751
64960944
64812950
64887766
68234413
59947145
69526889
63610665
67031699
63102057
68527379
68460179
68173551
67030774
66543640
62144913
63419562
59559312
64466655
64794856
66413676
62019785
66988461
60974943
61522804
65370899
64794984
66845049
58012533
69243642
63485218
59451121
66958533
68958647
69211458
66072837
66370258
66557139
62909068
67462073
62879606
70262177
68944453
63868659
62655805
64017304
66189717
64519373
63688126
66565947
62240602
66084773
68626525
74342576
66739192
68725755
62791175
68890790
64672766
70618855
66149367
65411009
70577343
65382925
65606188
66418301
63159153
65841084
66307787
65548637
68939679
65424640
62722600
66242163
66218037
64229691
64445827
59464282
65415888
60708691
67068359
67078088
61379058
62920625
62376697
65993281
61207312
59063157
67731075
65885544
64984965
61516578
65968993
66245235
67217681
65856933
65754324
61830340
71163139
60911164
64445910
66476669
59605870
69635378
68451136
67257644
61973215
64602760
65718722
67525103
66190145
64842097
63846186
67258421
64347388
63255764
63737106
66619193
61380615
64157545
65545143
67816236
64236113
65405449
68297591
66030543
70222860
63856523
67067243
63143862
64968304
59533160
62096267
62059635
63885561
64180261
68689060
65181876
61328772
65065884
64037288
64042131
66248770
61810222
64137041
62560188
61240513
59005534
64699715
62717120
65460051
65842680
62986398
62959263
62084660
64912009
63737537
67388602
62038097
65253903
59410355
58905473
64606909
64379607
61304640
66671850
57444664
63425121
60034399
62717613
61573364
63739420
63803106
60172510
63599707
63832875
57635202
61618412
63219185
64782489
61992426
60603716
60874358
58518940
63745750
64397492
66319923
65085902
65836594
66309290
65679606
63580697
66448677
61309446
62152332
66006590
63372718
58758544
65078944
67441092
63300504
62233017
64036585
60135913
66498316
65621756
60535466
65064252
62196863
60204397
64497096
64578791
60646188
61651767
62790283
61402857
62887822
65332898
61399256
61478850
62016250
62924832
68345610
64839666
65800065
63494681
67279308
69855207
59163411
62751877
64390397
66435584
62916942
59274130
56611871
65560998
63176027
65400050
64812264
66230388
62474808
59257109
64650084
63848793
64594662
63538945
64500430
64588073
65181895
63656830
64472420
63334551
63109110
58087579
67916883
64858460
61475284
64822058
64435334
62116900
65076627
60080196
66909941
63985712
64801711
64215616
67186472
69667749
65804876
65217356
63874963
61412372
61268894
60310910
65066275
61730182
65722954
62175838
64063623
60209548
59662393
62994621
63780925
63358695
61357584
70566889
61070184
60937736
68819798
70228595
68706887
65650119
63074767
64381114
64429537
64720075
65636731
69259957
64979529
65572635
59364788
58090043
59091803
63799599
65148922
61345534
62407524
62077104
68031055
68075556
63654256
65899588
58396419
64924571
60765726
66095094
62994840
62090853
67421723
64156141
63486237
64070703
61555609
64268551
64482431
66974614
68423469
62798118
62144075
63855157
64255188
61227595
61943773
59048003
60723007
58676407
64758473
62923928
59704887
65073754
60288655
64192457
58949424
58797341
65361392
60470792
60624805
59810444
62931612
63915948
66867611
65146261
65563875
58314704
66875860
58786977
65374820
66406844
59374789
64162759
66078798
65772456
58749933
59015985
62951640
61877901
62489904
62860298
66500704
63982103
65262405
63389378
61009186
59696406
60902854
64372455
61940672
65840203
61255800
59141151
65591209
62160149
68882867
62615434
62769208
63403847
63798376
58546071
66059369
62939918
63429508
63543247
69076950
66507785
61092744
65316436
62511102
66148918
64664143
62865017
61771461
64098927
62645673
60135809
67207904
64970006
64206274
67702507
61930517
63810802
61981883
66010765
61044554
69358225
63436880
64929746
62689776
59747159
65719903
64903917
63037615
67272464
56365332
62419834
60479628
64524151
59700354
65823494
65370953
64505659
63666221
64116622
57372241
60635419
62902969
67940783
62599403
64487787
62505503
59823519
62879521
64289589
67699319
65271969
68725447
65253450
66936800
63258127
68820654
59923696
63798500
64314175
63520029
58873971
64246527
68942828
64618062
61116119
64144440
59097490
65902266
65594839
61288180
64631709
61700406
58395046
62589892
66253649
61969271
61052101
62696230
63200890
65457906
61843670
62457759
59399094
62671252
65432005
63456913
64864371
66692660
63536708
65577976
70570460
59697830
60658284
61553233
66295391
65762662
60893972
61144048
64238538
61223775
68078232
63120298
63766309
62507884
62164857
66910334
61502942
64904933
64054217
67102814
66922510
63514719
62073794
65940750
63363667
61015689
57144502
66304685
64533759
62846583
64971319
65091137
64289853
65048615
60006081
68009221
63781950
62423080
63048641
67812128
68188378
65769551
64516602
63420019
62418279
61447531
59099667
69580463
65370564
64411112
63629667
64685489
60853123
60845402
62318146
62558495
64260654
58915560
68269487
62250403
59664841
68303203
67126069
66545013
64681354
63913098
64377945
63798627
63429252
62373047
70182509
68686131
65633109
58183221
62268287
62696898
64775250
64663339
63270820
59142070
63208161
67085712
70013607
66154254
69347123
60883185
66430706
63435076
65779260
64382879
63062772
66904394
66243444
62920966
65732860
60673555
60403894
63910392
65437405
64618079
61722432
60479883
63409839
64323452
62665781
64287710
58715829
64312616
57752431
66409535
63839797
59494809
62285867
61891331
64513972
58484623
60718364
66619069
59819183
63952158
58874386
67520856
63605717
67265150
62029561
63968754
61646796
67141232
58253020
65562622
63963489
62755823
67240805
67581133
66658238
59282007
60587521
65551192
63780202
65178630
63854482
63314946
64087201
64299546
60679138
61684868
63204280
59189848
61009041
64877759
65008090
60315793
63339490
63407206
59527094
68015670
62667766
63108733
60246731
64327736
58184836
63367147
63597835
63790352
65673236
68304631
65795558
59406620
65105326
63540345
65668212
62896308
61156514
63334206
63877690
61042262
60115078
66251864
64854061
65377259
64820152
63060475
63809440
60800538
62468456
60709487
64163246
63593209
64407028
61138587
58089475
62588478
62898587
63708452
68543870
55746396
63270777
58417946
60884642
58912219
62667765
65144451
59485710
63626904
60791422
56397773
61296914
61991043
63156102
60597291
64488449
58503873
57747390
57643665
62020768
62923786
65740472
63960161
66105147
67209562
63480294
66218402
59576440
62448699
64425570
62286967
58207115
66779480
66863533
63458940
59715215
64055583
58808791
63978408
63767144
60793078
63921296
63350813
58641293
61005004
62822704
61768530
57446414
59604009
58070996
61720562
65083107
59328150
59231449
61054465
65112554
64863631
66437854
65163734
62466075
64632655
67728457
59920727
63939868
64178968
64779747
63497419
56914123
55738836
62608139
64873789
65784551
60987329
60895207
66677888
59107397
63690076
62716952
64910866
61761646
63452986
62735537
61689983
63332280
65284318
62140869
63897314
59888228
63201189
62479017
61709340
61354314
61892714
63063924
64198115
56532748
65825465
63658014
64711277
61377663
61984700
67570448
66373896
64465121
62249977
61416996
60699817
56856382
63146043
63098170
65626425
64487728
66290460
59171265
59700960
62995250
63482964
64059107
58010154
67637262
60113997
59227617
65722407
64929693
67333416
64242000
62801807
64606804
62404666
61309454
61246384
67965466
67504575
63687105
58353057
61374919
62678549
62458989
62117066
60307549
60900120
64283976
65778734
66913462
64969198
64056244
58895113
64183776
60980190
63216758
61116106
62445092
67267796
63101372
63256739
61890962
60109723
62557823
61537039
60392515
66267088
60054941
61196308
64707499
62125908
61161804
60241912
57004691
61787792
57102350
64276761
64306298
56507122
63794233
57612559
60819481
56961061
60157576
63863345
63189685
62534375
56632431
63590099
63138930
63472583
62682186
63290741
59875897
67498468
56985519
62618415
63430669
61705846
65768756
64979698
64856248
59349052
61323801
62897231
62848477
64991597
63237921
64894368
63667372
62889808
61504668
61929307
62616930
60451195
62312760
62413159
65262532
61234882
60226154
63337493
59805745
66737602
60241908
62199169
62506887
62300256
58515903
63214978
63742301
64978086
62572472
69578248
65949471
62217174
64063167
64609708
65044733
65852462
61382365
64803305
64238620
64438321
59163114
65813285
62221945
66108394
65386763
60222268
63746566
61274344
64273267
60888307
62754915
63559080
65538928
62262589
59797215
63372853
64711103
62692053
67569358
55560941
61861080
60857636
63547449
62085579
65513526
62600709
60627243
63376618
63928721
59468112
62299161
61952986
65128583
59761647
62569507
59415402
57416828
63382387
64261517
65580052
65187536
67901807
65506813
66304978
63884998
66782945
58893998
63278068
65220013
62596735
57945368
61373934
66185745
63887709
59083946
63702116
57280156
66315433
67905867
59680963
64505073
61778877
60969871
65873817
62466857
63696409
57564839
62847113
60500957
65360825
62773383
63211113
60553489
60703418
64691586
64686438
65827081
65949382
63669242
64000780
66702068
61419389
60351415
64744810
64462195
62752196
60899550
57034172
65417025
64562426
63635257
60616273
65160297
63968531
59498912
65541062
64054195
63280356
61517715
68363209
63646104
64600469
61654896
65865486
62550691
64822499
59104961
66358075
62632531
61128773
63016667
62654397
63720213
64333553
59133288
67723109
64940413
63365585
61085208
65376988
67338190
65814661
67504678
63197904
61796042
61338818
58303599
65160312
63866708
63485536
61907356
62582268
57935675
59059514
60025760
61886475
63736096
59146634
68392301
60457558
62963282
69758999
65874625
65267879
64874959
65575090
64376717
63043233
64565550
63697645
68419090
65875546
63846871
60214150
62715724
62627309
62904011
63697657
63160263
61060282
63481035
67207851
69001216
64291845
65710541
61665943
65405736
62184679
66052940
65064211
60329494
66802275
63275266
64055414
63565983
59606001
63297195
63347113
64321423
63768189
62290867
60835192
64047123
63195562
62561524
63410794
58428825
63716780
57216477
67491426
61373268
57635963
62536410
58363776
64983244
56442339
59404124
65222195
61898270
64743389
59942446
64891526
62558819
64551998
64182928
62947441
60721778
65809394
59174624
63614189
62044705
60198171
65573544
65673222
64136590
60123293
60611877
62222560
63519564
66419089
62370617
63327692
63066908
65522158
59568815
62521588
61849846
62102874
61123856
64235678
66813704
60074428
62650415
64130947
62085425
66678637
63824173
64149412
64199411
63905601
61756741
62354446
61698979
60875619
62406299
68345334
66267597
57362720
63639886
61773853
64024502
63522266
60719956
59979479
62936755
59524209
58513468
64354122
62383034
64017877
63395438
59306716
64763420
59314229
63406669
60433942
64236121
59852540
61630986
58397801
56787470
60739056
61725275
63287743
68700180
54231629
61132340
56602561
59296699
58817695
60328685
63411549
59169598
61234824
62904495
55035963
61746720
60340508
62296226
60056940
62561170
58671116
57726107
59937324
61333224
65875499
63509917
64955868
65529947
64461608
61497418
63142865
60353982
61084701
60144780
61292088
56824378
64265291
63411366
60529695
58192983
60447772
54908561
64814170
66425992
57674916
61070594
61063985
58066503
62910804
59895936
60479521
57751451
60137431
61718380
58849432
62490230
59690067
57452478
61248728
63231725
64106318
63239241
62034610
61941591
61270033
65781026
57978427
64473665
62506714
64635710
61308495
58951889
57127556
63716891
59784373
66099877
60687205
59555213
59734597
59912731
64061744
61763026
63801151
61114691
62319666
61756867
64851835
60126924
61547209
59615311
63270901
56557126
63772120
62664112
60530918
63350270
59959631
59815424
65214133
57257548
64667255
64920518
62225464
61184969
65253174
65180382
60862718
62462571
58976831
57558625
61740760
58143557
64434577
61933514
64144261
60044500
64168702
58673969
55116211
59901458
59201554
60874831
58751006
64906965
60059190
57324451
65477722
64085954
64546854
60209184
62225068
65117741
63599116
63923588
61493162
66150366
63293828
60365309
58904612
59458306
58906512
63110710
64158907
60809624
59503754
60562602
65946920
66945180
64824244
60571503
60824665
63390648
60263815
64732731
58868812
60526395
63689380
61741207
62436375
63565008
58503149
60690289
63331162
60495084
63177046
60835223
59898976
62215438
63092338
58725805
61175505
57421533
60454249
57975147
64042400
63998006
57702377
64924147
56724549
63058151
60644395
56009750
63248246
59906588
61072744
56833880
62661614
61432173
61052950
62186052
61670682
58432194
63910110
54410777
62760282
59696715
56762898
63763868
62742144
61052689
59430884
60846182
61637833
63396705
64309208
60332000
64870796
61316032
62907902
59912214
60005706
60930423
61026875
60238073
62325440
63865670
57308450
59940147
62836694
60087236
65356439
60406569
62532018
58611022
59194149
57037130
64431947
64638572
63913288
65865723
68290301
68928700
63052840
68163341
66413529
67689573
67366913
65206266
62306920
67070599
64499627
59359624
68657123
67291992
68777169
67422337
64062080
68558791
63971546
67191093
63560528
69383561
66217122
68099674
63321295
61652712
66081647
64074388
65383181
71221403
56142273
64261079
62648418
65532157
65713186
67082104
66990724
65224769
64403489
65666148
60883151
66238640
64911966
67109511
63657460
65126577
61256849
61657924
62698736
66309587
71390555
68089409
68123788
69530025
69384851
66834720
66632900
62525971
62808305
65335171
66082282
60602044
66490381
69883812
66176461
62395230
64705393
60229685
67159526
68524635
61029979
67962011
64455943
61095611
69418505
66772032
63117808
60253148
62862806
63547165
69205928
67196699
65387118
64494841
66251929
65971880
67833212
66918169
67415226
66380338
67200301
69409152
60359293
65506126
66077123
65766385
67339532
62248064
61033524
67734424
66679290
68844220
62081411
65779458
66209915
62482856
68375909
65103743
68120442
65801295
67419114
67869850
67474618
63709907
70215194
63152064
65301686
57508987
67434072
68673953
63103711
65489203
65268376
63934906
69527442
63654098
68512067
66971131
65876451
63343479
66265970
69014076
67597698
65882630
66111764
63503977
64119763
61748134
66509735
66599447
66516645
64060002
67021553
60325160
63378401
66082671
66032647
66752842
59082526
69126272
64259234
62152429
67751710
66562997
69530687
67840252
66237085
63641295
66639392
66896251
63786077
71085308
69719023
64163665
60010970
63990362
64201378
63726371
66447905
65966418
61671283
66060964
68747018
72006723
68591391
68553344
63547439
69748447
64960607
68626081
66070168
65982990
69116435
69873837
65563903
64755003
61488214
64340835
66932924
64077170
66942662
63352900
61061507
65803484
65328779
64497893
62666998
60428526
64722960
60306050
66245293
67743434
59668868
63634280
63773093
67827579
60892942
60271320
68197324
63496782
62155295
61643912
68060258
65948519
69259449
66066046
64551478
62056619
71999491
58467316
65553907
65600143
63888138
71847270
67362033
64719633
60392895
64466427
63293295
69706141
67341628
66745246
65391385
64952131
65430790
60817025
62281807
65957190
66345346
64406014
69059393
65278118
64238307
63240536
68784362
66295545
69049566
63187549
66872295
64829808
65016951
60932404
60291061
59824943
62394373
64434709
69215444
63148246
59062092
61422499
61874727
64139111
66784889
59956925
60518684
65911385
61183031
58361077
62719083
61798140
65663270
64736904
61416231
63404369
61325178
61975014
61425658
63290509
64295976
65642469
60539672
57239175
64420398
62883477
60668180
67291984
54974536
59204667
58143610
63138526
59198300
61181541
62438830
61629196
59678230
64046291
55207873
59882840
60261321
65922106
61416405
59942058
60927134
57364434
59153727
61674642
66028712
62622290
64593680
63572181
63496638
61477813
64741657
59478515
61391679
61558148
62181401
57343140
65041168
65344867
62088044
60364297
62104846
59034178
64028625
65758034
60775285
64762334
60294747
57992765
65374685
62880415
60135612
57078845
60333049
59378520
64338842
63867580
61036376
60352698
61690345
62049869
63497042
64285235
65131440
61664218
65610846
66820705
59522114
61154610
60684888
62109125
64782974
58480862
58522755
63184900
61665184
65688627
61327996
63000905
62256650
60233449
65650068
60798472
63552102
61706788
63752845
61299927
62026430
62419073
65772774
60237956
62824399
56879240
66304019
61372093
59383868
60671576
63592980
60836995
63392319
60874177
64154845
64674623
63409702
60157791
65700914
67306405
65018056
64464313
63839777
61139021
61885601
58410769
61891306
65169552
64537510
60621216
61619665
59299016
59486422
60765601
61027984
61361659
55605388
68367790
59829809
61229170
63999453
63623395
66855341
63482121
63559416
62969921
61661053
63872908
59200921
69110676
66862556
64874701
57836744
61029305
60491228
62266284
62552295
60997338
61520491
60862826
66984296
66768666
65081439
64569091
58450154
66818815
61621951
64037454
58751073
62274260
63586635
65278155
61115862
62689898
58761963
61014939
61873161
62490084
62775292
59483103
59155374
61873853
62803937
60765389
62233552
55091492
61977425
56962800
64106980
62189257
56675876
62614182
60415643
64453422
59079836
59500641
64188866
58756582
60961370
59974504
64389932
64277506
65624489
62899751
61072607
58211166
66389193
58863818
64176943
62946609
60641377
65461937
64759645
65573974
58693693
61824415
62227128
61902985
63217150
62759189
63763112
61111711
63191010
58993317
61316077
62688739
60834736
58981166
63320768
64701873
58105038
62865383
64745002
60585502
68090224
61257703
61774651
60245214
61562774
55830805
60763422
60538167
63261208
61986091
68709321
66137117
62252196
64364648
65070283
64182383
62838352
60405636
61135240
61324469
58893416
58924923
63911952
60526785
65473199
63775766
62172770
64019096
59835126
62151148
62431558
61686238
61871640
63183344
59824003
56631849
66116681
60340880
61434779
66574947
54476305
62090297
60201272
61714683
59552368
62578272
60980342
60730263
61518285
63209373
57505220
61201279
61023671
63276882
62396201
64105608
59733615
58046840
61493035
61429096
65104902
63909333
66052332
63379822
64235779
64575134
67191952
59214076
63049756
61069389
61851874
56670095
61739566
66483551
61661479
59476909
61809572
54846018
62674749
64004807
60483168
63667292
61179704
57390950
63619932
62430092
61347753
59057189
60777964
59533434
62848452
62386136
58733311
60683318
62611450
64202159
64310833
64149466
64550748
63305544
63027279
66413576
58218232
60814974
59977067
62007733
63995637
61901622
57203400
65615941
63677736
66535028
60023880
62458369
65400925
60804342
62977100
59191636
62540355
62228699
61657211
61856712
64344238
61771557
64681839
59149755
61798845
57539951
66121041
63259267
60240878
60803549
62398795
61330320
64948464
57754884
67331475
64144277
62680575
61211035
65641982
66578325
64421580
64543767
60788456
61058812
59629139
59958473
65973995
64457270
65062188
63409637
64497682
58718058
58787425
60579388
60862452
62182998
56642920
67450948
61105584
59644645
65256012
65443569
67215803
62219923
60775914
61623045
61624819
60098031
62859394
68719234
66068676
64106222
57520124
58724651
61322918
64224135
60341027
62121867
58888695
63423938
65614649
67647523
64627637
65514518
60668201
63122704
60026912
64352823
60837098
63884550
65471959
64424257
61378851
60815324
57612874
61142550
63357938
62606424
65121634
62818033
58248695
62434973
61151339
62110650
60963204
58714667
62511585
58711065
65084684
62195902
56751944
62086680
60822887
64704391
60962958
59537022
63951469
60761974
58882185
55493720
65053143
62662685
65663994
64481376
62493407
58923411
67335246
57336662
60762659
62566697
59469391
64202353
64935566
62953497
59325052
61178240
63202170
61363446
62702095
63729994
62506129
62204544
64550990
58891955
60592405
61912158
63053866
61406386
63353953
65499934
59643705
60901891
62353604
61187786
65788306
61932639
61448555
63388623
61371344
56970744
70785878
68171169
69226257
71682161
72648870
71433639
66188866
71774062
68814567
70117144
70420383
67204740
69669366
68012450
67029776
64637168
71651438
70647438
70537465
69266659
67817736
67159922
68558183
70036456
67690174
71623915
69453162
68767177
67690530
65314911
68352904
66945740
69157590
75626905
61598772
67764270
63028019
67641555
66219203
69620299
65583043
66499114
68987181
66242325
62451928
66514657
66500186
71588980
66642787
70539044
66482171
66022724
68570958
69253391
72928289
73539728
71869533
73441373
72911785
67533382
75543510
68020831
69133163
72398104
68208924
63478942
71036737
73996486
69594458
64561273
67038746
64430080
73372049
71185329
66546640
72689989
66363894
64705122
68134307
69893091
66740594
65876800
66270753
66741208
68789414
69636442
67202052
64807677
68708056
70482062
71049403
70786252
72570315
69242875
71565520
76246216
62894291
67297026
69102288
68490378
69171050
69460472
64908656
70897167
66983944
73275051
64584666
68687703
69382164
66437000
67781593
69373656
69821114
66638300
72066776
71594111
69104957
66488386
71535667
67557911
69020021
63264134
70723246
69575710
68712592
68722579
69758838
69315372
69010019
64842125
70666721
72698615
69700216
69038368
70365662
71425794
72300391
69554426
69119865
65805323
67442304
61503722
72172434
69924789
67460648
67772935
72060736
63679752
63618700
67046049
66661505
70304513
63508046
74447207
66846036
64675553
71707572
72709148
68928610
69552896
68707934
70942314
73359218
65101179
65231516
72584154
73658685
67430731
64447138
66046121
69497565
70130918
68705115
66920184
64220271
68206446
74174601
75055026
69999553
73049368
67331217
69760504
65077565
74030342
68296776
68164144
70925898
71331725
69006042
71804682
64728086
68567731
67149051
68958366
72684164
67601090
65780254
69335459
66585236
66249342
68928126
64516875
67696572
64177171
70420686
70343331
62541312
67607476
66312800
69896698
64251277
66673901
71766484
64000309
67586377
63218218
72809430
68212616
72291590
67830952
66124437
68014351
77986656
62865749
69366463
70522010
67503886
71545644
73945618
69657199
65810971
65392287
67838014
68838182
65563664
69597540
68970738
70085399
70536004
65739025
67655560
69822633
65441365
67174679
69982065
71020101
64951785
66033295
69276242
65981426
73025752
66499716
65622941
69889274
67223769
63913776
62489237
62013521
61604223
62105315
70102344
63408524
62429927
66179784
63643207
62344273
65438063
61745547
64005459
62275139
63258516
60539172
68431277
64530913
63819544
64919339
62195054
62536861
63140680
64216564
65553721
66060659
62059501
64918356
59831825
60847406
65515876
63436148
63019673
69705403
55466488
60437646
61425919
60557207
59457145
64257394
64371563
59941053
62168001
59869395
56177993
62940447
65521794
64997812
59410762
63350147
60329454
57429975
60724359
62976994
68077993
65687912
64434536
64720033
68270603
61248763
67773037
59496879
61140090
63962820
63674916
61329827
66805175
65357756
64870425
60772679
64957223
56078420
64610137
66785719
59212221
65008003
61951805
58981835
64167434
67322880
61482600
59592859
59695951
60108968
64810423
64044118
60145638
61840949
64854096
63561856
66541715
63699714
66889661
60866355
66808321
70053620
56938972
62456046
59874821
64980753
62835467
57979251
59420496
64538741
62429322
65390850
58574171
64173643
65775364
60659321
64559159
62519910
63729895
60375615
63747163
63914143
60506568
64066813
63087753
58960206
63152469
56330518
65248040
66652505
61401893
63943794
63915004
60486247
65737825
60448209
66023681
64587597
62921369
61473734
63202931
67409297
66770966
65482006
61964071
60014741
61393348
60127704
62769791
65674658
65141978
62550663
64070503
56818584
56961518
62026218
60642283
64615014
60571087
65801150
62298062
58434336
67410385
66633555
67238016
64200274
66734011
65217656
64512982
62622345
61362166
66637205
64356110
62380065
57434150
61315280
60954084
62289424
61122248
61570305
59852578
60818979
67608491
69291343
64791530
62841760
60566104
64447176
61342432
66351074
62184294
61567798
67034231
63688502
64080615
65083087
59918073
62211275
64273507
64456418
66082821
63273747
60194708
63338787
64519496
61383325
61852084
58824186
62581762
59047954
64602831
63640989
59643537
57882559
59060854
61800233
58690505
59277644
65442017
62456293
61267997
55865686
65070228
62844125
66334467
64589572
62900302
62128701
66834186
59874654
63820743
64380014
59950241
66314979
67200363
62983359
60357691
61355845
63244977
64087342
61689216
63502620
62938685
65061448
63763136
58413949
61683431
66154388
59529206
60645233
63099625
66365866
61759390
58929520
63292005
60614644
68805165
63247186
60906738
61481498
61190747
59575218
62556929
59912211
63363090
64931815
70910603
66612600
58844992
64753928
64606859
64050334
64156532
61707917
62904028
66416266
64204171
60955297
69893732
65200829
64847237
66004831
63606801
65001607
61777768
64694901
65289211
65840054
63047680
67561282
62246731
58606749
62132831
65838107
64925051
68150612
57119081
64790347
59029852
60074406
61731911
61524152
65124181
62053083
64616980
64712947
58868089
61605599
61122697
65556092
61311873
61641730
63688468
59450436
63310227
62288549
66078281
65497928
68073789
65511545
65723594
66342845
68066664
60642324
64759458
64135392
63408701
58446416
65665267
64906554
63060688
61407531
65053349
58801759
64410709
67692293
59762126
61793229
62476148
60975139
64200325
61833021
62804805
59090748
64059365
60444442
63947536
63343423
61658518
59608867
62995137
64125859
67357395
65511185
64547755
62896603
67116212
68122037
57584727
63561641
62836428
64089453
64151875
59293252
59100393
64745636
65224370
65859183
61834935
64462735
64727855
62107549
64197617
64061906
67728223
62883964
63609871
64487141
62408180
63533235
65086181
58644503
64296633
57513488
66500474
64740549
62445415
64626677
63373052
62661437
64199694
60777675
67286859
65859518
64201778
63708446
64241779
67689817
65707332
64788371
63198814
60057464
60320614
59723131
64701724
66241526
65353412
62512681
64072381
58495284
59206227
61586379
62064804
62450463
57560994
68943951
63134074
60401923
68181783
66993498
68685577
64784226
65306648
65404781
62737290
63391010
63064584
70260385
66128103
63077940
59273718
62555997
61207657
63287835
63907324
62610114
63072470
63024847
66247510
70454782
64355516
65567195
62148734
65328634
62212234
67295249
62434457
63829003
66069829
65254428
64908809
64065292
59230268
62575424
64166581
62380415
64393697
64270881
61274535
62916209
63099354
62081260
63488790
58910881
64585586
56896719
66094987
66225711
58155763
63702947
61214403
66993066
57378838
62058714
63952484
62514795
62695340
57529577
67989614
63946932
66156197
64212556
65463341
62824885
65985057
56488200
64112800
60740747
59482450
64043312
66404482
64819270
58193879
61755875
64167705
62990766
66223984
61944470
63159182
61679778
65674689
59285128
60183406
62374421
61883214
63211292
63045950
64078640
58965973
63170237
66669730
61058216
66467755
63010046
65059971
63396751
60197825
59974737
60780260
61811907
60796913
63304015
70079609
62472653
59813623
61564011
62931392
59553394
57570396
59353513
59994389
61023894
59692772
59918005
64823650
60673806
60793836
63816639
60174924
62167462
60061102
62612643
59977523
62029688
62574737
63162469
60921649
57588429
61110480
61766555
62584942
66837460
53843708
60217156
57514246
62823329
57522433
66079701
62886122
60624407
60239108
61872897
55242220
59259195
58441677
63508378
59052106
61087334
60018899
56671471
58460628
62810095
63454076
63717808
66073357
62600642
63253457
60686814
64985846
60461524
59534431
63894887
60647777
57521465
65650415
64627822
60643299
58134786
60799933
56844323
64351077
66318646
58713353
62602943
59023858
57405012
59200252
60032326
61863930
55522350
57887668
58560348
65280318
60484257
59912763
59441775
59106514
63956188
62809650
63211970
61623999
60194296
62150451
63983053
57440240
61076456
60821289
63772266
61875139
57281337
55826519
64718894
61898870
65197074
60181466
61040596
63208911
59492532
64997258
60946940
64096795
62257715
63929562
61771136
62777246
61756914
62697333
59428143
61937248
55583771
64207156
62564218
58193371
59573280
60178124
62014484
62735313
58241456
66130359
61506054
61807179
57987446
62677803
65762543
63397521
61875308
61498377
59287336
59554752
59079312
65184624
61167375
61549219
62560381
63767683
54262827
59475640
59884290
59958067
61284335
56682491
64548860
62343321
56276479
65158888
64131580
65136104
61825496
62467986
64073245
60320306
61227937
60466152
68466464
63071264
63717820
57878105
63278098
59606740
60760847
61669729
58811398
60909859
60858666
64106177
67603983
61595716
61703902
57768565
63571550
59897639
62994215
60847445
61867211
64805817
61241943
61460355
61705142
58636166
60579804
59781976
61199404
63241465
59554968
57774635
63314485
61523482
58199382
60062884
55809853
62331455
54374739
61056962
60158770
58213344
60998952
57522038
60748986
55922831
58117756
61737362
59255180
59884523
55218891
63507091
60343536
62539993
61073080
62163102
57100431
65410380
56301703
63099587
62370724
58287265
63023058
63121442
61738878
56981497
60755253
61043829
61547377
63071827
62907742
62800994
62407165
61762773
59466328
60462735
61061175
59951757
59539125
62712100
63298306
59936552
62068640
63740440
59885072
64550741
60348565
60709012
61245087
60460500
57436146
63143119
59833619
64552427
63084490
66869298
63082330
60732928
64018837
63553686
64324417
65265382
58675462
60691440
65615658
62532423
60732634
64719435
63080120
63477007
65534713
63689137
64320572
61246954
64575642
63782271
64969395
61381385
62655564
60565291
57709453
61455638
63616844
63320901
65976622
56258722
63159978
60058880
61258493
61404167
64850966
67080740
61453017
60237539
64240223
57696682
60610356
62784712
65033833
61063665
62309805
60484131
56380825
59817026
65390238
65597833
63214632
66044560
64813191
65962861
63330420
70389966
62888905
60065686
62527655
62056728
61424887
64843696
65184372
62673085
60343929
62851693
57443403
65138821
67292445
58157495
64140365
61681618
58463486
64411689
64061778
59934427
61459015
60019813
60963216
60253954
64888257
60803489
60760159
61731237
63631141
66627518
64352169
65079562
61042915
64301495
66545482
58657469
63670061
60419975
66235524
63320090
59541666
59617636
64048568
63330091
65863041
60456353
62084576
61410352
61192828
62141059
64744304
63507844
62737022
62715190
63493643
64097682
63022228
62931012
60897042
62782181
57122602
62400525
63357470
58679067
62209314
61816352
60305851
64604157
60994750
67926406
66925777
63492388
65787192
60620025
66736599
66182771
63192233
61542565
59809776
61543337
60770147
62547028
65291621
64239442
60721207
65018920
59083251
59250852
63476370
60652818
61181335
59415320
68293087
63862796
61420927
67072182
65342087
68506434
64036866
64478793
62126919
62958441
62144024
61269401
68113411
68732127
67191378
58337856
60395030
62204204
65655525
63349139
61744836
61938622
61564322
65061451
67932068
61925314
64127162
60622071
65559824
62343216
67275984
65791522
59869597
62521503
63414400
64846014
63329628
59648935
62684315
63233059
63593187
65399026
63556195
59085998
63354089
63545757
61170116
63730803
59014586
62322903
57318098
64330079
63230817
55516082
60851539
59205280
61296362
60288167
60936710
61528758
59762167
62599350
57224767
66710803
63557780
65356566
63583065
62287071
59084671
64842692
58329421
62914780
65077177
60477684
63381385
64726077
62926654
59557468
58460947
62735588
65367664
64930189
64068108
64438503
60940424
64702401
59242529
60332577
62118910
61751958
63257148
59444594
63101562
62603221
58731194
64491364
62586628
66724579
63171359
62224720
59066279
60459469
60382355
69408819
68742476
70463650
68429105
76372454
69219107
67069552
67878845
71023752
68078814
68569412
67063565
68787692
68653056
66747214
65134758
69112162
69953250
71164460
68999946
69264620
70117140
66680479
69561415
68188409
71913681
70415368
69984300
68339127
64565332
69510232
68513601
68839552
74061078
60581138
70701149
64313973
68350900
64450857
67782377
68442804
66947978
68014136
66973230
66252981
67265198
69634345
69724937
66227653
68159688
67327780
65915361
66249783
70426907
70422263
69267046
71497406
70269401
71727996
69236987
71856147
65426897
66661233
70054264
70519474
61472256
71843266
73358024
67548619
63649564
67693035
63970324
70575590
69549147
64002281
69129378
66184398
65274262
69969013
68727954
65502292
65442734
66976405
65454620
66694505
71131821
65535870
66085752
69564914
71197122
68203832
70193215
71972978
70216041
69683196
74256606
66570927
71083678
67820949
69956029
70955709
66886613
61976644
71601054
70186518
74734318
66219302
67604876
68739711
67345194
71118782
69265193
71400634
66869944
70975972
71805049
69340970
66640188
71766218
66621139
68671034
64121728
69261761
70009879
68409770
69396465
70252315
68818834
72856765
65551231
73479335
72288135
70516449
67626184
70112720
74357189
71301773
69776495
69525340
63531884
66057791
63188662
68837434
69847258
72646612
70101653
71993751
62788064
64538792
66660818
69664066
68823259
62703712
72377433
66707562
66478098
72353472
71727167
71324893
70364863
70545566
67724882
69358415
68621097
67039350
76769503
74554569
69969618
62650221
66954622
68810407
70524171
69323608
68686493
68030961
68968066
72385454
75946513
69262831
70962490
67451016
72429505
65456488
71463184
67075490
69828580
72424658
71123477
66546209
68576526
66904353
69276830
67539907
68303082
71256920
65479250
63761477
69412029
67501192
67709827
68864425
64150310
68821052
65033418
69222465
68978636
62065458
69049863
63729101
68919905
63855812
65670851
69337277
66730463
67062517
63186477
70687333
69919907
70868832
73402608
65630802
65605667
74147157
63861344
70077316
70223750
65864665
71279898
69301040
71295376
66622271
65860996
69169780
71201337
68354622
70575028
67708352
70224218
69135340
66245966
66926604
69759994
65499362
69443992
68019524
70287197
65596694
66522857
68840963
66209500
75494518
67377762
69940029
69052593
69918812
61323050
65287784
64052654
67487613
63952386
71474846
66068037
61318525
61911134
63541658
64459357
66811337
62587428
63764777
63439404
64668421
59922377
63866305
64222934
64605041
69275619
64494514
65599640
62295403
63633906
65656648
64004047
62724173
63575874
63282929
60909886
65880885
65090839
64170658
68217309
54332687
63049663
61597619
66366505
61119959
64759317
62074225
61583750
63237488
64760935
59000239
63148706
62807201
66756153
61906648
64748852
63278170
60549842
64192251
62493853
65405008
66341018
69744573
66102173
64473361
62595881
68168523
59367948
63140472
66451349
62854350
59672840
65874358
65332872
62799587
60986218
65195836
59549738
64582029
68079543
59044615
63361332
62538232
61588577
63667023
64878241
60550856
59343701
61789952
62362130
62127747
65321341
59736582
62423694
61697015
66778932
63200308
66802127
65073292
64225500
68349844
68868933
62320800
62997000
63643938
64702646
63387917
60532288
59579645
66760371
64628059
68606666
61335614
62297248
63850346
57751636
66156290
63508808
64406107
65322229
65386821
66687842
65649889
64370610
66631460
61989055
64512180
58378146
67920086
62845284
64069603
62022197
66060046
62568781
65782682
63563817
70068321
66600303
65719168
63400907
66420433
69194277
66788229
67615775
63798025
61986594
62592345
58988965
65932522
64977405
64978087
62352390
65100922
57062788
58842179
60341825
64365179
63828647
58644816
67379781
63155575
61536935
66836133
64368886
65731404
63831275
63460293
66163773
65363119
63894585
61359434
68992836
69547169
64209006
60436239
62858776
62756185
64893625
65327412
64343863
60972376
63770370
65947830
70332384
64204508
67481100
63211638
66366735
62408449
66895839
64436725
63684515
66211911
64849831
62769430
65459461
61105342
64518374
64725466
64556764
65577162
61619746
60906006
65212435
65102869
62426669
64295157
61212651
63554431
59104500
65971558
63889621
60845902
63590378
59957691
64061155
58426719
60986057
67340158
61553648
63241605
60213634
65634141
64099032
65678624
65345286
64420937
59606924
65670331
60437083
64952506
66075741
58935681
66206680
67045048
63809333
60158799
62408102
59975931
63090564
65234877
64503588
64976710
66435738
66170053
61222988
61591010
65232131
62531290
61036720
66153693
64850320
61509972
63178712
61652956
61234265
67257495
63507314
64115574
61837430
62666249
58044286
67929334
66628981
71688420
70079129
73332637
72619787
65906402
70183803
70249898
72787080
66679876
66419333
65948616
68274431
69161238
65348579
70421475
69946068
71411474
71577768
70136630
67444681
65745350
69820678
68777561
72369636
70565643
68109512
65620272
64727772
68685327
68580530
68679365
74130171
58108278
64342275
64273339
69275267
66312717
71679434
68952038
65645059
69427615
69255450
62381193
68458734
67513140
69716887
66438323
69754104
68620733
63022399
65812944
68443404
71017869
70911228
72366579
71330718
69930450
71922205
73958858
66761529
67232484
71341976
68098571
64030637
72791487
73456620
70661267
66106312
69516001
64305409
71977744
70704955
64138999
69250852
68209167
67584555
70194742
68997002
63975572
64088270
65302552
65223752
70461777
69105818
66658956
67390313
67163545
71903872
70817936
70913961
70917592
67628627
72132941
72455310
64616120
67350153
64520404
67930343
70192884
67111430
62165128
71171655
67012486
72307503
65066010
68858357
71696866
64837174
70558286
67281521
70484342
70202074
71225930
67065602
69530312
67032056
71469321
68060893
68986274
64516135
71110668
70190205
67518511
69064992
70771323
67810445
71914104
64536184
72310099
72679531
71426095
68824891
70001848
71563945
72873417
69370050
69243589
64534426
67103718
63587660
71919135
70701518
73856223
68148622
68845787
64687824
63839978
68081952
68996369
70129717
62221735
74682615
69585902
65482005
72978140
72286023
70986237
70191303
69823759
71105281
70225441
68820348
63254462
73169431
75674035
70569404
63564817
69392007
68902664
69177347
68685377
67062421
67823390
66408280
72120696
77173993
71194735
71148390
64888434
73386650
67111059
73669851
67611943
68343629
71057542
69558630
67524442
68305392
64231321
70324785
70405588
69607733
71048126
68806566
65895240
68559174
65931144
67156438
68953398
64461674
67140980
65660983
72132651
71080121
63056706
67944635
64854247
68799000
64421692
64020375
69314050
64932713
66790176
62007440
70395382
70586480
69929276
67643719
69618565
65593113
74436122
62658494
67986916
71269231
65390429
71719365
74975663
68819325
67594540
67140880
68330196
68235261
68629833
71509033
68844889
71321883
70864283
64485259
67274931
70565405
64520385
65401323
69403085
68181195
65227990
70219528
70630407
66993023
73612503
66805510
70724795
67128579
69464865
63900926
66424529
66625118
68775544
66519278
72050055
68382299
65328699
71211595
69630754
66720271
65307298
63628855
64732318
66503784
65251695
62181758
70955712
67582001
70768599
67764384
67212465
64885120
63456009
68239031
64594207
66410291
66971267
66893756
64291176
62527481
66703422
67911647
65444540
73272423
62004371
65252829
60459065
66476474
64751019
65409357
67902545
63683974
66430538
66701941
60549694
65794902
65956364
68359658
65269275
68606677
66086476
65018350
62638586
65755777
69333029
69813920
69184824
70378464
68187502
67878871
69983351
62428871
65795299
68492190
65526922
61865509
67734932
68103895
66492009
64332247
67312558
63581849
66760958
69974546
63994079
67013734
65489869
65292469
62941318
67093954
63472951
64065165
63265288
63543173
66152406
67324739
64424313
63527845
63693021
66572212
70192875
68248649
67709528
64395421
69367810
69192997
60280154
66008720
63149379
67403538
70791494
62280062
58132139
66803662
69223539
71504705
60820774
67241804
66494806
63236745
68483913
66975970
67465395
66347181
67893741
65512428
65678966
65310824
67262250
62872505
65795783
63726191
70787177
65382798
64150253
67505410
67052995
67072182
69642241
60475489
68513160
67302429
67789865
63640865
66106941
68790135
68595758
67773557
62803800
61579982
66005057
60775779
69127328
70450459
68957034
67323179
67790033
62278991
62169359
65977107
67078046
63652408
59869963
72837237
64063902
63129332
68461807
68102469
69415829
66771546
66919430
68596501
62760892
64151210
63219443
72244171
70671135
66329080
62672233
65960421
65756250
66899641
66749280
68649094
63336285
68532440
71280909
73064917
68318656
68586384
64991085
67687503
63147311
68711291
66197150
65394185
69185139
67244825
66588870
67490654
63571907
64361524
68054690
65253757
69907461
63983807
61449473
65701394
65119000
64847034
67726195
63056640
65807271
62546578
66816529
69046106
62023970
65470691
64893022
66741872
62858956
64486652
70360177
61874795
65759882
60069845
68027304
66339006
66854807
66507566
65803812
65998690
71505661
61144962
65862834
68185263
60720788
68238272
70988110
68202585
63832153
63179792
65931102
67192337
67482881
67410681
67983858
65817223
66993694
61755747
65573509
67681732
64847660
61467154
69302370
66164614
65239539
66902667
66810811
64832733
70199981
65684274
66606241
65655370
67138291
61058950
61534136
62180584
63229884
62384855
66518449
63994397
56611465
62989251
61502635
62416794
64707227
59657515
57539712
63113035
60070828
55736557
65692191
63236110
65856136
64169317
63230412
61293504
59804453
63210381
63006807
63278202
60158503
64793008
58644619
58425097
63068141
64736581
61693660
68832442
55875288
62611992
56206469
62157939
60081160
60753866
64668711
58740672
63140674
62838299
57575762
58771762
60822803
64214906
60341965
62368812
60383696
58562437
60576525
62473330
64294501
63990260
65724276
64359588
65470161
61249796
65120539
60051208
62996194
61614535
62393607
57208924
63370393
63800648
62191985
60797008
63594263
58402109
63064623
64777523
57462573
62900456
59200645
57080290
61444799
64847242
59161485
58298138
60385555
61341085
61257736
63533680
61056725
59164609
62059856
59749800
63922913
64057794
61658185
64656765
63119475
64899662
58888908
61431085
62988622
62906450
61507108
57862917
56985492
66137686
60394966
64607900
60755408
63576809
59986617
59481608
65796176
62750603
63155081
62817202
63348340
64514943
62960865
59568344
64302210
59879346
60744667
56623922
67147729
60527597
61203693
65073380
62903550
62082245
62942966
57215376
66055750
61124949
63980058
61333308
64197132
67362182
64289393
62454644
61352434
62785652
61603535
59370872
63330369
62190689
62058822
59662324
62463260
59380488
58778689
60406272
60936480
63273346
58031607
66641019
61261908
58797580
67998336
62737179
64438181
64749132
63360277
63520399
61943251
62762049
61708975
67118278
64214113
62088959
58282828
58807462
60443408
62021254
60419084
62058411
61817145
61655672
65912836
68142861
63878231
66350020
58950283
63008070
61509316
64372212
64052935
61995333
65284592
61743848
62819094
64505781
58898381
59990865
63355424
62283585
65259566
64487939
59180848
61371330
60704517
62476984
62463734
58310478
62330369
57123174
64650088
64002931
59917852
62557847
57988222
62700034
58024493
59202301
63653555
56535058
63274643
58489017
65340819
62301145
63881924
61240933
61116728
59501146
64968775
56417791
62708984
62505686
60586471
65179524
65511976
63597840
59114131
58769283
59742922
62409246
63639686
60746762
61323896
62185492
65141257
58552962
60242727
60924449
59142264
59623001
62137749
63443456
58240176
60670114
65048734
60776230
67276571
60935943
61101675
63592183
62755316
60016822
61418175
59947334
64018133
66180532
71966683
64699611
61235930
67129933
63637971
66313702
66662353
62030963
66892326
62281956
63637284
60657639
65821468
64111734
65636865
64348337
62909305
64596014
64331523
63300398
65053836
66997110
62968633
67316715
62061679
61094447
64161748
65866304
64793428
70919835
59118408
65090035
60769017
64842678
59981487
63059805
66238796
61908229
62685498
64984467
57454135
65243476
63515948
68275084
61307560
62169588
62802833
59586221
62470498
63986077
68898141
68161747
67219357
68320365
68928495
65973139
67249497
61223103
60440953
66638388
66535524
59784543
65332160
66713027
64551347
61017534
66077694
59326851
69092524
66716308
61745252
63482098
63144998
60275514
63129672
66587393
63963209
60034807
59757734
62040376
63968837
64786897
62957514
62488145
61698502
67109936
70565998
67325102
67726070
66106244
68681473
68005172
56701684
65678444
63959557
63762842
64320310
60169558
58098205
65592782
66096259
68133859
62777680
62660410
64840621
63590091
65080313
62202050
66321568
62631628
66550445
66260010
64004585
64300656
66769420
61077824
65832227
59330178
67543855
67700090
62608519
62374320
64243292
64845346
64336813
60704468
67359816
65083079
65466650
62169840
67033384
67637599
67688696
66984307
66924247
61994150
62955210
60300289
65028833
65005193
65436709
60899717
65548430
58984937
59333495
66196205
62042642
64548340
58824257
68507356
61387409
59547363
67149504
69086489
70380582
65387367
64465939
65515010
66587395
66956687
61975450
70699605
68684332
65979987
60066506
62439365
60354006
63610836
63077905
61039169
60475796
66055859
66555974
70271516
64337205
66709253
59567769
66499508
61933935
65556931
64024508
64166059
66900320
67557175
63820687
64158514
61820971
66495429
64074806
63746854
65754934
64623667
65148426
64630885
63538549
61777520
60921169
60570924
64823151
58569042
64989806
67291224
60542192
61916793
60567052
66316920
60059427
63478874
66099082
65351535
62574082
59117541
66239016
64449075
68746514
64378578
62736434
62768985
69068886
58146382
64114617
64466210
59566234
67382990
66901092
66121950
59420650
61901836
62549238
64131006
64354537
64768848
65322125
64726917
67176849
61914913
62392775
64306799
63091898
62403449
66525253
65349057
59943609
61976175
64020169
62267265
66642438
60031601
64130781
64012329
62989038
59259439
63253603
60369896
64470390
65930131
70430520
66689737
60154786
66435471
64845316
64388742
64060412
63165079
62635220
65725097
64526573
59248335
65875734
64886090
67083079
65137990
64508883
64366519
63212961
64169856
61913794
68449722
64105425
64663398
60095434
60990642
64080626
66202168
63499426
66085915
55632611
62703748
61451620
62604976
61744898
66561381
64453991
60553556
62716266
64290522
57213343
61409120
63074023
67345608
62259039
62738191
62607939
58949542
63894113
61472122
67695187
63757218
69226222
65569312
66575236
65047074
68275971
61683005
62196330
66894745
65943108
60844808
65257950
64306757
63964078
60922953
65076374
59660236
64640462
68305741
60550775
66474476
62638221
60035348
65037623
63291591
60183242
60008895
61499237
63479767
66444379
64211397
59147039
63040755
63131536
64778379
67015302
64233345
64732830
64900329
65317059
66773728
58702844
64500374
61163551
64218896
66017200
59415860
58680551
66011451
60810939
67817767
62773918
63829030
63418886
59949178
64057170
61864316
64295124
63849345
62937188
67055190
64714303
63533297
66087363
60966177
62228562
59551271
65354131
65937418
59068313
63044934
63737079
63829722
66162762
62348279
67247237
64504558
65973063
62160520
64754127
68195807
67173047
65939830
65055687
63325823
62771189
60439878
65688988
66803929
62816785
60861230
64575613
59218820
61659160
63902643
63224636
65656215
57888867
68355001
62921162
59381382
68902776
65721659
66212246
63233748
65732171
65237915
62904793
64244197
62208063
69456745
69564926
65543973
59021752
61580078
64530622
63758326
63351616
63179466
63016238
61220895
66182311
67734182
64308958
66960117
62319936
65814026
63902335
67047094
65180984
64910419
66283107
64253551
62856894
62002712
58921940
63323776
64597937
64566105
66250649
63979078
61601226
64153707
62994181
64166749
61434357
59656401
65322062
58681670
66462973
65491843
60278596
64883112
61837006
62905822
60688889
62035413
65760681
59778547
63066906
60135055
67428582
63461889
68403852
63113777
65607454
61182764
68138170
59151177
62561092
63720356
62008318
67250060
66875839
63447582
57951184
62640801
64311313
63610020
65743147
64532976
64603193
63517838
65750393
60921623
61613378
64193178
63418965
63966255
64611576
60683029
61704245
62414301
66619950
61249431
69045929
61340756
63488719
62700336
64186290
60211613
66578102
63607978
61377704
68046834
70711680
66326949
58209558
67385820
65845688
65597626
63856887
61892123
65470695
65662788
64745886
60426195
67098413
63690267
67202012
64106554
64565054
63792506
63334968
62282672
63465701
68004894
65021529
67191667
62335372
62847383
63830044
65817148
62946846
66267739
56938691
64606253
59397051
64452020
63223861
64577504
64709149
61916363
63791086
62771761
58269674
61246928
61556086
67183813
61946921
62679890
62402106
60120391
62780050
63912042
67696089
66072825
69703618
66721793
67314304
66854380
66621391
62890594
62553534
66191873
65661510
59309566
65126231
65560878
65088833
61037401
63631102
58019336
68109721
68542599
60821665
65545348
64381914
59330756
65421994
62217063
61638326
60085201
62855672
60767708
64601987
64883257
63381808
57510808
63800806
67866759
67512603
69203409
66179514
64410602
64678193
70383855
58933525
65542288
61871266
66527665
65257809
60033326
59233606
65751775
63309009
67787784
61318806
62724651
63579759
60020660
65283972
61462041
66318973
62681885
65091312
64458189
65089260
60834564
69701900
61404699
66388992
58551141
66335325
66447757
61718628
63520923
63501853
63832531
68457549
58368068
66702411
63091010
63284868
61002566
64837948
69161955
68795901
66003861
63785453
61608307
62332378
61604774
64345602
64185096
66759703
66078615
64350636
62154603
60126945
62629283
65492957
65050426
57257281
66864236
62082973
59774508
67756769
63140954
63888086
66823182
63525815
65558219
64107759
66051522
62491392
71453911
67145178
63367079
58982508
61780265
63280468
63645065
64962486
62425404
60539844
63751926
66825870
69315832
65342922
65871262
60862206
65319430
62669501
65941825
62981179
64591668
68218390
64847864
63284014
64779830
59920584
63619674
64262084
62481967
65735761
63992456
62751065
64868530
62175132
63021589
58584139
55849315
64935416
59891832
65458638
62990016
58606295
63560359
60571447
63803496
60906411
59658819
65828709
61089811
63606268
59305214
67079187
64024723
66588661
63176719
64025526
60961603
68584650
57888523
60982984
64134148
60375006
66856734
67591312
63426135
59786471
62969922
63318891
62771455
63337049
65651962
65207251
62334279
65783829
60024093
62103500
62771770
63557953
64217152
66559311
64592748
60533287
65030484
65243010
65557926
67713114
59127551
65300318
63161515
61287380
58783916
68380819
63010879
67192751
66621052
73367861
69870019
65857616
68377975
68179035
69676011
66785274
66156145
66519742
68382308
65678645
64144163
68726287
67643098
65916782
67199105
64749195
65248451
67143653
67042743
65655909
69676609
65204787
67838728
63503774
61570967
69047086
67451761
66292267
72398732
55561286
64278438
60822699
66451831
64333370
66348331
66457806
63289300
63538769
68960071
60262717
66818618
68241252
66775155
63684274
65871392
66469859
64899408
65397008
66602762
68810454
66851777
72351618
69592831
67733839
67701504
70126923
65981154
64657664
65202906
66050783
61597131
67853783
67565133
66349282
62965812
64179101
62426747
70004418
70483702
61521638
66696726
64777603
64179608
68754850
65698886
62486105
63534445
61521874
61730798
68823576
64474547
64715076
62981162
65539705
68811289
70423752
69742584
68148802
67547116
69485845
70393386
62523778
69641791
63170797
69803366
68509900
63421986
60642054
67319293
68312582
68059277
65174137
65071460
63805243
64316810
68135858
64964973
68475248
63608231
68229063
67096959
67034431
65061023
66421828
63922989
65057059
63662972
67210129
66693928
62322261
64223624
67959541
65784791
69813981
62228053
71483785
70893103
66650089
62918742
67548408
68624048
67232547
67669984
65715076
63566591
62727999
62559663
67982771
68771358
68888600
64770659
68093586
64201054
59314475
65772765
64351355
67654592
60642867
72524252
65813915
64892145
69558279
67791751
70802776
67928170
66288207
68885264
67101317
66242490
64356070
70515393
71442960
68042279
61628133
65320700
63681996
67435108
67096108
67258390
60664267
65246137
69657709
71475280
67243242
67227625
65403760
68182253
65879767
70502792
65197187
63337441
69284883
67787756
66092316
64667183
63936800
64410523
67943850
66557816
67593072
69448898
64659749
65500320
66384870
64523094
64932015
61831998
67029402
61033218
68994662
67539572
63659970
64974883
64913837
68143030
64352683
63113892
72262178
62314700
64759906
61555404
66454469
67122758
68281273
65745998
65369542
64431447
70630271
61695032
66838061
66302804
61922075
68775810
69790140
69214026
67100989
66868740
66097402
65877001
66807105
64374249
69490960
66312554
69994235
64683672
68112276
67799729
66145982
64699536
65572870
64816008
61367926
64284341
66749863
61278188
70363319
67678781
64406985
64677843
66844835
60503655
64098538
63045479
62311717
63527958
69434014
65330023
61462680
67412590
66701122
63546789
62171761
61733648
63198107
64072125
63257459
60057471
68812983
65788490
63822862
63992624
64336189
63390105
62189914
63162263
63348444
65631169
65421822
63902861
63582195
57475611
62594018
62494463
64056393
68765928
55390848
64524345
59242654
61592188
60098872
64194002
64655225
60142005
64840635
62335518
58529763
62219580
62467736
63941654
61196509
65671061
63596707
60525852
61228805
63395995
67088100
66703898
67107266
66230986
66502108
66781901
68304805
62230173
61641783
63064040
63223870
58411089
66891487
66095938
63784394
61366370
63521027
57623898
65827024
66919722
60560941
63315123
62734023
62647673
64138452
61921938
61876465
62042934
57989626
61331671
64436333
63792079
61358249
60251356
61737702
63741920
64502967
63712335
65832139
62386660
64350163
65496780
61218638
62532158
59807117
63260471
62720043
59359625
57687331
65775192
65135064
64559211
62692030
62940560
63299665
61247686
65565049
63011422
66547310
63778261
65453366
63443243
63765086
63232182
64826022
64655581
64598488
58711371
64286395
64179785
58968208
63934717
64746847
64074574
65228038
59687352
67918108
63599627
62668736
62387107
65491498
69015650
67565791
63486115
62451134
61693210
65786025
60723785
65893797
66060511
66532911
62229318
64602349
58146203
59401195
59548688
63990335
64549002
60371280
65537720
62951500
59355988
67814598
66110339
63888667
65682667
65041766
64017736
63643777
62903561
60317528
66730066
66929472
65287633
59031432
62719572
60012803
64552006
63973423
61396852
61264167
63070959
67949077
69719628
62253677
63838517
62813141
68061835
61575497
66042299
63139571
61378640
68317496
64916090
61634619
64030020
60724511
63119408
62677030
62391238
64230433
63963548
59594655
63737064
62342992
62311353
62209497
58310619
64184724
58376619
67216140
64171835
59582796
62575658
59828890
62733998
57176083
61274004
62280811
57911556
63193447
56797423
67600782
65031069
62577494
62084547
63403711
62090571
66749928
58699653
64580186
65167105
59192228
63377798
65813139
63939126
61955342
62034779
64699189
62261518
66287629
63371974
61773181
63975451
68021976
60586245
62950058
64917275
58429218
64001972
62861188
63108898
60598942
62107015
63540415
59845681
67132946
63045456
63210026
62582464
61853661
58597928
62408503
62872086
63997508
63999029
70296852
65300395
61594766
67997286
66262939
64507071
63925257
60779517
65582341
66662682
66131121
61197367
68034799
62962073
66946489
66006768
64211505
63931573
63183408
66401838
63991091
65299378
63017121
66508187
61878602
59873466
65796384
62805385
63434948
69105102
54952818
62955676
61817236
65338091
61809925
64954520
63346764
62407773
61724519
64641895
55956390
64768009
62302226
64908339
63866172
63001022
61982674
61627090
63656817
65806860
66455466
66832720
67254768
66848375
69296235
66471928
68537438
63197163
61499624
64610258
63338774
57079817
67972536
65192040
62837973
59802355
63911306
59432509
66152082
66744064
59801392
65442938
64103423
59866790
65652748
63244609
64785795
58597451
59520237
61921239
64516048
64778817
62001774
60738755
63798456
65517379
67344157
66082127
64994598
66740568
63893793
66347672
59908277
63896421
63300196
64021717
63344465
61158445
58605132
65661071
64413607
67510149
62076195
65470674
65820071
61573766
64283171
62887415
65560431
62776018
65199069
65661948
65050002
62866829
65996110
60398511
65037197
58111324
65985493
63433028
59803818
63048766
64323616
64880651
67056883
61726312
68157510
65395835
66157168
63782159
64978268
68404940
66160171
65063673
63419142
63129270
62877103
61268164
67062707
65091766
63363165
64206352
64985312
60302153
60263391
62400526
60999139
60322153
59537495
67158250
59751763
59624544
69216228
64849763
63540241
65273600
62623987
62057969
62950012
65012250
61960458
71420927
66528892
68402685
60510531
63307863
61062463
61851905
65837884
61180419
62250070
64830705
67645618
69836172
63893094
63156113
59917239
63993179
60714384
65470141
65087135
62199446
68717303
65932123
63141901
65644418
61544568
62882887
63666695
66227024
66455671
61330636
59844706
64124973
62306991
63123120
60153311
58402491
63259045
57096317
66945224
64301534
57978651
61384417
60855414
63327054
59298047
62837374
63812308
59269171
59607079
57325577
66007234
66236580
65124833
65294431
66429238
61658173
70317816
59112515
63742432
62623016
61064032
66896829
67248877
65978056
62402477
59990235
63680157
64080995
65495009
63066693
64999731
65022137
65567852
60133548
64026990
64156709
62834942
63927365
64982941
66441171
61750018
61186205
63955908
60465529
65698118
63311637
61722206
64965553
62745205
60153065
63686587
64392581
64369225
63521366
70862229
64936101
61159462
65812876
66189871
65236732
65103341
60213810
61032922
62246730
61582196
61249333
65432515
65864795
64839243
67649200
65917162
66296643
63054368
64216660
65832463
65469514
62852200
66053697
63666891
59902202
65072584
64686960
64511975
68484848
55434660
65219562
61156751
65851740
62526829
64195543
64801858
63824790
61446113
65919565
56713832
63199760
63207402
66361905
63687993
63492268
61543368
58951319
60874656
63831340
68166722
63828991
67280844
68318203
64904104
64472410
65819921
60921644
59819498
64597349
63943874
58814956
65728319
65337020
65582849
63603896
63415536
57123697
67247158
66215409
62129498
68346748
63270460
61382857
65462191
66189199
63468875
62274773
61790747
62643954
64427864
65981477
61639932
63083846
64636461
64333206
67085259
64830468
65708444
64192756
64472207
66679774
59635442
63405778
62482741
64693388
62683352
58173051
61552488
67611451
66127414
66806725
61826320
65358446
63310818
61820188
67206329
64092009
67909454
62146218
65649217
63800688
67953286
61698209
66712576
59992322
63505303
58943637
68412930
64669060
62375866
64819179
64147000
62990836
66989716
62394577
67895608
65797146
66376242
62190421
66754318
68693252
65084196
68804372
65008726
61358878
64021992
60910269
66510398
66486802
69035322
62333645
62739137
58882452
58867472
62979768
62994469
62479564
60750184
68350099
63079632
60800391
66904005
66855939
67232545
66838618
65926802
63254945
62381113
61883506
61793923
70298703
67795012
65114289
62395123
61969112
61991632
62976458
64605291
64489212
60684830
64750110
68188531
69444526
63922424
66308615
62723419
68068743
63517650
67964094
63274962
62860521
65271815
65121745
61883572
63872191
62730512
63513617
63551084
64470968
65607096
64053107
61924312
65136874
62515547
63213802
62533173
61524713
64519739
58770140
65478288
66533580
59353145
65404806
61331721
64693179
60860296
61304597
65187478
64455996
59211699
57618189
65441837
63847228
66306363
65982460
65527849
59183484
66112269
60867761
64133942
66179666
62129988
68384264
65805819
65105801
60041549
62100642
62870367
64319701
64505552
64577655
66254943
65763422
65070626
60798700
62298396
64239993
64048953
63434182
64208863
67223172
57826764
61690410
64886815
62078589
65022405
63095511
63416857
62559862
63477223
59740748
61008021
60358062
62583934
66075721
68741977
62922553
59371148
63100097
63087092
64423042
63977821
59968890
59658614
60808469
59986529
57314788
63563810
63777806
66099826
64493348
62236002
64345838
61177467
64808424
60334972
62851684
61433173
64041819
62268067
57270626
63428618
63572868
63879658
67082215
57002892
61758974
57568413
63326463
57568877
61850846
62628808
60842175
62342177
63739141
58269128
61224060
61381057
62703359
59264386
62968399
61819782
57718181
58778424
63028580
66967232
63000040
66640650
64597271
65579864
61129734
65546439
57033592
60820856
65673668
62291459
59132188
66183934
65346417
62913030
59663562
64958397
58613739
63592725
64275132
60905095
63068271
63035542
59931054
62488229
64675858
59869528
59715526
59118765
62226856
60919250
63054587
57042424
57151716
64045568
63082490
63826636
63487506
65388858
65415075
65999723
67231527
60111200
61881398
60843515
63824787
64035967
57522490
55816378
62660341
61098478
63980508
60398235
62086846
62872807
60516912
64775265
62873946
63083941
62723572
65729417
63355319
63367056
61275595
64948988
58301052
59943869
58334681
65130323
64006095
60866349
62324754
62061408
63110196
65116949
58530697
65237653
66234617
63253924
57895759
63410742
66104571
63917572
65019818
61227790
58074073
60942854
58787081
64099525
65128722
65517447
59607188
62422652
56010867
57554447
63458977
62393674
62241385
60123810
68427653
57691630
56716763
64553890
62737138
64048307
63873983
60734217
60243294
60275363
64348941
62025611
68653573
65294581
63484979
57079796
60504716
61498351
65080036
63590744
61565613
59013926
64050834
65649904
69273933
63607573
66138757
57731011
64071030
60669418
62934309
61677856
64356884
64867683
65412789
64005597
66024204
58754010
62618200
63002776
61291272
62448184
60549937
58069720
63438738
63535957
61935096
64877618
59601321
61585317
59473032
64563092
61707882
55564107
60565652
59789851
61982120
60123718
59585811
63417655
60088318
57805087
56405261
62503597
61121825
65630744
62982293
58671444
58429428
68521510
57597116
61841974
61364714
60552246
66062129
64046417
64554139
57583965
61676710
60444780
61940898
61733119
65127339
62517086
59928267
61617063
59812916
60280260
60173934
60388901
63347489
63747189
65362273
57303917
60761426
63888501
60827530
65660717
58025054
62186675
62721298
61563324
59448080
65103938
62037416
65001827
66173058
69025951
65520562
59069294
67239603
64542211
64944995
64395800
64508802
64108537
62600020
64541991
61493263
65752772
63442008
65528214
63197331
61868399
63922213
61412634
63060657
63405869
66779527
62796974
66415706
62310715
58029769
67551106
64125916
62398262
68235053
53541887
63152990
59820736
64196187
60733150
63141238
61817844
64066836
61104660
63260568
58669352
64037573
63004367
66434518
61716802
63483530
59693903
60419078
63769966
63211267
68946572
65054588
66250652
65637869
66274863
65471973
67715127
59041551
64696021
66561964
65371940
56907027
65318542
65449459
63939252
59235323
63519812
58938576
68316862
66043492
59191298
64336359
63158262
59243281
65110553
64635180
60150850
60642313
63727285
62294976
63268695
63310011
62239454
59603578
63847250
64202066
64895367
66291199
65747721
63017310
66543327
69409183
60226881
64318188
64675554
64441407
62997927
58813620
54631776
63120910
64916887
66910014
63088604
59150031
63698679
61457345
65482148
60703312
64977500
62256224
64971389
64062754
64586457
63044337
67529221
62805186
63547211
58358300
65683354
65178943
60947506
61753022
65388751
63737547
63392418
59826259
67268402
63548918
64925857
62074948
64260024
71732656
65798922
63775502
60968452
60409228
59441839
58319557
64774172
66165408
65881690
61392821
65310832
60793342
57669698
62642358
62851354
66022872
57959031
67078021
61219418
60749470
67615307
65882811
67042269
64142953
63081524
64516018
65823667
66562784
61535105
68132567
64359004
63912430
58250196
61665457
60243628
63521791
65975691
61418839
60236967
62676397
66872721
69666520
64454532
64426420
62062787
64989375
62683526
66531917
63556362
64676149
66435707
63501650
62934772
65614340
61877305
63171241
64183440
62178542
68244494
63968997
58697386
62288597
66502067
64642245
60193757
58432983
62413719
58347287
65472865
63330088
57954674
63673644
60012039
64833621
59961887
59690926
66306305
59084546
62957542
59566684
65051859
63597259
66785791
62202629
62637063
60713648
68332575
56509310
64824343
64453697
61012958
67113029
64665594
63062199
58844854
63216334
63924941
63828756
63086835
61847470
66327713
67576344
63950914
60695733
60898706
60301430
62456658
61311913
63348966
63280422
60005411
60840212
63732384
60339707
68207632
60349248
63790477
61188563
62186293
57776286
61235022
59429904
60941895
62446246
67285322
62989646
59886467
62362569
63090261
61627674
61858118
59797476
58945976
62491203
59164609
57433510
63575455
62924196
62349787
62743674
61317589
63963298
57114796
61055797
59649870
61658842
61986792
62633938
59270731
58928336
60403665
62798583
62444445
64749247
54291248
60697930
58357109
61727590
59201652
60353873
60082120
59554989
61852648
60773161
54769287
61333962
60785392
64566472
57882427
61940477
57554126
57038959
60641834
62740709
64407049
59942466
63717475
63021287
61972434
60659281
60725590
59683411
59936202
60661338
62365510
58076864
64812853
65149356
61408789
58106589
62594633
56089129
63333249
61963595
54655071
63057246
62350381
57695044
61441032
59825110
56750768
58504367
60094530
59514094
61045843
59497845
58898604
58788076
59537317
61554802
65157229
62532013
62811791
59889502
62560677
66565559
58396407
60737151
59584040
63463364
61710862
60424269
55658778
62091391
59863325
62060144
58153773
59918184
61354099
58024948
62631940
61425388
62429949
61197056
65123911
61513652
60977170
58549420
65443765
59397252
61604542
55647088
62180597
62335961
59703248
59602087
59858567
59248048
63489678
59093294
65634798
63864606
63383095
59431535
63803410
65140609
63455095
62601906
61085906
57033220
59157829
56808542
62420566
61954814
64757965
61388007
60670541
55511312
54480573
59166073
60357336
61191772
55829778
64743363
61009870
58721728
67360283
59134307
63774673
60716520
61322330
61715772
62790076
62317877
59543702
67300002
64745597
61230420
55999044
59740690
60342920
60214501
62318534
59489608
58407810
59224190
65183878
64811926
63263481
64725870
58742664
65870295
60049974
63245243
60553498
61472085
62875047
62769759
60271067
60923965
57100478
59550984
60081862
60266441
62494737
58746886
58822033
60471376
61624700
60481728
61027528
56963913
59509470
56584712
62888197
61517835
54629149
58908954
57375076
59427508
56850736
57478211
62126750
58370002
59367473
55924533
63009158
59294872
61839004
61314756
61514074
58515813
65027682
56327997
60645405
63550272
57126377
64312072
64367509
61553460
57636939
59139107
60915298
58793105
60666013
62689065
60243964
59570015
61941846
56216180
59008299
62372518
57731872
62715307
60731898
61110550
56749216
59286176
60892575
60034218
65253980
59636838
63091188
61020745
59281708
55606531
66545519
65169850
67489397
72290901
75262470
69549782
66853154
68547748
67824216
69827191
67808983
64617916
67874480
69606720
66623809
63290929
71214693
68595124
69435270
68840327
66972032
64159891
65594486
68895931
67402047
67435837
67386900
68555761
66532974
62734702
68100761
66775689
68261949
73377639
59711889
66707577
63216819
69283425
65177828
67080298
65270298
68019162
66873486
68503890
61749424
63141821
67071636
69127713
64280511
66287907
66598316
63280497
66563372
70420346
68256305
70520338
70668030
69028810
69323956
66781564
71340500
65069229
67510941
69273512
66833302
62673164
71019260
71703589
64678400
64078736
68534756
63204175
69010027
70968938
65369207
69570148
64424024
65750082
66959101
67851716
63983340
64318959
63428234
64436592
68766726
67135551
64585147
65652590
69261005
69109830
69443034
70429090
67843796
68813981
71674613
74134547
64805383
68362098
65776616
68732212
68093275
61248390
62508548
68426343
65722277
70184642
63471293
69036479
68410907
63198841
71789227
65076698
69228348
66524630
70338107
68707406
69047702
65863619
71637316
65224667
64944487
61010557
71155091
69438595
66610811
64018140
68475786
67552098
68747247
65948865
71859482
69811981
67122329
67115350
70053333
71710659
72116167
69344261
65708804
64017476
65780247
63791065
69775587
68468552
69938996
67178623
68172030
63231399
63117357
63915611
69312479
66873457
61987110
72582656
65227737
63708521
70202970
69239456
69598255
67306660
68630651
66715737
72018298
69852472
63439058
72061943
72149958
69025682
60167704
65514901
66822043
66909448
67993489
65048873
65212456
68134146
71772473
71881203
66514910
69960674
65613011
69729052
66054602
71617028
66156485
65572538
70939293
70137899
67931352
68878025
62724479
66616103
66949304
68517724
67757321
66242611
65173476
66198210
67814089
65447263
65521636
63588723
66936991
61259018
69467469
68750080
62716810
66002949
63385769
68262284
63634682
63165691
68627982
64239954
66880409
62217585
70793233
66646603
70979374
68992635
68441134
64611133
71804731
62627722
68679462
67239506
63673130
71200323
72211347
69387656
65236230
65875888
66486868
68066989
69928673
68901327
66627703
66109437
69657839
64597123
63099991
69426234
66453060
67842965
68639543
69770515
63729832
68104394
68648030
63163582
68357381
65297301
67997821
67119094
67010105
59551646
62378957
62062628
65076130
63917824
68684881
63573753
61599856
65871527
65771009
62773081
63198787
60372730
60805443
65025996
61529304
60400033
63814763
64170157
66148859
66203682
62066591
63075154
62044773
62226645
63242099
66471005
65632916
64845711
60681040
57782545
67963077
64577262
63018262
67413751
55564877
61984898
59003183
64951279
61109187
64885843
63562882
63717984
63573488
63282371
58530757
60547295
64087911
65539757
62860758
64493688
62712129
58872183
60547303
63284979
65259944
65098755
66047264
65736625
64621482
65612020
69093609
61469597
62160159
66061923
63241981
57291092
64060759
65361125
63099886
62130633
63600301
61978747
65618192
66243012
63891960
65431288
60683666
60862884
66266366
66905009
63224365
60590449
60407781
61573635
64190510
65731200
62036323
62251036
61899946
62496857
62547435
64308903
63409627
61804070
66165478
66840059
61652329
63161360
61720223
65061742
65261481
58622327
58134066
66533389
64308579
67365516
63140544
65251712
64189272
61979814
66648227
61318690
66809893
63455030
63622186
65386151
64054283
63002910
65603126
63154964
62184384
59322278
66825516
63275842
63090789
63561988
62348891
64343271
66585492
60688155
67609595
66402232
64610867
61223230
64035775
69055315
64022310
65666800
65333993
61264095
60781824
62122759
63991032
67126330
66057644
64828983
66165140
58020303
59957728
62344179
64961703
62328100
58091620
69061209
62794070
62496186
65418378
65054925
64258848
65198924
65194825
64208575
65090684
64365177
59168274
68956404
67196057
67044091
56262514
61213222
62035838
63452805
63430594
63717684
60454162
66216795
67949969
70889287
62676083
65871088
61266166
65092859
64914248
68020684
63148911
63102411
67938603
66432336
63556421
63404718
60349106
62168218
64891817
65288787
65506899
63889171
58704903
63639565
61361772
61546878
61325866
59539213
62700433
58711380
64640070
63365018
62304180
63584137
63365289
64066253
57356112
60756624
66074542
63859240
60765196
57869970
66669664
66298314
67052720
64507793
61876479
59135460
70024419
56850835
64576694
63218355
62568371
65950415
63639856
65587246
62639086
61721848
63025453
63663670
64805606
61409321
66075909
62988759
65112842
61099127
62852894
64849926
61250388
62643476
65159980
65731548
60039482
62867150
62382414
62088956
66994967
61537332
63120515
62049230
63638928
59020762
62464499
61870785
63151428
64723482
68270117
68507508
60062247
64227681
63762089
65291861
64983253
61113985
61748121
62101268
61540525
61241761
64057059
62445046
65704870
64494159
62099988
62719717
61656669
64468365
64719186
69279263
63233126
63063819
60249169
61570034
64845892
64040877
60950892
70026350
57697932
62266460
60049232
60538143
59609427
64859259
66395502
58819844
66186407
64216477
56967055
64626191
63076104
66628610
59327830
62368865
60499702
59616860
59985990
62314313
66466152
66294776
64848594
67758775
67012742
64587460
65242010
59637888
60461689
63345275
62400523
58249422
63935736
67600146
62487226
61610902
62882438
57140110
62551579
64898365
60635151
64940621
62915336
58034006
63264731
63060403
60816295
60908074
60779795
61039304
62741377
65543679
61627874
59431842
63357176
63845292
66280193
67011925
65485059
63342052
65522642
68727764
58375839
61250003
61560614
65844217
62848436
59872086
59646269
63644712
63076890
69482093
60766466
63001799
63003670
61700823
63089568
62964245
64152043
60777983
65036469
64524515
60694841
64326393
66490195
61343298
62422400
58075447
64816589
63747253
62238055
63277323
63295834
64621214
64033347
61213520
65713758
64993675
65083317
61557764
65576722
67324899
65587115
64543101
64678949
62741831
62574620
58311453
65758914
64379249
64171449
63691020
65837278
60025181
55760681
63326570
60162574
63906428
58851066
66943853
60740943
59670267
65082898
63795176
63975984
64077395
65450956
65039358
62322160
60912814
61370281
68458243
70239264
63947505
57704435
61245694
61592562
62198553
64637502
64212337
60011491
62344313
68168321
67485108
62872350
67647243
61230268
65081194
62949828
66475312
63882113
63163769
67471559
63921081
61916262
66567707
60888858
60727504
63525470
64289057
64112225
64494349
59345575
62112226
65577213
62650493
63353565
58826644
61122466
57206768
64257930
65261980
59038584
61771575
59783137
65004566
58871752
58084225
66789891
61469961
61180062
60813993
64890648
63240202
66681680
64404504
62774956
59329255
69302605
59674341
63031416
65468317
60988071
65923211
67563842
62576836
60828836
60180817
60993986
61909836
64601874
61792162
64316601
62308310
63323662
62193527
62208288
60472853
62947645
60511926
64864282
65644150
59855721
62537902
62997933
60836605
67197526
60438786
62147423
62053951
63001644
58816716
68044030
66307235
67232466
71873247
72159172
72984948
64197641
69378542
68357580
68540266
69876853
64389851
65789111
71369625
68631495
65157869
69977131
68317214
70708346
69877065
65782687
69052727
64630237
69865825
66741483
68512000
66663521
68402388
67362041
61553857
69293982
68564779
66038372
70566122
59098807
65328434
63267616
68229882
66085324
71295996
68740208
64727860
67333043
67830104
60460015
64683099
64148300
68465479
67810556
68561045
67203452
66191818
65762877
65974063
71161628
68434255
69018368
69191917
70723052
67902141
74090478
63547461
66179650
68470932
69441822
61279899
70022750
68959821
66840193
64106406
65086513
62163473
67271628
71922374
64355653
68232545
65790288
63403475
67486479
68439862
68069061
62395240
66791965
64868076
69756741
68720596
64576794
61719066
69063944
67961395
69010586
69495227
69315899
71445174
69032447
73674433
65159143
69481448
67969192
69680280
68840828
65486159
60625259
70074321
67105160
71087884
62885918
66644076
67907877
64993542
71239110
68236703
67977405
65187659
69708938
70693041
68407282
64967059
69724835
62933016
66529108
60474958
70114176
65286327
66861876
69831076
70807519
65716907
70342675
63736073
71388999
70672919
67654808
66118252
67506601
71312456
72835679
69298584
67642236
65249145
66444670
62983472
69420367
69089422
70398218
66619218
68124090
62381780
61649738
67788677
67132968
69471101
63610465
71377451
68697686
64525865
72042524
70969618
68034444
68246200
70209195
66708328
68871635
66602908
66997259
74220199
70280492
66922800
63295953
67295674
66912545
64455466
69299598
66199577
64571785
66858299
71727684
72977744
68205089
69994043
63987382
70315345
66832650
70223534
68898926
69525077
71030297
69281296
66750295
67672532
63528549
66777139
67108906
64647739
70069230
67452685
64578784
66656550
67243602
66494404
64707747
62035171
67960442
61568060
67582499
68450353
64180608
66849730
63655589
67847771
60576646
65910049
69291046
63298939
66289692
60847395
69728937
67328658
71804430
68236180
67564213
62940014
71600251
59759269
69741491
65675345
64678970
72816693
68327046
68706791
64896954
64757903
67787871
65963676
69177619
68769137
68524004
70493329
69443400
66175877
67104779
69328630
65841949
68547770
68469827
68759159
64377311
66336134
69588576
64083638
69997793
64755216
67968980
65604826
67833742
63731154
65173351
65097058
65644651
68683568
71502066
68188132
62085432
68842592
70557354
69354928
68322039
66151861
64355951
65671645
65771328
62844878
70530117
67087500
67510326
69643736
65016085
69046308
63023503
70367246
67169941
70344076
68302212
67204210
65232784
63455606
65453574
67658614
67916572
73805309
57622096
64800349
61322061
65485897
63156122
65616532
70648952
63426636
67945759
67321285
58718568
64319221
64227314
69105426
63967905
66799612
64945103
59704606
63495971
66189690
69727814
67489205
73130958
68369161
70419913
67740195
71453327
64269687
65258032
66127408
67066149
61071236
68294719
68644012
67446785
65662074
68973593
59617450
69893884
69434451
64727051
68192791
66959142
63011309
65657969
63809432
66645832
59769483
65408750
65489507
66890153
69626718
64917496
62661759
64971964
66723424
69323910
67976066
67278389
65736856
66452729
72280982
63480576
66249706
65178254
68081128
67345706
61652982
62438008
67542379
69030774
68019511
63552914
68361935
65835454
63661729
69355743
67632734
70811582
67126985
68583154
67518346
67284913
65783251
69886964
62953661
67540675
61976418
71354132
69493491
64946680
66612899
66642220
65832194
68573738
60356002
71962439
68667890
69152351
65555014
67794160
75732816
68717694
69191349
66617950
64925502
66173394
65981338
68308710
69983952
68800283
66797294
65593058
63885297
61792453
66849687
66603899
68266925
59136077
69562676
65754615
64233728
71288040
66925088
69235749
68471526
70054125
69022070
66569025
66822769
66176407
74661446
71037200
66948320
63476822
67011258
64579273
66118519
65871634
65073961
66527994
65793144
71163233
73826113
67018312
69883283
64050969
70693310
66269341
69555969
67111025
66190731
70506823
69449362
67893477
68136864
63909000
66396584
65727689
65889307
70723831
68367943
63624998
69089037
66657328
66648860
67601724
60357500
65850653
61457033
68000688
67465798
61437569
64275353
65654772
64631982
62563834
63466251
68247462
66714074
62211446
62123358
68991334
65380171
67607920
68814107
68075967
62949830
70605062
60570894
66504967
68464133
65272505
69306341
69244952
67669777
63192569
66022862
67234235
65567727
68663018
65257930
69106310
66543946
69630891
62148476
65083579
63700291
62914154
66705426
66607234
68095800
64478526
64486389
69396822
64861332
71578248
65190572
68537707
65951507
64872142
65149214
65949918
63418884
66166577
67692731
70714980
67672150
60203241
66331576
66567058
62708416
66133858
62162609
68016498
64631960
63268822
62582406
67843708
66919903
67869334
64857858
65609182
67722651
63799488
64489132
64602590
68110872
64410485
67206942
65501978
59830479
66716713
64027220
63765976
69621613
58081301
66136916
60709135
65210893
62325245
64907629
67471617
62611373
65373832
65752922
58052273
65075049
63604995
66703020
63915985
65436208
60328651
60543190
62436016
62110663
69394846
64974742
67569755
70130336
67423398
64638885
67396376
62464848
64553781
64924739
63360090
59113674
67348805
67689815
66060188
61159640
63000346
61351181
65980830
68382013
62584239
67697253
63161653
62118339
66254982
64330054
63150264
60960236
62703240
62074275
64532006
65374323
64238721
59811675
64737757
64519419
67318182
69012280
66172731
65301253
64719848
67683665
60842458
65430976
63703378
66834659
65548790
59117110
60507660
63235863
66671065
69292900
61264549
63519772
65435655
62251043
65498714
62584327
67977533
63371430
67550128
65974359
66055838
64109974
65136210
61615448
64740533
61254385
66064971
62366760
62993078
66661463
64022055
63954749
66140003
58773297
69731207
65205870
67149949
63811975
65568271
68060006
66564073
65107251
64691572
60672594
65804570
61702115
64649633
67075393
65181770
66731079
64502132
60788369
59991231
63708761
62065064
64908620
58008756
68330659
64966776
60129580
69852689
65938828
64088108
65549788
64542024
68501681
61914223
64933434
62171010
67984546
69764066
66267013
60877257
63406723
64747379
62436165
65595008
66913693
60560657
63112782
67868656
70519910
64361285
67939218
62647208
65808031
63373419
67937423
65702582
64062527
67212603
66082984
64234651
65368839
62543151
64899697
64429142
62848569
68083558
64848163
61950048
66191424
63133401
65160485
62943679
56355508
63858330
57963332
66334156
66314930
60175949
63528631
62053974
62816311
62247013
62407286
66354525
65081493
65438899
61599967
65204461
66442866
67894056
64570727
65466115
63211255
70458297
61409628
62797576
63118726
61039221
68639023
64049099
63920266
60379287
62706169
64133882
62858515
66907795
64179498
65168305
66877854
64368322
60889410
64610078
63387894
62810685
62629805
65982142
66502295
62498907
65581192
64886099
62588367
69182527
61399941
67280354
63832683
65378148
60836116
66511793
64086958
68436374
70336327
73134561
66695934
64354233
70107166
69812742
67055237
66415955
64588448
69524522
63178004
64729733
63188929
68571192
69004510
70268408
67659618
66077873
68787621
63715229
66632683
68205697
69593100
66699021
69704050
66737889
63048950
67506922
65753683
65926593
69163837
58878272
65796366
61065408
66235484
66771770
69155078
69151757
65338349
69212731
67650160
61119424
67419291
65524424
66512026
64841711
66180384
64497225
62077898
65532700
66128517
68487501
66469362
71477772
68746663
67082977
67144524
69691971
63889643
65472160
68220217
65390691
60658959
67060128
68025281
67532434
63132276
67493322
61120671
69393418
71810298
60095733
68078028
65604490
63866924
66614090
66453872
64251539
65041219
63630992
65802437
64875868
66722736
65409861
62009178
64701771
67614057
69255243
69253279
65711622
64342327
68652408
70379520
62989813
65939371
63711567
66712528
68630042
61869443
59445641
68649781
66910407
68302191
64304970
66807688
65615199
64012886
70021432
68717324
70345332
66585396
67076865
65920661
68850042
64482576
69227963
65039133
65507930
63707810
68911126
67501018
64336053
66425618
67522498
62764724
67491043
62696865
72141232
68364256
67055700
64413059
67645866
70103612
68401559
66439366
65974016
61459703
67434834
63966257
70907533
69536850
68655626
65897782
68479506
63947302
60188867
64784131
67894189
67373443
59310330
68338810
65330889
63590471
69797274
66438144
64987792
66125465
64847816
67147069
62222823
65878766
63699153
70575838
71252284
69236958
61399348
67484065
64506375
67366251
67395682
65747062
62167017
66460241
71364643
72628692
65449413
69510074
65564908
68259271
64396284
70253178
66407070
65291602
70375790
69113259
64144192
66559941
62768875
65189601
65894097
67371584
70336222
63734769
64743540
66685294
66381468
67308591
66027930
61596710
65134336
64250838
68217627
68064818
62569874
65830680
63032222
65917873
62607861
64091260
68059595
65002423
63422800
59881072
67637831
65000709
65795301
65912671
68571260
62006932
72168049
59603475
65378933
68772619
60891418
67336598
69014817
67813671
64455613
65230573
66566161
64189847
66332637
67759435
68213747
67386104
69957913
61011508
64979099
65948965
65133076
67044569
68840953
66415170
62004651
63836106
69020697
63373208
70774783
66638992
68460751
65245410
65839355
63663267
62983563
59882597
60773689
63762665
67209164
66027688
59359942
65996986
64605074
65001506
63489313
60874365
61698346
61041431
61375083
59209023
65483515
63188559
63981987
66352540
61704509
60637412
62614459
62256594
61559401
62273045
62318097
65263603
58553097
56085372
61748042
62607415
61053164
65879451
55966736
65535287
57259447
61092436
62132362
63910030
65181517
58869399
61993865
60033045
56945840
57624348
61496444
63595751
58702730
62388859
58539094
58546097
58088120
63279986
63289809
65105519
67054209
64107751
64820821
64935490
64602284
59921034
60645003
62507693
61622052
58241978
65060397
63842412
61685980
60669917
61657377
58553347
63795581
61823413
57129207
63475776
61746305
57424712
63354794
59235571
59659853
59649323
60913846
63190138
62822087
63139327
61458019
59581600
62180378
62848533
64965204
62174320
64967764
63602194
64296813
65207642
57892972
60812851
59156819
63121640
60530324
58912798
54646640
64231767
61846366
64763310
60902852
59546420
63004228
59082602
63872265
63062486
64723006
60685406
63941507
62265711
64418255
61179663
64120622
61061475
61036505
56996113
65592601
65181126
60567353
62812244
61958464
61268364
65161518
59734938
64855595
64023298
64051230
61586250
63072280
67054902
65313122
64380509
61873656
56310859
61166752
58541890
64087060
63483837
65396059
61787641
61639624
60903832
59038633
60887129
61166413
64217403
59915826
64831007
58314411
61326828
65768193
63398843
62830423
63777782
61700715
62181059
61478997
62145989
61895235
65613417
66422688
61111747
58970596
60770511
60109807
60400384
61885792
59991403
56442859
61707950
66807967
67476418
63180462
63411167
58329881
65747703
60647303
66205948
62465047
63290504
65261914
62203971
60337410
61558537
57237310
60237442
61952454
62235284
63423085
58755011
60885401
63464571
59847990
62108777
62628965
58448899
61453249
56294466
63355024
65037557
58967195
61714844
56926365
64468710
60063656
59214577
61328382
58132041
61562934
56215388
63529426
63657976
64305547
62800875
63380339
61201538
66574520
56486132
64318231
61155382
59243485
67262761
63792781
62695122
59461146
59480796
63822224
61882861
61091731
63289779
64029206
63515208
64545234
58628819
63101358
62795136
61565740
59279153
61972427
61578292
57798582
57412397
65961345
61409932
63987710
59828750
60090859
62122737
63770435
60339615
61361949
60397536
64202352
66772631
70502010
66477012
61750741
66503111
65468983
64870857
66735439
62430842
63834399
63723174
63714911
59416927
68626395
64694905
66795555
66586151
66135047
63859475
62114544
65077283
63773157
65435704
64861495
63229138
61108758
60059945
61643417
62540920
63494671
69058682
56956067
65071571
61102281
63454967
60047563
63609293
65715099
63447505
65262110
63447692
59110076
63439802
62978956
65467308
62044099
63987157
60781050
57587383
61623828
62793060
65256921
65058704
66363115
65366944
66521924
64910550
67248348
60879299
60875159
66247498
62634421
59446844
67677675
68258811
62208808
61733095
65661793
59267040
65591168
66598939
58898114
64574393
63683157
60194663
65636584
63000390
60592967
60802381
60815134
61431447
65792350
63092384
60866841
59930846
63725941
62930257
66556411
63610851
63718211
62927530
64535143
65188357
60768660
63290362
61129559
63608031
65111721
61237276
57428987
63915869
63207478
64574530
60410268
63784554
61837911
60779328
66738940
62610969
66397396
60815357
63975504
64119773
65086718
62389548
68325207
60628283
63752733
57405596
65927491
63517022
61982058
61902203
66438859
62919462
64745420
61536452
65235401
63991888
65424015
63455247
64060302
67405029
68245454
64189665
61755703
60749739
62743124
58259326
65566519
64179651
65719287
63243609
63503031
60417092
58081049
61907097
62360131
65211405
58955638
67699071
61493992
60346920
67311943
65030197
65995365
62702949
62561251
63800519
63407479
65444494
61973221
65900749
66543351
64307157
59205609
59335590
65354040
63618489
65495024
64001049
61290609
64771802
66710120
69426681
66373836
68142359
61029576
65902531
62759862
65168209
63677762
63531091
67551708
66150107
64580219
64098542
59894088
60848078
63000174
64296608
65639584
61984054
60540784
64687179
61622809
62543034
63076470
58994277
61625553
56522274
64853286
64231816
58257292
60196847
59584035
63093033
62670322
61663275
65115985
61562787
59253709
56728409
63995737
60990652
64778964
63186277
63155157
63266034
69355112
56363211
63201197
66021711
59186433
68198440
67707149
64270438
61719242
60375933
64800167
63203266
63267405
63852363
61963646
63924576
64014485
59939200
61812736
64149884
63335844
62075591
63904144
65792571
59414071
61565266
68050311
62237396
65634278
61722498
62585914
62182914
61092590
59179854
65394909
64250820
66093674
67450099
72718198
68163590
64499504
66940423
67574024
68711719
69001636
63088812
63844559
66225155
64641434
61248592
67042914
65196391
67199084
69131067
62328749
67025263
64015413
65559246
65825174
66484928
64985370
67902025
61170570
62982566
67091139
67620843
65204416
69665334
56571927
62789304
64426795
66837875
62926762
66248923
66509789
64873097
64270150
65007334
60309729
64072803
63755399
68408289
63418564
65322970
61449009
60407672
64517730
65354122
69552733
68701935
69002407
66670831
69949898
62525220
69065262
62813439
62484349
66541582
63702626
61725104
65229853
69072477
63723755
62907674
66338123
60270079
68604191
66208054
63002304
68381191
66022057
61582398
68657010
66974168
65972628
63316521
61907078
61392717
63567245
67967715
62461613
62326430
63748535
67395388
68234234
67105672
65864268
65462763
69023828
70753445
58793019
64794249
63267042
67233308
66055940
63329149
63211250
67267521
66864057
69499571
63822512
65282899
64294365
63208071
67996080
62856187
67992434
66626549
69609277
65530088
66440234
64329376
68925452
64743435
65825734
59972986
67251401
65355273
63832894
62663152
63259295
63197594
68308374
59881380
68619899
65772667
64290226
64873287
69394617
70923435
67671614
68213579
65981369
63661026
62770264
60307894
68431519
67769074
68279024
63954372
65621981
61124950
59437041
65379649
65000932
64300818
61270294
70643066
66488223
63232571
68219682
66218416
68105190
66222148
65577422
66837550
65849801
66238256
63518012
70254458
69787849
66251371
59879330
61738994
66087930
64450580
65915185
65247690
62000564
63032884
67972856
72049582
64570301
68938043
64032068
64900447
64996217
69756361
66114009
62800312
68143843
66783243
64203281
66151706
61933038
67501464
68023084
65582081
69327320
65392117
60873818
63309666
63111695
65938201
63813799
59486986
66595621
60315115
65338202
64090529
59857156
62292109
60398619
65060197
61546525
62217532
66291114
62915764
63570502
60434826
66814032
66055968
69539965
65448437
64507528
60730983
71275942
60804050
65521797
68605611
65227882
68860670
71100136
66342252
60854076
64149180
62480481
65023677
68308990
64815516
67252705
64722358
66917906
64101692
64284731
67699987
63499826
65222539
67297250
67975692
63240752
63614417
67325493
62467618
68543603
61833248
66090083
64196832
65750098
60169715
60573128
59485211
62634437
63043745
68983445
65487777
59942695
60191240
63957344
64196172
64264500
58696109
61891593
63481378
61000316
58942830
63852281
61872949
64128658
62944792
61181725
64158751
60911988
63067876
61386356
63329070
64008400
62926160
60834724
57643040
62355653
61968522
60781677
66034463
56382597
61795153
58618330
61151255
59198510
61121657
65391968
60899177
63072514
59944853
55234551
62387466
63030880
66251615
61930019
60870524
61366390
57567572
60772871
64698851
64695246
63316720
65429287
64714456
65683722
61187493
65548503
58103130
59922628
65041393
64041661
56475843
62855587
66326408
60897797
60999251
61963692
55475897
61849403
65891528
59719987
63498458
60148067
60298451
62985435
63499258
58894395
58415949
61020161
58313577
61981758
64355772
61255207
61321454
62402993
64079589
64297682
64562703
62850973
61998141
63345597
66608217
55977960
62653279
61781594
63075878
62457245
58565537
56659841
62223193
63042139
66746167
61236440
59581795
61275216
60059237
65580736
60543716
65321091
61867535
65517512
62420990
60830745
59206016
67914407
58919517
64465753
55686095
63778249
64241755
61812762
62795591
61960074
60735485
62860094
57714807
66334870
63573563
63868498
61871255
65360121
66557523
63217412
63405584
62098569
59949326
61875699
58765420
65695922
63430332
64086873
60830114
62888842
57435216
58979001
63064454
60842279
60529263
60181755
66972823
61684096
57598884
66629152
64820405
64013465
62671777
64823618
62370255
61609538
63801507
57608035
65235362
65171013
62228078
56828506
59238951
60085534
60622167
62529868
61739324
60993942
62724689
66394624
67034384
59664413
64596559
60963840
63522444
62313363
64504504
60882026
66080388
65171184
62084247
61073480
62239044
58537286
63386539
63212885
59056273
62339660
61867971
57485435
64071047
62517687
61556781
62092547
57028078
62385448
58605002
63795812
63098229
57638042
60438718
57927690
62402380
57725976
57722725
61007687
58932740
62462817
55720417
64499567
62910142
62948074
62989771
60809834
60102239
66271682
58179305
63696084
62319141
58255188
63456772
63805427
62085946
60097965
59747697
61369082
60681574
64016624
62285610
61844937
62624404
64666013
59910733
60151475
62841417
60080514
60328433
64195639
62820405
58193049
61213575
62922958
57605727
65313486
60048760
61933870
60662514
61903748
55659353
59803484
57479957
60553294
58756453
65089180
62550681
57810008
60343715
60476356
61966566
58446007
57632014
61115548
62137422
57303062
56068253
61729446
59143275
61347220
61329157
57990082
60610923
58733491
60828385
58437528
63828119
60199316
61713191
58937235
52869509
59344843
59892747
57149412
65082807
52301510
59013736
56633970
56952533
57478719
59628727
60346640
57880508
56871351
58817007
52430162
58403486
55878426
59802691
57168513
60544796
59421636
56057321
57568699
58851346
61677108
61395363
63838711
61615348
61913288
62463103
62164260
56146564
57159951
62549052
58793254
52598555
62758012
58800192
61529247
58197109
59173327
55912722
60967431
62625950
56314133
60255405
57483331
57849648
60631168
57523494
60448911
56368662
57123429
58035823
58721209
60837935
58704090
55267566
60708120
60436916
61541333
58178598
61152398
60262352
58212592
62771951
57711842
57588776
57697381
62693632
60949537
55670092
56667819
58813441
59348851
61458406
56686315
58296039
60157791
54243365
61966245
58687295
63605513
58248536
60016053
60304982
60617070
55753221
64165635
60486704
58856610
54632026
59309543
60585761
57703979
58417102
59536476
57937779
58860475
55994915
61843349
64072512
61998556
61369147
61083674
63681409
62572603
61404789
60460334
56834772
57016911
54969492
60629550
61487685
60111387
59583733
59026125
55171384
57339948
56833294
56312932
60095569
53920034
64005107
57601478
56145044
64015827
63414273
61579246
57795210
57560818
59883187
61236011
59541072
56685253
67451790
64066963
61978908
55401275
59081333
57684751
57870929
61015615
58095443
57064194
56759828
61608698
66045960
61105698
57915741
54327639
61771831
56827588
60503884
58084117
57798642
62321009
60636508
57252147
56086064
56438319
60305304
59569652
59742365
57981973
58314964
56088644
60119297
57476496
60423972
56641337
55802355
59736709
53470326
60736971
57119267
57253851
61529859
55741682
61851493
55832877
56606937
61620260
54144071
56563574
53500447
61921395
59651123
61502475
59254484
60251308
58866703
63489654
51325954
59300950
58746168
55228294
64018751
62718537
61079114
54794923
57108034
60889644
60468159
60364110
58443962
61222473
59792962
62081112
57661984
57135931
58341689
58371106
58744312
60075585
60461432
53548006
59263951
59540584
56406386
62929104
58237735
57528588
57551130
56637687
54792097
61953039
58750210
62426976
63336476
67571126
66355830
60286169
63068199
64899302
67323177
64168339
62958580
62768355
64282455
60861459
59151827
66151947
61976368
65202087
65833086
63685389
65754757
59886871
63847978
62095673
63754658
64591163
65233853
60739315
59340576
63873276
61018035
64309287
66811677
55002687
60669462
58591656
65114322
58765966
63664880
64956261
62161017
63191472
65278073
57755923
60727043
64085950
66217743
60782113
62412039
60825575
58625585
59929569
64792926
64423944
64694912
67089874
65225857
66910253
62411023
66370305
62095984
62035621
65377292
63035160
57899823
63903250
66544643
59340516
60199607
61749015
59014262
63828360
67275432
61850970
64762944
61867872
59390885
61793431
62508391
61149528
58768746
58855912
64189501
67896217
63189048
62671855
61979481
61795550
65036115
65819447
62806367
63923321
63256409
65253585
65920381
57608698
64812116
61781018
62092750
66183245
58213256
57126261
62451453
61955852
67687940
61185458
63812786
64267567
59613357
65538421
60929180
65323002
63962969
65446111
64534490
63390304
60592275
66491447
61902504
63324578
59257807
64675277
63066773
59630439
60454742
61482501
63590409
63857149
59702035
66790610
64642623
65110390
61248640
67428777
68720628
65515666
66378477
59194321
61661510
62757295
57257087
66695619
65045131
64859280
59969407
62115185
60986847
58184064
62521026
62178733
64383656
56888379
68921871
63784059
59140100
67871311
63728404
68394443
62253575
63237138
61477660
64314571
63596472
61552195
67951814
68003699
66482892
58443027
61162086
62706730
63180100
65754483
63118968
62192496
63533310
65659139
69936825
62226506
66479885
60232613
65755120
62433840
64995783
62745167
65410202
64861550
64341953
64573265
62395801
60499417
63299623
61343501
62997476
62954758
62015991
60593066
62805920
64008149
61196001
61016812
59635884
61208472
57289067
65068256
63543458
55797209
61213788
60546839
60669597
58809766
60134339
64508070
61372497
60611869
57093910
66004564
62683258
64758170
63088111
64523544
62331371
66207612
56131461
63544014
64527632
59209769
66150490
63556885
64244903
60479169
61634095
64385256
62445505
62168057
64561523
62052214
62905829
67380556
59330979
59741507
60403381
60305396
59456263
64208419
65074335
63155947
62584550
66832779
60781208
67067113
59175248
62347577
62938881
62327578
56690901
62863152
61987167
62473483
63851575
69748949
65946022
61500756
62903592
64971521
63365909
65526481
62051390
62734862
63524035
62256343
58442693
64367167
64779891
63010786
64220912
62840179
64129204
63049295
66167649
62558953
66770485
64146018
64146264
63200816
59656954
65731431
62767991
64318902
67867424
54499621
63654154
61781036
64301445
57616902
66534239
63819612
61718262
64579643
65886290
56510716
62397345
62440045
65076419
61613635
60696876
58261785
60296908
61440114
63216975
69152913
64901049
65640166
65526841
64596490
64263108
65020783
59522509
62008513
64786555
63061139
58950913
65740359
65746405
61931483
60139519
64433377
58784149
63855275
66982100
61128346
65029055
61826489
60958115
64404638
61159683
62629941
59565543
59015037
61382847
64489647
64032615
60905930
58743796
64334247
63737743
68297785
66104475
62165352
64158361
65836653
67003436
59637635
65588892
63824764
63012483
65118082
56636268
56830393
65269682
62532623
69499660
61078457
62314827
63824485
60129397
66107187
64058581
67133586
62646992
65250149
63036292
64647703
61962531
65691591
59456209
61424359
62681044
64764883
64763244
59817596
64269587
64543021
62421280
65496551
59044641
65884447
66025809
63868785
61013284
65277684
68279375
64426728
65308860
62825438
59435370
61684103
56905789
67358450
64310425
67641423
61066454
63336562
58549353
56533751
62197795
60887841
63231401
58444748
68358153
61924278
60496047
66542187
65196435
64139689
64480165
63947634
64368760
63451143
64451438
61100280
67921994
68231219
61849386
59477876
62434515
62853016
60874503
65310938
65824740
59878299
63375485
67028845
69965141
60915679
65870137
62244175
64927323
60512393
65857937
61803801
60521166
65684727
65064631
62162699
64937458
60863373
61966625
64224899
65801479
65687176
62804825
60483983
62369087
62746084
64544027
63005086
59084085
62259164
55797012
65467231
65687332
58104833
63238554
59358035
63833328
59707138
59920356
63980639
61335112
60390522
57949204
62789858
62766676
67729969
62605492
64167768
60094975
68467851
58920845
64910069
63514784
60886053
66506741
65482785
63321897
60615755
60137139
63572814
64054686
63132293
63900817
66646317
63153614
63951272
61129947
63256540
64642942
64601556
60438303
63727168
63856593
60260172
61055640
64776270
61557430
64803125
59945100
61744015
62484114
66093567
57054688
62801198
64596326
65227813
64762654
68808722
63404735
60829816
63751595
64605721
66372173
63515075
61179132
61947702
64317976
62856105
60370730
65767150
64083157
63978394
64103030
60802682
61955732
61248808
64064697
65135754
65710545
65055482
65129062
61219541
59679361
64320865
64549067
61742315
68719872
54496230
59637838
60170166
64264318
64137227
61911351
63535255
60567746
62232467
62379682
57699723
64406080
62457320
64146881
61112066
61995098
59744083
58738878
58376028
62888303
66222198
64251879
66426473
66820343
68398682
64364978
63159499
60215510
62019570
65776059
61644793
58141693
65393645
65096730
64311628
61225850
61253184
58749056
65536592
65850600
61103175
62335883
60891326
60147973
63803984
65975464
61356805
60570004
60552210
60319295
63309711
63267281
61567733
62757065
61695448
63719082
68332855
66751216
64176964
63551292
64163025
66542507
59939824
65123442
61668459
63856098
61798902
58902341
56426851
64357782
64421802
65271682
59405260
64975052
62045024
58405866
63724799
64247369
62489786
62112827
65743299
62350521
62806922
60233533
67352483
61713538
64062160
56967030
65158860
65493986
59398622
63049817
63501161
63439504
66649054
60403404
65036585
62922571
64608351
61980650
64236560
69195540
63638841
65189238
62573691
62223244
60212403
57882933
67506313
65793211
65358652
61103867
62709668
60549649
58490452
61796367
62481455
64488507
59341070
66865615
62659971
61427151
67832809
63065354
66402902
64115723
62029451
63821805
61946681
63756176
61743271
68347946
66445028
64851229
58243312
62384132
61999739
62330182
64932161
62964450
59394129
64474496
67884998
65889748
64192882
66203724
61865013
65413039
62842232
65247853
64018467
61070385
67342321
63573094
61818021
62576723
60720383
62481625
62344650
62770694
66827269
63466901
60653715
61446371
64019960
60612059
59123104
56093884
64078551
60006997
64067658
63576842
58516521
63229946
63230600
63028962
57903285
59733794
64842721
61343939
62186305
59747770
66465064
63600439
65293227
63390835
64202331
60295011
68366265
58226504
62100105
64561903
61274969
65783474
64617711
63912028
59214041
62157785
61894970
64047156
61935565
64504260
65217353
66181584
63472329
60246848
61410027
62127452
59336475
60261297
65492838
66270839
60534716
60605526
63586026
59392653
65784392
62748505
65106134
61975226
61896303
61806351
65820717
61663157
64963466
66155979
71089494
67897423
60880014
65224950
63266363
65809534
66533770
62936081
63850201
64550410
63438684
60277133
65678004
65485032
67275831
66019057
63880166
67695854
63059871
64063589
62604432
68133493
64819612
66026543
62865433
58446235
64044907
64995227
65081617
68372684
56991126
62668638
59572522
62833816
60261925
65751923
64176235
63432107
61332628
64832547
60162573
62962382
62085725
65401653
64435329
62710603
60279538
62037608
63618714
65034072
66886436
65205980
67422576
65041060
66296168
64621326
68348676
62489327
62521125
65335676
63206229
59583158
66591573
66351703
63281375
62817862
64805272
59053658
65236560
67606577
61460549
65138997
63257504
61986484
67824942
62526237
62071930
61595379
63596457
63951019
62996460
65739751
61426312
62086796
64379966
62958959
70304772
67508688
66327505
64982412
65803128
71635281
61953060
66154237
64170443
65409230
65149510
62318159
60688275
67342937
62977056
68707729
66138977
65127057
63973596
63906854
64920531
63075846
65790951
62617034
64555428
63726386
67341026
61307076
68464540
62614388
64264348
59876385
67069216
64320581
63997545
62345102
66743977
64989206
66110638
61033361
68259365
69241377
66091773
65488459
66453701
66984825
65257272
65778892
63805730
64001111
63450417
61406367
66589947
64320688
68337021
63680860
64443077
60557704
59406271
62115349
61307996
65917699
58454753
67865501
64775223
61080427
67908288
66163867
67236915
66328448
64981579
66103576
66089597
64906403
63424909
69375680
69963469
67017962
60532779
62916277
60424435
66564906
64575961
63130096
61826574
62513612
64445553
70987935
64813544
65339499
61296479
66617097
65864862
65666704
62039560
64500755
67410440
67260171
61376060
64425482
58487663
65284604
65757960
64664103
65747234
62876484
61499800
62904276
64057837
62362335
60382381
61380008
64468459
61467221
66796753
65782128
60202773
62806610
60825179
66055335
62483381
60122196
66788055
63645037
64481808
58187851
64157502
61859611
67561954
65040561
63959198
60492623
69201376
59457329
65789001
65005224
61299463
66933471
65725320
65508162
61145540
62994210
64151787
66052415
67065397
64536487
65009351
64940206
67241319
64218312
63156600
64811963
64337393
63819523
63453448
67408457
58948510
62612307
68441205
61039920
67435826
62059375
63532364
63736924
63842100
58154793
63277299
64813262
67803503
65488249
71652123
68593013
60820750
67069106
68387645
67724022
65834555
65083211
65847404
66709170
64148607
61510437
67884478
68935880
69096420
70626763
66618814
67162898
65387714
67356244
65589806
69721873
67608003
66225774
63124294
63482054
68631504
68257309
63144107
72385724
55396359
65287468
62725276
65420385
63021567
64974155
67474324
63914640
68081014
67285552
58368231
66253761
66623972
71281528
65300048
65269583
67316885
62080951
64275367
67633505
69420678
69225129
69733752
68586896
66169272
67380927
68437255
65642150
64642993
68531309
67324469
60518719
70987494
69727549
68783619
61370173
68807894
62300565
69555641
68647891
64065416
70681150
64721797
65351997
68503890
68070178
63367792
62446118
64614609
62936083
66851596
67564262
64934029
64840614
62848835
66472759
68548859
67546720
67089144
68363711
71376733
70188846
61846445
63724280
63469700
69580222
67581951
62079381
59430520
67017246
64736198
68836756
63234831
66480460
69308522
63846248
69792531
63103949
70358191
65949332
69370560
66062384
67142728
67750057
68515227
66915401
64108294
63222222
68789957
69319905
63744807
67607568
68319186
65367141
67640507
60348752
72312173
67521527
65785615
64429557
68803416
70144114
69746583
68835310
66131037
63995150
66042517
60863618
69249592
70439936
67635811
65772325
68603841
62539012
62821315
64513913
65545137
66209173
62185353
69617819
66313220
64093949
69863519
70121403
70512369
67511469
68027534
68056164
64111164
66455824
64733146
70448408
68749617
69262155
62672509
65160042
66237026
65066745
65504010
67941910
64218064
65630712
70983497
72202764
68170956
70393445
62352565
67551179
67569640
70060255
64777836
66435476
69549209
67076621
64877458
67492389
61745927
65685987
68349830
66630514
68254984
66756905
59946957
68494389
65484216
65878481
65818323
62147512
67107492
61128899
68339120
66943718
63422038
65592714
65283962
68291534
62674681
61751831
68283104
62385804
63837876
62252358
68242847
68028467
69086606
66013552
66700366
63311646
71725577
61682222
67268332
65645187
65068515
72593833
70540101
68081522
62172930
64899722
64504944
63510583
68598562
64791141
67678287
65693760
66821055
64038590
65671984
65462200
64849888
64228650
68640595
67082711
63263795
64842691
67727457
64980221
70815358
64298538
66225326
65272744
67590662
61339283
66497746
65403335
66912635
66342531
75015263
67520307
63642891
66309955
67987052
68721041
67981047
64685722
66867055
66651842
65912595
60982179
72172088
66237349
68317792
68794748
65016716
66704757
64831390
65235475
64583775
65546372
67582842
67615428
62881263
61769784
66627531
65576921
67747984
72509946
55687847
64701882
62003897
68655852
62237029
66649179
65790721
64038881
66227152
68903182
61803500
64511001
66792678
68165519
65365697
66921114
65161387
61185118
64452136
67051380
67672789
68484742
69209842
66485886
71194451
65045999
70903810
64686174
66793184
66949805
65415451
60030185
68952480
70459150
64391175
63278587
65270437
60001928
68219961
68231247
64899362
68750414
65246906
62792123
66476821
66766456
65694200
60148778
67592593
63150214
67514960
66323584
64928694
63414031
65224503
65816893
67020011
68374835
64879537
66754547
66844933
69469428
63379870
66750987
67695551
65207275
64781099
63562676
60476104
68927470
65782793
69731205
63146329
67346468
65498626
64627638
68291418
63765211
66138187
64584676
66484713
67081593
65351962
63533433
69427801
64588686
64633418
60349112
68610722
66331506
65144123
66633619
71153537
64553863
69566198
62961175
70928680
68355362
68795879
64952487
68233374
71740153
66160107
70049391
64899080
63248484
65742559
61686764
70501216
69395827
69566387
67513581
66568264
63338234
62843387
66179152
65421642
67472860
58740460
70802713
65106165
63887865
69092489
66139327
68620996
68012876
66761984
68140910
66108563
65460270
65051938
69611506
68614775
67527143
61324265
65112483
66289882
67508187
65166115
64849233
64382471
66271245
69780795
72593660
65762706
69487709
64842928
68217499
63641363
67716530
65041402
66285147
68386925
68305301
66831729
67679081
63730970
64981637
66995400
64980132
69457521
67257381
63605312
67738297
66526953
63953670
64136705
60184530
66734675
60336522
70256620
66548443
58959874
65109811
63852447
69303623
59098114
64409314
68279707
65263878
64837853
62316167
67829954
64736045
67762251
66766766
67860845
62911241
69185866
64332580
70283881
64431459
64717102
69194207
68566090
67871897
66022596
64383109
65274163
66564447
67987025
67682377
66460033
68672838
67053243
62957227
65986615
67029920
64494319
65801695
64527409
69426578
63887954
65128614
67483346
63223105
70478089
68126458
67052099
64186207
65510167
60785108
64135403
62246322
65179991
66340040
69078454
65236543
60188411
65326272
65460510
64149629
69559861
62207177
65117445
64696375
63717046
59161013
68206009
65775067
67935668
64087840
62545443
66465386
61533402
65032773
63939344
66983393
64567112
64267488
63523063
59150848
64633869
66088255
64692058
68792750
57808986
66132578
60309573
63444983
62790346
64849725
64564542
63019038
62927664
65443615
57016032
65293721
62701293
66724965
60311774
66052957
61446534
60453254
60911386
61656664
67173847
64000508
66079702
68798022
67589451
66113815
67879867
60382104
63489882
67385525
64638318
57568074
65585650
67386008
63660827
60004193
66400899
59166310
64684856
69128885
61004908
64816045
62747776
60193289
65921011
62694281
62392748
60337251
60756625
64721205
66605542
64364700
62631880
59446915
63606213
63254235
66936039
65669811
66721487
64604741
66412949
69426302
60996228
64128040
64524037
64503125
64777116
59865755
56692062
64721831
64759761
66304079
61102370
63983607
62910586
62936190
66886614
65036977
66508291
65152069
66080953
64266503
66913592
64228260
65954801
62297360
62763771
60039296
66677792
63665264
61163358
64652218
67049606
63836467
66420690
60503794
66185187
68022268
64601726
62824861
65354429
67674525
66829365
65567646
65283577
59149266
62415046
59028013
67254267
64907025
65440682
61680110
64593624
61164891
61734246
63309670
61070412
64303314
61224479
69180069
62030766
62587324
64927926
65965236
66069793
65966428
61550082
65701562
63275398
68127373
62348643
66812853
66669973
62613502
61145134
60323711
62407163
61795210
65337872
62968580
60552437
66598112
68034632
72827810
66580738
66584968
60341529
65398732
62098336
65244539
63742567
65785111
66784798
67577003
63983465
65900532
59198281
63927060
63537981
65655625
66048089
62220565
62555762
65721546
63458208
62839853
62461468
61143304
61997078
57757744
65493402
65290677
58875555
64217034
59871323
64719187
59321755
61232176
65275517
63022870
63430184
58685402
63149412
63225855
68481443
62891430
62362936
60786656
67726461
58059938
63724121
63528291
59433674
67889470
64971386
63871727
58466093
62471197
63665074
64494272
64367422
66169801
64742014
65373381
62645274
60398698
61161002
64363304
64346760
63719497
63537985
65806681
60441756
63511084
65677511
61007598
66825700
60147844
66433085
62512996
64963646
58903628
66600796
67597930
69829143
68779057
75676165
69433726
66073528
69779690
70157507
69941354
70237170
64693944
68320266
70232981
64886836
65595232
71093029
67387263
69185553
71391659
66484106
71593879
66289836
69179736
68088240
71341349
69147779
71042615
68411097
65669603
68632618
68076215
70463179
73758738
62324978
68609915
63512023
68709761
64296769
70332683
69389677
67183896
69543745
69765820
63662471
66458942
65310184
72012090
66522040
67819844
65349681
63991165
65715344
69659451
73769029
71344923
73497629
72060887
71920555
65977193
71956084
65437958
67758565
70581597
67711853
62365547
72842010
71280744
68623966
65627033
66049214
64766872
67841838
70568575
66790918
72349258
66675037
65455655
68023295
69398415
67327486
64018476
66462639
66639253
67284946
70917794
63974292
64525236
66811086
69680404
68651991
70194776
69658456
69111275
70642990
72927397
62051234
69183099
69597609
68756328
69346402
63387506
62573550
69481730
69714034
76108760
67828406
69939894
67525860
64716673
71677115
65907448
70311412
69730882
71125219
69663142
68370150
67564647
71180262
67509936
70039206
65087881
70884554
68877363
68996709
66182674
66735549
67358971
70699827
61922559
73902571
70774896
68425136
68231903
71774809
74909564
70615137
71273649
69400338
67115884
68911893
64345389
71570760
70410568
68687664
68718296
71237429
62584297
62389384
67932809
68857520
67709389
62323954
73548918
66234926
63574205
73625763
71068848
70650365
69358118
71421250
70679744
68292766
67790178
65919124
76325250
73450134
69024360
62371025
65037143
66693310
70572747
69212537
67554832
65808441
68810074
71843247
75187928
64762036
69653573
67422349
69668555
64959135
71005319
70529293
65018281
74753846
71692143
69002142
67497039
63921813
68312005
67497888
68530302
70041876
67964252
65644354
69508316
69884982
67679841
67849092
60257910
67383311
61566723
68419397
68098827
62797518
68343588
64909505
67942347
62742735
64930834
70374649
67325178
67316884
63094477
69806200
66935775
71291345
69614685
69286182
63018283
72809160
62794702
68716789
69659462
66018079
72310394
71922680
68604329
63261851
66465253
64408693
68261077
71360325
69073854
69960595
68322823
70649995
65567736
68222215
67475595
65501030
69059308
70199489
71686115
67154665
66991525
68775974
64777276
70949312
65351090
70118609
67857224
69735574
62540343
58871961
59271578
59381610
61285299
63346921
62082712
55692978
60314064
58315196
60166228
60623195
56751514
57873084
60478928
58837894
56328690
64348466
59343498
61626257
59993149
61437224
60798964
58190990
57098591
58545377
62040755
57359547
62303364
55330507
54162594
59714014
59379324
59108060
64005865
51383629
59796031
53749564
57109958
53815896
60094567
60725822
59948905
59035204
62369628
55769514
54560847
59065098
62339467
56306893
58317050
58862303
56572051
56515783
59567399
62348959
61246277
62490314
60942347
62889657
59529950
63841570
59525074
61810216
61395667
56194552
55274459
60706277
60321925
61516594
57382086
58319361
55840793
61882688
64334159
58054020
62180422
58331942
55817320
58739847
59703287
57879723
56660947
58756432
58130781
60640446
61755890
53984859
57053289
60426322
60205038
62500816
62097458
63078859
61019648
62890556
66303738
55421445
57666305
62652876
60746403
60199742
55688787
56310170
60010657
60096804
61234616
60560598
61164554
60291169
58537724
63896892
57868867
62113727
58140657
61297412
61354753
61077435
59681950
61540443
58629040
60286529
55295469
58971229
58574597
58575165
60226680
61152035
60266598
61070985
58531365
62179426
64218781
59771429
59607425
61589602
65567731
61408174
61931501
59474427
60430924
57892113
60019059
62442986
60599949
64611102
61251809
60321407
56673387
56540866
56809581
58923538
61084180
56081412
63385361
59646010
57666404
62963499
60452449
63254371
61367003
61069556
61741770
60064067
58070097
56992401
62808751
63651091
63260434
57165464
55808229
56708436
58994386
59631604
57058224
56870725
59521024
63084284
66262850
59334545
62571355
56197423
62285677
55805232
65024119
60948598
58493910
62931622
63621628
60396693
58733579
55322597
59169917
57400078
59267138
61291590
60124893
56129723
61387854
58771939
57939848
59016173
56663266
59254961
54746069
63344094
60193065
56103324
58575288
55590760
61025882
55128356
56037001
61682960
56538270
59198022
55175688
61642104
59562570
61998559
61335202
58517631
57341691
63239366
54670537
62125270
58843484
59059523
61095116
60965556
63493030
57765496
57527119
59695988
58642572
59548336
62180261
59938974
60733329
60640113
57526514
56314112
61064740
58547839
59994597
58540321
63474073
56493535
60006624
60108421
57264292
63931507
59070628
57401850
55455163
58700731
53910433
62684497
59111987
63869657
63998077
69517790
64596942
61746724
63071589
65315705
62681350
64771351
58294564
62855046
63748047
65077197
59196742
66707198
66190722
65399814
63805881
63306357
64444047
60263341
63897777
60863246
63017282
62994738
67095478
61257490
56379528
65147825
64612089
61858627
67333975
56075470
62295569
58105125
63469010
60761211
63482709
64427567
65801498
61427653
63371428
58592679
62287904
63268154
66310323
60185263
64426636
61803303
57731537
61621244
63789571
65749176
66579567
65302410
66555309
66312119
63927648
66413615
60635978
60781428
64441510
60874563
55495073
65062209
66245558
62361751
61220484
62080859
60102343
64944168
67924150
57827077
64891465
62037541
61686956
64393220
62644858
62305557
59606985
59461132
57664581
62545109
63417140
58791275
58476789
62548078
64099591
66099591
65980278
60369804
61885081
65748193
66395483
60016340
62559167
63250990
65592662
65551995
59771559
57226995
62149999
64097461
67392440
59875206
62517851
62676044
62146910
65920345
63958346
62084777
59722856
65920394
62966293
63934976
61091001
66032463
61986064
62001155
58699564
62543212
60704577
62100279
63697927
63495257
62173157
63792709
59173892
65274625
66984828
63102120
60470483
63859700
69430039
64261685
65830075
62454942
57554540
61327356
56097640
67270738
65162978
63245722
64077742
64658743
59652812
59249876
64294690
62198138
61830744
59173643
67091400
61529699
59950494
66027251
63928842
65628717
65992639
63433738
63422006
60255303
62887691
59638517
67028287
67893007
62723284
58443797
62936469
62985108
62691024
63721951
62260828
61339336
63064217
67946471
70279263
63724761
65214787
60572966
65435444
61351507
65531181
62869961
63818981
66079179
64091322
61161302
66212567
60976829
59213218
62425036
64187918
64174140
62403355
60114860
63487367
59859906
59502392
63171836
56127023
62882952
57460950
63533885
64781784
58843705
61249456
58987085
63552245
59113664
59638663
66005071
61243345
62297508
58599104
63731443
62343522
64344573
63531302
62919715
61354180
66971336
57420245
64137681
62419129
58935302
67185923
65585477
63558443
59895626
60886753
62381091
62815506
65105835
64079299
65393080
61288222
63897549
59176143
63839429
61672609
61585041
61077382
59838330
64160602
60777557
61112143
64486833
58921435
65858724
60179197
62301203
60096088
61628564
59483082
62654751
61216945
63270752
63649109
69430746
62192495
58683146
63507124
65263984
62225374
65227732
60744995
62980273
64718846
64974426
58746518
65285611
61686321
65016487
64321318
62568534
65090401
61905984
61852931
62863841
64909846
65599796
65160852
60336991
60697282
62541577
64508813
63643847
67894827
57178574
60223091
58146582
60588444
58737037
64303951
63660111
61324024
62047813
61522301
56591582
62980201
62858111
63239166
59679943
61251728
61619204
56468480
61511055
65390763
64684094
65643086
66305908
64382748
68156020
63160261
66721692
59355882
61854345
66283160
62454166
59851834
66227832
63527595
63041402
60108555
61946681
57901330
62693105
66629311
59163982
65674159
60101806
56825010
62449945
62488834
60411699
58428080
60058425
59417398
64297978
62775346
58998397
59084425
64072567
62913100
64684842
65392694
62322140
59207103
63239803
65112246
59445995
62969880
61707970
64177664
64207800
57029837
57794054
65603228
61877012
64753356
60788168
64334750
62004282
59508770
65440378
61913691
62742889
62818580
61651142
63053862
61946721
62353804
65080500
59014728
61570255
57152948
61540440
60980640
62588303
62244875
63262427
60552920
68333010
59181589
64945774
63695301
62790684
61878101
61491551
68666861
65443982
65489435
61792438
59311780
60331212
59586455
63543192
62518209
66099938
62794055
61276494
57412890
59599240
61773274
60068933
63026429
58732601
65752190
62887175
60678385
66648244
62255647
62599454
62115623
63499740
63226865
63060861
62969363
61298242
67421374
66018484
62565496
54236599
62259802
62406400
62926012
63748092
61923474
60145589
60387612
66226181
65713744
63842664
62691228
61886243
65490443
59990466
63917649
63296817
63490291
68021896
64397939
64280866
63597897
57062422
61469575
61616575
65011478
64822317
62788664
60131582
62990441
62465921
61232432
61739968
57001898
62578573
56016791
60382177
62161782
57560412
60129069
59167365
60025511
57694693
57401257
64370330
61089285
61187647
57086160
65078669
59296108
64285987
64517865
64545916
58344537
67309505
59040174
63276538
65040791
59115152
65756032
62668115
65332340
59170170
61004309
61152274
62840643
64526688
65138035
63932319
61710146
63917103
58949385
62204693
63461346
61141595
61801577
62384306
63004758
59599388
63638318
63219448
59637568
66826472
60410804
60847207
62344884
62905970
57640360
64248532
62840475
64760085
64567878
71398488
64889111
62003789
65269413
65958969
67979341
69523412
63752557
61201191
66483134
64573136
61231430
66531991
65927353
63576770
69690523
62122093
65201513
62677037
65578509
65293378
68239516
63218623
66334099
65296623
61609973
65354760
67939360
65206787
68764489
55186350
64024456
63239858
65413930
64289758
64800227
67396654
62957656
63390300
66299138
57938533
63406571
63957413
68767351
64454315
65224276
63439107
60933908
64182126
64888223
69167821
66820090
69749543
67814785
68640085
64567127
67165999
60612489
59266275
66311029
64559852
61272229
66886413
64965180
62486339
62417373
65456907
60625386
65183612
67900084
62555286
67392674
61508566
61204129
65056429
63727157
62897784
61964468
60828092
60868972
66019217
67264365
64232742
62848968
64977204
64613215
67669511
66397466
66179943
65099083
66179688
68547463
60480649
67175256
64127298
66427282
65595847
60864804
60682921
66970247
66233846
67195882
60698246
62779329
64204053
62916043
67825919
63993145
66895109
65014311
67352754
65761040
63611117
65279346
65376133
60220571
63848415
56723473
67144357
66015610
62700777
65354495
64579166
64407207
67456908
62351983
66665245
67515144
67820869
64107787
66131875
69158845
66183595
67754970
66017530
62071565
61129183
61142586
67311681
67544736
66576449
63417703
64821939
59637540
58841879
65443187
63761327
66089936
60455407
70056020
64483319
60523662
68986010
67262545
67036585
65155247
67422152
64911728
63931509
65734339
62886999
69954561
67620529
65503229
60887743
66041370
63114219
62995553
66431642
63496157
58043851
64429365
68598531
70959260
64839103
68201028
63129706
66015658
62865637
68620270
64197260
62275256
70199870
68169294
63926281
66193811
62844035
64610575
65974633
66362188
67055868
63088641
62754098
66959611
63052164
64471867
65637313
61560430
68157753
60170671
67379664
66890635
59850223
63727272
61288218
65851497
60962300
61095434
68075625
63512025
62342874
59502650
67615370
63067452
65811250
66240114
65731267
64046558
70216909
57580529
66740876
65922309
62065326
70392289
71187352
67421363
57194784
61470616
65866758
65517252
66072939
67401734
66598335
64108234
66143774
61918910
66318851
65984977
62482099
61474359
65825038
66287119
61897279
63155764
64597895
59800021
65717391
61956671
65938196
63202859
65745810
60528515
65384138
64567782
67914404
65506220
69655072
67610309
63336319
64149042
66701928
66491716
65214283
60825631
65204486
67600758
65421802
64002195
66796347
65137413
68069138
65629606
65488651
67167681
64098344
67170166
66912136
67582181
63440757
66006834
64134062
59705463
68475840
64281542
63474253
69774609
55862509
65513948
60587634
64181258
63088431
64343344
63779214
62767876
64605448
64005741
60002880
62784346
63201188
66361089
63479269
64991827
64089706
60224469
64644103
65768016
70603171
66855281
69547479
67382626
68987843
67056827
69126619
62364342
62777553
67065000
65437591
60133466
67590362
67511495
64244001
62446541
64807226
60695608
67289295
68422899
63289062
68171491
62732678
61771332
67779937
66985499
63560848
62255750
61656490
64949413
63940151
66528991
63804719
61958565
64152191
66130619
66304860
66207688
66380324
66450429
66812389
67323389
60404923
64238901
61579374
66627652
66796130
61850394
57577225
67528592
64329343
67295616
63517398
63518532
65591783
63342381
68736045
65302160
67004869
65436486
67651094
67604270
66351761
64315079
67075397
62554882
65167215
60122439
66554571
66170869
61974333
66213911
63762462
63546937
65679636
59361994
71126194
64846647
63606749
64051391
68987317
67596425
66790527
65914287
64172718
62925245
63938790
62700152
65975663
68137790
66372806
62401560
67612143
59050015
61394176
63757057
62667865
65846956
61940200
68074518
63654418
62348247
68966277
67562159
67054968
66040216
65740830
66390374
64023056
66593796
62819107
70535889
68636088
65844469
59853183
62963814
65211524
66447271
66944816
65675468
62568266
64104265
70252497
70093842
64240046
66053372
63854574
67623358
64601826
65766583
65803989
63274392
68022841
65946789
65160152
65363289
60591384
64125274
64505594
65630991
66708081
64532002
58697365
66890485
64854844
66218287
63355542
59725783
64724601
59463892
66199821
66488199
61258373
63206085
62077776
69002356
59740351
63286202
63497093
59365706
63431660
61745981
68111699
67503716
68266918
65308167
63096248
64184535
69129945
59649454
66252544
66578271
61108679
68241864
66672370
63450060
61292325
62841915
65245930
67416079
66559899
62211540
66247406
64568972
67768411
61969299
63500520
63320363
63021240
63331581
66666618
67866522
62006884
63938666
63176992
64089213
67442387
62298207
63686727
65027813
65565889
60774026
62701464
60645776
64649578
62370625
65553653
63336791
60401100
64775546
63799438
60977442
63180216
61483815
61148147
65149942
60895336
59894638
64386307
61777765
66342258
64123748
60600022
63908741
61583385
62342675
60511181
64326662
61274769
63110786
60413622
56845601
63350338
64138308
62394719
66838609
55633008
63406209
56100483
62380220
57913123
62640659
60106256
60059141
59657404
61632528
58008703
59384369
61451996
64924230
59369952
59654057
61527446
57929562
60657211
60940806
64591535
64210473
65762096
65413055
64740428
63644457
65713745
59949047
59791424
65112233
65215979
56510989
62292437
66419221
64827086
60583117
62110524
58207651
64821196
63125634
60161561
63161251
62416366
58387735
66611974
61907875
59625976
59072106
60812721
61001660
60902716
63862129
62117436
59621267
61654495
62925858
66682066
63703998
65308289
63415001
64914035
67332417
59742380
62097490
61654693
64013595
62776598
58520360
55376776
61550098
62601033
67996563
61555253
63565672
61000054
59297566
63120781
62220664
63902988
60506209
61450262
62575989
64966397
61649722
65244021
61267858
62974576
60160217
63945646
62469535
60171365
58820567
64200836
63329124
63251557
57130210
67208389
62362007
63824623
62388284
63669921
66959146
66973256
64045696
63169529
63329957
63292880
56937247
63226422
62605908
64287526
60687067
65907639
59150982
58110464
60541637
61446825
63218601
57438696
67084947
62025183
59293778
66118328
67148374
64802391
62943476
64635373
62996772
62844548
62705989
60105252
67971426
66777004
64030382
59397492
58718756
61092672
62835963
60194398
61390840
60811470
63014845
63736458
68262895
63848424
63336253
58610509
67190506
61115382
64404131
61504605
62267408
64010291
65104645
62600810
62324436
59010850
61518692
61345571
62598722
65239814
64376885
57950907
62115538
64855992
61729428
59054751
58769992
61339886
58625533
63623239
62470554
59499885
62714864
62015656
60308398
60577766
61484152
66662279
61243472
61178342
55972650
64386313
62142927
64752196
63709937
59306985
58843047
66807909
57199212
59774558
63329387
60237714
65131982
63648486
62531031
58663887
58965875
60872556
65246804
59653777
63532328
63712615
62883144
65021505
59351378
61233729
59939506
59901481
62936390
64472631
63468983
59823082
61027387
63774617
61557848
66855477
60087642
62984150
61161949
61982301
58790203
64499032
65349834
63904948
66978643
70659899
67481521
59772141
63676119
67364016
63908520
65673782
62095281
62606206
63284205
62791191
59438010
65946743
63491366
65607392
67357174
63294494
66998288
64095043
65250921
63338574
66343595
66386610
64747823
63635270
60645840
65952733
62761175
63989791
67665460
57252191
62171223
61983437
65843990
61072649
62981008
66125004
62337140
62880425
65192014
56877046
62259006
60806550
64952985
64185263
63863976
60695232
60511628
63148056
63838460
67035101
65970630
64850170
65294760
65255043
64389382
65743711
61847387
62462405
63097845
63133891
57784404
66042816
67368621
64492348
62153233
64590424
60097368
64393738
65167018
60674952
63790614
63021184
60189987
63730931
64317534
62561196
59686247
63042920
60070087
63671457
65098266
60718672
58242485
64070837
63534445
68546189
66266978
63436294
64504923
64779053
65948046
60114564
66341158
63560880
65925531
65268850
58254491
59607838
64745230
63840398
70989824
61653566
65453912
63849926
64567395
67298176
62616863
63966686
59877470
66549235
63359467
63335118
62457872
68234409
61703912
62356180
58945421
66045225
61902244
60826829
63061690
65307934
64435300
65745987
60308810
67137581
64995150
64582282
62407241
64866490
68102504
67002536
67261656
63951337
62992124
63950557
58847080
65571350
65646177
64034635
64780058
63409106
59895986
59063386
65093057
61393174
62967775
58839519
68291970
61839799
60808612
68157639
64891136
66007715
64894541
67100535
65673880
63214440
61276747
60414322
69508902
68595564
65714712
57959743
60982889
65623865
62149883
65604299
64892566
62987613
63789647
68912243
70659353
64225673
66821707
60755142
63619462
64582213
65620256
64615313
63334604
66922457
65152230
62748296
65367279
62731407
59617992
62859646
62090931
67374596
64801400
60187328
62484647
62564710
62737828
63248834
57192615
63808147
57006608
65402931
63438252
59532188
62108952
60738818
61123453
59552620
60615520
65169430
62036636
63128593
59955048
66181362
65143143
65964472
64195594
65781821
59493417
68222261
58636960
66742721
62151383
63652414
66713509
67357468
63255902
63070754
61884306
66044602
64398149
65153012
64527160
63851710
61576360
66313682
60058345
63204001
64753122
62831642
62623575
65547387
66012935
59493332
63184911
67342982
63332695
69262374
62404639
62088677
62453098
59847676
60291338
62360497
59652907
65191544
64362495
68153046
65335378
58897494
65528797
62988372
62321374
65300092
64457320
62971670
64713383
62707829
59176252
64511453
65373961
62656094
65938409
61549533
63361103
60232803
63354607
60008006
65507369
61693682
65673552
61782558
56666163
64470957
63436116
62641579
66262202
56445862
62580223
60438544
62105872
61872346
64389195
62064209
59865325
63089507
62389191
57076736
62703542
61477235
66016837
62525598
60745259
61259595
60448012
61525135
64316197
66068123
62105802
67342729
65313056
69720767
60537164
64774230
61244330
61698655
63718608
62276454
60107081
63715620
64513000
60531764
59790148
60023615
56175836
65069861
67674931
59088319
64913392
61474473
58413795
62664880
62453871
60735598
57485330
58365034
59301291
63072879
63863607
60155401
59846228
62468004
62695104
67339382
68998794
63069977
65018480
64155850
67426308
57618348
64576946
60526616
63414864
64738658
61324312
58713701
63541842
64906204
66026593
60804678
60645232
63248524
62032190
62747017
60896347
65684278
63738507
67040798
62880742
61734980
63716280
63537046
59864119
61847713
59801363
66680383
65585051
58401057
60758683
62124303
61390495
64887744
57527399
68879818
64324124
64838341
62731375
64874619
68786888
66006517
65268771
61210325
60532617
62989757
58498491
64556366
64234637
63474121
60458747
64785059
60253245
57510801
62028778
62576790
63897219
56194942
69346653
61881206
58606776
68039311
66553576
67386423
65418485
62914827
63398608
62652162
65459611
60723692
68321292
68503988
66997178
60628146
62133926
61126446
61892037
63416430
63313606
60607772
60991835
66147884
67218645
61329424
69291052
61237218
64753642
61570636
68454107
65350794
62044603
65909537
63765665
64689657
63663036
59594702
63806013
63161669
62138671
63148331
62753521
60313126
63729438
63265022
62045111
63515234
57289674
63552677
56752755
65279140
64966866
58842592
61101362
60232732
63899240
60580733
58979276
65651528
59359299
62938788
60758374
67967340
64537784
65869634
63398013
63576092
61667380
65939489
57559109
64402822
63164683
61158218
65368920
66833175
66247466
58304296
60934148
64242020
63096373
63861787
63156313
64432715
62428781
65230174
59958181
61355110
63225979
57680914
63735568
63593685
63654305
62169856
61581669
64767734
60328471
66200239
60647650
63133729
61668382
62459304
56412673
66261043
65956325
67305490
71112308
71393557
71893396
63027825
68781190
68930750
69648952
68739243
63397564
66118921
66484042
66182850
63376112
73495135
67335850
71426646
67596603
69501716
69313419
63463508
69756294
67416593
69104431
66769113
68229022
66717418
59634491
67310946
67866165
67533269
72577164
57263002
68063243
65019745
67446573
63588871
66762769
67558987
65180880
67306876
67984853
63476462
67497874
66885173
66806334
65424879
68134197
62031156
64678101
64298485
67907505
69612336
67565237
71378380
69931791
73260706
68390986
71326825
65309762
66708334
67635698
63825027
59981871
68766359
69449486
65296201
63798904
69597372
63042913
68982832
71966774
65263450
67352828
67395128
61232680
65712437
66375372
67486156
63258025
64594844
65211055
67499470
68545962
61299748
65662523
66547893
69242639
70603928
69887965
70410808
68607790
68002614
71266768
63573624
66917670
65899756
68280538
66967199
65064847
62734910
69751869
67361618
70502581
65112211
68827904
66647626
66491284
70536939
67505289
68635175
69064654
69068745
69232687
67667422
66744041
69591648
64798168
67886400
62576937
68992641
64446589
65734501
69018588
67476457
66554286
69940650
61528861
68905048
70317302
71573263
66391124
68458043
71231598
69618643
68375094
62992580
64859257
65398714
61965791
70205573
69923805
68912294
66868467
65345411
64487047
61547578
66461896
65349333
69658101
60533080
73043919
64998724
63789668
72300515
68768698
69719387
68339101
68045200
66435953
68103595
67631447
65801037
70837515
72777972
67865020
62665374
65145442
67776246
66435066
66806994
65707980
64070304
68154397
70965327
72055806
68872729
69643892
64602403
66976676
64324038
70149694
67682793
67420803
69923801
67014360
66946575
68516451
62257481
66718445
67706518
66977591
69349531
67909209
65186462
68088704
64388188
61944489
66359544
62911503
68831361
63431201
68582379
70831377
63735817
63761287
61606368
68516609
64349598
64402222
68587612
65028251
66104785
60277069
70166702
66164010
70551201
68657580
66288629
65982673
72467132
61213648
64983801
67035241
64691144
68894901
69002369
67232985
61299683
65283178
67030360
67223015
67810293
68530226
67644520
66468858
69930501
63613260
65976761
66184398
65186312
67610714
67481805
69765502
64205435
67621555
71631048
62515869
69225133
65283528
69028238
67313849
68659151
62786368
65935199
61995719
66417017
66515826
71687087
68447611
63328923
67617061
67306855
66947005
65651236
65752390
64572527
67269363
64274489
62278184
68308742
66177912
67141471
69614960
64155825
66123464
63782573
66694754
65082723
66649153
67389424
66038802
66772782
60135788
64150907
65878483
63993377
69072926
56725113
65519148
62872990
63579997
62599547
65577587
65134754
64304482
62728108
63671067
59383852
64967055
65272246
64750740
64619870
67415822
63182776
62787668
63093507
65042179
66231363
68361229
69002065
69626904
67480053
66959370
67112679
61629348
60678556
68168087
64504144
60371691
69067204
68698835
62034282
64624261
64525522
61267839
68187327
66484928
60066017
65577993
64579497
61547139
67783371
65213867
61305893
62871679
60739421
64390211
63864935
63989879
62577071
63536222
66518872
68141147
67559142
67349091
66619018
68313453
66550177
68346479
62102138
65815294
61894327
67786246
63666550
61464257
60307639
66444068
65852011
67799929
61541107
63882564
65228444
59519828
65730048
64683680
68133800
65760507
67212023
67443339
64063350
66334427
67381722
64505884
65367801
59891962
66748515
64053865
64201290
63432239
63804296
64523151
67273905
63219067
69826761
66582424
66499597
66080113
67648751
68664575
69981303
64655665
64481607
62917293
66746107
58494553
67147498
67792327
66699956
63906852
66715674
62065311
59831486
64867327
62286364
67496782
60874147
69821057
64213461
59398654
68185633
66432834
67628392
64223424
66620664
64641467
64946532
64775090
58979225
70168902
71526050
64927247
61669389
65409004
64658194
66154597
66356830
66467667
61747941
65649143
67027043
72720897
65636510
66637202
62941573
69101818
64758893
67667787
64270343
65061404
68166484
66341418
66241079
65825301
65764490
63466219
64753649
66665772
65659466
63815814
62230462
65859208
64216728
64481671
65131166
60562850
64400105
58506692
66430201
64397043
59608037
61603156
59600858
63036970
61772823
61396439
65595534
63057669
62744989
58209356
67421371
65969157
68144099
67209879
67159637
63741044
70384991
60870357
65007231
67768330
61983327
67468405
70900008
65076110
61119011
63272113
65181354
65314704
66595419
64277149
65108857
64881367
69106895
63147259
64022880
63153117
62428878
63979346
64016752
67217015
60979842
63087755
65736240
64696147
66157768
62208175
64232552
65034575
62532387
61088691
61815105
64956601
64600530
63921991
66764816
64825332
56548712
64842789
63618401
64315574
64330561
59895976
61350886
61315097
62708430
60703632
66125408
62952776
65329132
66262161
59402790
63892472
63487430
63711527
62161804
65589654
64444357
65313790
60542459
58416277
62807807
62818011
64320853
66177039
55095165
63053746
60238270
61304992
62365489
63126554
63791582
60394722
61918947
62985268
55901061
63481784
60947347
62142380
59917001
58848124
60027434
56550821
60435400
64927356
67449027
63405771
67229295
65051868
67985132
65078673
65846167
60160262
59640627
64762111
62328280
57827861
65667076
66300187
62812957
58428053
62932743
57909713
63760070
65741426
60437851
65466511
60352639
59830868
63027411
64090721
63401385
58122225
59632678
59166479
60487617
63488927
60560406
60525980
60586930
62724848
63487098
64927996
63964144
61408851
65917957
66336019
58487143
62402086
62880194
63495056
61624833
59909890
56266665
63299467
65040843
64787071
59417014
63827244
60156813
58915657
64278605
64066919
65491326
62982890
63714213
63345537
61577233
62102869
64566929
58720439
65013082
59414747
63732352
62830250
59427380
60477905
64243552
62108827
63000207
58802348
65827812
63174796
64546664
59578932
60634979
65852861
64192203
67840405
63304559
60236089
61339496
58155014
65104694
63939154
62132327
60428789
65197583
56689086
56295472
63974766
60643048
64716063
58284510
67865445
60696302
57888352
68228327
63414249
65667381
64467750
65014181
64364707
61241294
62507527
61583638
66700619
66015429
63884680
56370937
59994531
60987295
60920300
61938608
61635533
59914111
62673311
69223064
69809836
61655439
63502814
60298280
63060702
60718308
66508157
63455480
59788090
64810323
66624597
62385855
62105581
57334157
63001095
60390942
63263568
65659149
62310662
60776119
62079614
64246668
61211193
59878698
57626086
61853790
60396594
64017566
63984801
58269334
58989607
61878861
62793854
52985470
60346948
64324521
59653802
60970227
57429288
64437105
64306051
63446923
63847125
60203493
59921108
68934139
55415790
65075512
63065354
61624744
64355175
64862609
65988116
57699592
60338152
60021369
62413475
62744209
63020087
63428084
64531872
66015204
58322262
61489132
63262425
58914238
61805377
65239914
63483491
61208220
60668620
64460225
59839881
65004857
62008375
63287490
58438317
61633745
59454402
65280054
61641423
63469934
64985967
69411132
67334045
59841950
67261192
64750283
62667002
67153202
63204808
63082396
66088915
61274191
58234587
66608106
64012109
67046575
63335837
62980211
63350000
62806780
63471705
64284911
63725599
61937446
65057217
60566284
59350251
65029908
66998540
64689203
67737062
57382781
62027311
59043558
64676186
60316783
63257307
62482261
62616761
62016574
62550328
57209515
64337115
62827917
68475967
62988781
64073578
58345790
59585943
64177143
63285930
64798706
66585871
65204127
66835741
66228773
62898445
66834789
61831801
64061708
65505150
64605940
56368492
63924942
67746865
61436976
62321829
64688374
60389287
65690039
65699426
62485572
65127948
62619922
60425359
64246205
63082552
60573172
61984868
59695221
61666728
65535775
62759667
61148729
59054632
62239907
65767403
66342905
70269685
66020935
64291323
64174677
69158513
60030619
64442572
64416638
65580414
65728795
59345757
59109344
67616984
62883142
66416911
58772792
63423544
63249423
60992775
66255982
60921268
64582883
61474910
64654599
63940357
63842782
64368346
68706385
60811939
63850788
59864452
64512147
60975158
61477011
63790393
62735318
65868487
64906438
60142675
66515417
64567402
64652155
61827159
66884977
67508276
66312970
64765323
63450991
63955346
60419681
57726492
66665098
64940049
65740564
63395904
65479957
58732445
58931160
59989487
61728360
65829337
58669936
68563737
61860445
62806047
67402110
65345319
66649585
65682825
65327004
64811835
64987181
63138647
63788444
69584447
66973389
62342030
60299343
61570479
65356504
63801406
60598111
62529622
62004034
63110114
67141096
66401186
62156494
66910591
60370039
64943954
61252798
65926175
65005987
63621046
68545197
63728427
62558066
65832999
59018857
62385998
64454437
63881102
66804679
64041478
61395458
62544442
62692077
62414752
58079142
59450391
63652783
59432369
66372538
66612031
59665992
62224138
62246494
67694068
57041813
60480133
65350555
62558566
62240330
60316238
65542251
63194693
67957722
63486356
64610619
60292963
68008266
58757735
63043943
65076004
60336895
67723127
69270839
65494778
59539986
63336912
63440346
63243873
64288780
62962821
66687616
63855102
66333918
61917612
62184596
64872205
61884490
64659783
62443685
66463350
60468489
61874175
64511374
61783331
65511526
62178969
65967169
61805242
63393757
59931287
